8,Web Developer,Mandy_Rothwell1612@hourpy.biz,Mandy Rothwell,2.47628032132471E8
9,Investment  Advisor,Carl_Tailor3825@deavo.com,Carl Tailor,1.63636242474959E8
10,HR Coordinator,Lucas_Williams2975@brety.org,Lucas Williams,4.84273966143017E8
11,Clerk,Marie_Robertson2415@extex.org,Marie Robertson,-5.16969513612217E7
12,Restaurant Manager,Hayden_Devonport5898@qater.org,Hayden Devonport,3.09640578052137E8
13,Call Center Representative,Chris_Grant455@nickia.com,Chris Grant,4.86881863349649E8
14,Call Center Representative,Evie_Burnley5281@iatim.tech,Evie Burnley,9.19580670308114E8
15,Lecturer,Stella_Russell8172@twace.org,Stella Russell,7.82012169881697E8
16,Staffing Consultant,Johnathan_Boden8383@liret.org,Johnathan Boden,7.70125539673524E8
17,Front Desk Coordinator,Melania_Lewin2450@brety.org,Melania Lewin,-8.04864255333497E8
18,Software Engineer,Logan_Higgs4866@naiker.biz,Logan Higgs,-7.78744640178967E8
19,Budget Analyst,Cedrick_Roberts8829@dionrab.com,Cedrick Roberts,-5.30318223536059E8
20,Production Painter,Analise_Hopkins9782@womeona.net,Analise Hopkins,2.25054176779458E7
21,Operator,Jack_Furnell6834@bretoux.com,Jack Furnell,-8.73860205286572E8
22,Cash Manager,Shelby_Morris5316@twipet.com,Shelby Morris,-2.09985968017748E8
23,Paramedic,Matt_Skinner3399@guentu.biz,Matt Skinner,5.80922581174708E8
24,Physician,Piper_Griffiths5135@grannar.com,Piper Griffiths,3.76400654302955E8
25,Auditor,Alexander_Turner3626@bungar.biz,Alexander Turner,-7.24876753101865E8
26,Designer,Camila_Walker2958@dionrab.com,Camila Walker,8.64512525455785E8
27,Associate Professor,Ethan_Terry5035@liret.org,Ethan Terry,-3.23847585130477E8
28,Investment  Advisor,Tyler_Pitt3981@joiniaa.com,Tyler Pitt,-6.0017480404557E8
29,IT Support Staff,Matt_Reid4582@bauros.biz,Matt Reid,2.39301895445686E8
30,Laboratory Technician,Remy_Truscott3937@gembat.biz,Remy Truscott,7.57798972043693E8
31,Audiologist,Jack_Adams3697@mafthy.com,Jack Adams,5.9881997191193E8
32,CNC Operator,Andrea_Campbell8766@bungar.biz,Andrea Campbell,65383.0779076396
33,Mobile Developer,Chuck_Wilcox581@bretoux.com,Chuck Wilcox,9.9500473645838E8
34,Machine Operator,Jacob_Penn4523@tonsy.org,Jacob Penn,-4.83829781556302E7
35,HR Specialist,Phillip_Miller9818@bungar.biz,Phillip Miller,1.69456382029026E8
36,Business Broker,Bart_Roberts1500@cispeto.com,Bart Roberts,1.37825286800188E8
37,Assistant Buyer,Ethan_Hobson2283@famism.biz,Ethan Hobson,9.71287230234296E8
38,CNC Operator,Ilona_Matthews2048@joiniaa.com,Ilona Matthews,-8.0791712607413E7
39,Insurance Broker,Anne_Wild2736@grannar.com,Anne Wild,-8.07983610944953E8
40,Banker,Abbey_Downing2647@cispeto.com,Abbey Downing,-3.83198868898074E8
41,Clerk,Lily_Bingham57@iatim.tech,Lily Bingham,2.32220007336648E8
42,Chef Manager,Aiden_Owen2764@ovock.tech,Aiden Owen,6.48474788247645E8
43,Software Engineer,Ronald_Wilton8027@deavo.com,Ronald Wilton,5.31811410690617E7
44,Laboratory Technician,Cedrick_Coates8791@yahoo.com,Cedrick Coates,9.39241394946304E8
45,Mobile Developer,Claire_Jeffery6548@deavo.com,Claire Jeffery,-2.26184496133436E8
46,Baker,Susan_Hunt559@deons.tech,Susan Hunt,5.57260492014655E8
47,Loan Officer,Daron_Cowan5056@bulaffy.com,Daron Cowan,-4.01856191547542E8
48,Executive Director,Marvin_Needham7306@ubusive.com,Marvin Needham,-8.52262960027149E7
49,Mobile Developer,Ada_Garcia4602@tonsy.org,Ada Garcia,1.85460696934099E8
50,Fabricator,Leroy_Woods8729@nickia.com,Leroy Woods,-9.73633988486237E8
51,Paramedic,Chester_Bishop7216@acrit.org,Chester Bishop,-1.1860111624134E8
52,Bellman,Rosie_Roth5677@cispeto.com,Rosie Roth,-7.28328280197876E8
53,Operator,Domenic_Payne7609@famism.biz,Domenic Payne,1.08785216928629E8
54,Baker,Nate_Judd6530@zorer.org,Nate Judd,1.58831238370981E8
55,Biologist,Adeline_Tanner1778@corti.com,Adeline Tanner,-4.48814175904556E8
56,Clerk,Peter_Richards6135@iatim.tech,Peter Richards,-2.67300386233438E8
57,IT Support Staff,Martha_Murray2836@cispeto.com,Martha Murray,5.05580299289938E8
58,Doctor,Martin_Devonport172@dionrab.com,Martin Devonport,-7.88778912626156E8
59,Retail Trainee,Parker_Sawyer9565@twipet.com,Parker Sawyer,2.48615832424489E8
60,Cash Manager,Domenic_Mason5740@twace.org,Domenic Mason,-3.69920316303329E8
61,Clerk,Jacob_Norman3759@grannar.com,Jacob Norman,-8.25235527827322E8
62,Investment  Advisor,Kassandra_Jarrett8660@bungar.biz,Kassandra Jarrett,-8.43421057960073E8
63,Business Broker,Chuck_York3480@elnee.tech,Chuck York,6.19892553713863E8
64,Dentist,Audrey_Saunders1096@gompie.com,Audrey Saunders,4.31723443200291E8
65,Banker,Noemi_Long6952@bulaffy.com,Noemi Long,9.95836406908216E8
66,Business Broker,Gil_Rose7571@nickia.com,Gil Rose,1.16821989631038E8
67,Front Desk Coordinator,Fred_Rixon1452@bulaffy.com,Fred Rixon,-3.02680441417931E8
68,Software Engineer,Chadwick_Rothwell665@sveldo.biz,Chadwick Rothwell,-8.73687984689437E8
69,Accountant,Estrella_Wooldridge5930@iatim.tech,Estrella Wooldridge,-3.10716352441461E8
70,Dentist,Jayden_Victor3641@sveldo.biz,Jayden Victor,9.13328234157127E8
71,Operator,Emerald_Yates8457@eirey.tech,Emerald Yates,-8.8985983099765E8
72,Insurance Broker,Ron_Yarlett5456@nimogy.biz,Ron Yarlett,6.83447912020329E8
73,Insurance Broker,Javier_Richards6402@iatim.tech,Javier Richards,-9.23961469416692E8
74,Restaurant Manager,Sabina_Lloyd6306@sveldo.biz,Sabina Lloyd,-5.64186231342024E8
75,Retail Trainee,Mike_Boden3376@bretoux.com,Mike Boden,-7.05205347064841E7
76,Bellman,Callie_Walton9614@bretoux.com,Callie Walton,-9.74245673592286E8
77,Investment  Advisor,Maxwell_Hunter9444@womeona.net,Maxwell Hunter,3.36271988896839E7
78,Designer,Boris_Phillips8799@extex.org,Boris Phillips,-2.56573920523841E8
79,Bellman,Ada_White9149@iatim.tech,Ada White,3.65522409735648E8
80,Paramedic,Chester_Neal2837@tonsy.org,Chester Neal,2.43595559703631E8
81,Inspector,Denis_Shepherd9190@vetan.org,Denis Shepherd,4.26805192177005E8
82,HR Coordinator,Luke_Saunders5718@sheye.org,Luke Saunders,-1.7301240670918E8
83,Paramedic,Daron_Tait9767@nickia.com,Daron Tait,-1.45980993911009E7
84,IT Support Staff,Anais_Lloyd3672@bulaffy.com,Anais Lloyd,2.12029072607542E8
85,Project Manager,Meredith_Ward1358@fuliss.net,Meredith Ward,1.14011206930306E8
86,Restaurant Manager,Owen_Chadwick2060@womeona.net,Owen Chadwick,-6.72363777492065E8
87,Paramedic,Adalie_Gordon8975@nickia.com,Adalie Gordon,4.53507095474301E8
88,Associate Professor,Kurt_Partridge2826@iatim.tech,Kurt Partridge,6.19485594780557E8
89,Treasurer,Harry_Randall2432@corti.com,Harry Randall,-6.89866833340606E8
90,Baker,Margaret_Calderwood246@irrepsy.com,Margaret Calderwood,-1.94210921948882E8
91,Treasurer,Chloe_Ingham9625@tonsy.org,Chloe Ingham,4.19737485881906E8
92,Pharmacist,Russel_Simpson2093@deons.tech,Russel Simpson,2.95477166665427E8
93,Paramedic,Boris_Antcliff9301@iatim.tech,Boris Antcliff,-4.7046690903461E8
94,Cash Manager,Penelope_Walsh378@bulaffy.com,Penelope Walsh,-1.0042322000601E8
95,Global Logistics Supervisor,Doris_Stuart203@bretoux.com,Doris Stuart,6.35843772096859E8
96,Assistant Buyer,Vanessa_Crawford332@eirey.tech,Vanessa Crawford,-9.97947257827334E7
97,CNC Operator,Peter_Saunders7358@fuliss.net,Peter Saunders,-7.58211125335695E8
98,Software Engineer,Bryce_Flynn853@tonsy.org,Bryce Flynn,6.882158714037E8
99,IT Support Staff,Ally_Ebbs9220@tonsy.org,Ally Ebbs,2.90440450035002E8
100,Call Center Representative,Joyce_Donovan4003@deons.tech,Joyce Donovan,8.64523992457545E8
101,HR Coordinator,Gladys_Milner4291@twipet.com,Gladys Milner,-4.83828913170418E8
102,Webmaster,Daniel_Rycroft5243@atink.com,Daniel Rycroft,-9.76798715086838E8
103,Stockbroker,Carrie_Purvis1891@extex.org,Carrie Purvis,-4.09657973457173E8
104,Audiologist,David_Lewis7013@bulaffy.com,David Lewis,-4.71956497532979E8
105,Accountant,Alexander_Martin3814@naiker.biz,Alexander Martin,9.4911062031863E8
106,Associate Professor,Denis_Redden2653@jiman.org,Denis Redden,2.12723899083362E7
107,Ambulatory Nurse,Nate_Saunders5159@gmail.com,Nate Saunders,-4.63119314144927E8
108,Investment  Advisor,Jules_Powell1891@nanoff.biz,Jules Powell,-7.4354939228489E8
109,Audiologist,Owen_Larsen3041@typill.biz,Owen Larsen,6.34337050895745E7
110,Associate Professor,Chadwick_Lunt1343@guentu.biz,Chadwick Lunt,-4.44920602948744E8
111,Web Developer,Elise_Richardson5599@nimogy.biz,Elise Richardson,9.02173059357837E8
112,CNC Operator,Oliver_Alldridge469@extex.org,Oliver Alldridge,-7.40841975954459E8
113,Laboratory Technician,Ethan_Tindall6316@bretoux.com,Ethan Tindall,2.0842403281238E8
114,Investment  Advisor,Jenna_Pope9992@bretoux.com,Jenna Pope,4.41663598712247E8
115,Electrician,Tyler_Nielson6886@typill.biz,Tyler Nielson,-6.89638154444201E8
116,Cash Manager,Charlize_Phillips2090@joiniaa.com,Charlize Phillips,-9.1465744613736E8
117,Accountant,Felicity_Chester7084@irrepsy.com,Felicity Chester,-1.60861631384522E8
118,Software Engineer,Alice_Dyson9596@nimogy.biz,Alice Dyson,-2.83052613255908E8
119,HR Coordinator,Marvin_Becker9286@twace.org,Marvin Becker,-2.86309266707472E8
120,Production Painter,Jaylene_Keys1794@twipet.com,Jaylene Keys,2.06835449447686E8
121,Service Supervisor,Leah_Button4723@deavo.com,Leah Button,-9.92558567478994E8
122,Audiologist,Lucas_Rust3612@qater.org,Lucas Rust,1.92015754812976E8
123,Ambulatory Nurse,Makenzie_Hope2697@nickia.com,Makenzie Hope,8.67868766982733E8
124,Budget Analyst,Gabriel_Drake1419@dionrab.com,Gabriel Drake,-1.27815641690957E8
125,HR Specialist,Dasha_Dowson5380@nickia.com,Dasha Dowson,-4.56464144456807E8
126,Biologist,David_Edwards7370@ubusive.com,David Edwards,8.62556729126536E8
127,Webmaster,Lillian_Whinter2250@twipet.com,Lillian Whinter,-6.4406318946543E8
128,Restaurant Manager,Samantha_Foxley6951@bulaffy.com,Samantha Foxley,-2.418180268133E8
129,Steward,Chuck_Gilmore7596@cispeto.com,Chuck Gilmore,-4.50109756747091E8
130,Webmaster,Hazel_Edley5773@kideod.biz,Hazel Edley,-5.08813478366063E8
131,HR Coordinator,Leilani_Chapman6632@muall.tech,Leilani Chapman,-8.31867073231577E8
132,Budget Analyst,Javier_Gavin9569@acrit.org,Javier Gavin,6.96051941977961E8
133,Auditor,Ruby_Stanley3534@gompie.com,Ruby Stanley,-2.66417491481223E8
134,Restaurant Manager,Carmella_Hunter8601@womeona.net,Carmella Hunter,9.14420670483522E8
135,Steward,Joyce_Rigg8384@bauros.biz,Joyce Rigg,4.67349533580209E7
136,Retail Trainee,Caleb_Watson3373@bulaffy.com,Caleb Watson,-4.08250323231036E8
137,Audiologist,Luke_Wilde9670@mafthy.com,Luke Wilde,-4.38872718957136E8
138,Budget Analyst,Taylor_Robertson9797@gmail.com,Taylor Robertson,8.16406047301841E8
139,Electrician,Alice_Ballard497@famism.biz,Alice Ballard,-7.21033832503282E8
140,Laboratory Technician,Margaret_Jordan521@nanoff.biz,Margaret Jordan,-6.37056680669672E8
141,HR Coordinator,Bart_Goodman1165@twipet.com,Bart Goodman,3.26675603188353E7
142,Investment  Advisor,Brad_Emmott3384@yahoo.com,Brad Emmott,-2.43660830367386E8
143,Doctor,Cameron_Lewin4448@elnee.tech,Cameron Lewin,4.3870541761676E8
144,Auditor,John_Lambert9600@twace.org,John Lambert,9.81596621367081E8
145,Dentist,Margaret_Price3317@corti.com,Margaret Price,-6.29354160694822E8
146,Fabricator,Gil_Ellis7835@qater.org,Gil Ellis,-6.83433085629184E8
147,HR Specialist,Manuel_Sloan5599@womeona.net,Manuel Sloan,7.70963310439279E8
148,Chef Manager,Savannah_Watson224@nickia.com,Savannah Watson,-2.82645379327036E8
149,HR Coordinator,Daniel_Dunbar3813@twipet.com,Daniel Dunbar,-3.9814176919981E8
150,Cash Manager,Melinda_Thorpe3598@bungar.biz,Melinda Thorpe,6.66392761454723E8
151,Auditor,Savannah_Brock2820@nanoff.biz,Savannah Brock,6.14165607847913E8
152,Web Developer,Noah_Cartwright3955@extex.org,Noah Cartwright,-4.34271560507424E8
153,Ambulatory Nurse,Amelia_Doherty9426@guentu.biz,Amelia Doherty,9.78905347446461E8
154,Pharmacist,Kurt_Newton316@gompie.com,Kurt Newton,-8.41032358747995E8
155,Call Center Representative,Hope_Alldridge5705@joiniaa.com,Hope Alldridge,-2.18095993894513E8
156,Pharmacist,Leilani_Poulton3971@supunk.biz,Leilani Poulton,-1.90717565944961E8
157,HR Specialist,Maya_Exton4040@ovock.tech,Maya Exton,2.40665968614556E7
158,Software Engineer,Elisabeth_Tennant3709@grannar.com,Elisabeth Tennant,6.32807046611251E8
159,Call Center Representative,Nicholas_Bowen5361@nanoff.biz,Nicholas Bowen,8.43945432373236E8
160,Chef Manager,Kurt_Faulkner8192@typill.biz,Kurt Faulkner,-9.01247784689365E8
161,Global Logistics Supervisor,Sebastian_Rodgers484@sveldo.biz,Sebastian Rodgers,6.96001380643246E8
162,Lecturer,Dorothy_Camden1574@atink.com,Dorothy Camden,4.69042180547095E8
163,IT Support Staff,Gil_Bowen819@muall.tech,Gil Bowen,3.78299578539733E7
164,Restaurant Manager,Stella_Saunders1583@iatim.tech,Stella Saunders,-9.15667145895996E8
165,Banker,Logan_Chapman2997@naiker.biz,Logan Chapman,1.25774135008133E8
166,Electrician,Rick_Shea9520@fuliss.net,Rick Shea,-5.6830104715808E8
167,Associate Professor,Martin_Murray7459@bretoux.com,Martin Murray,-5.42515451010079E8
168,Ambulatory Nurse,Carolyn_Underhill1458@zorer.org,Carolyn Underhill,-3.00908704988562E7
169,Business Broker,Nicholas_Booth5736@deons.tech,Nicholas Booth,-5.05294802537426E8
170,Pharmacist,Tom_Fulton420@gompie.com,Tom Fulton,8.03667669072713E8
171,Laboratory Technician,Daron_Tutton31@nimogy.biz,Daron Tutton,-2.83909082695866E8
172,Lecturer,Luke_Holmes8325@nickia.com,Luke Holmes,7.24784834938081E8
173,Business Broker,Lucas_Broomfield6944@extex.org,Lucas Broomfield,-4.63461721415537E8
174,Designer,Alice_Rixon3528@typill.biz,Alice Rixon,8.96019220648964E8
175,Paramedic,Louise_Chadwick5608@gompie.com,Louise Chadwick,-3891355.1435386
176,HR Specialist,Clint_Clark6814@ubusive.com,Clint Clark,2.59876426230232E8
177,HR Specialist,Vanessa_Kelly1603@famism.biz,Vanessa Kelly,-2.43472777055342E8
178,Machine Operator,Lindsay_Whatson2320@nickia.com,Lindsay Whatson,9.02543811891609E8
179,Bookkeeper,Luke_Lunt7186@qater.org,Luke Lunt,-2.45626141385684E8
180,Budget Analyst,Margot_Stevens4837@twipet.com,Margot Stevens,8.05965230657176E8
181,Doctor,Martha_Vince5898@fuliss.net,Martha Vince,-2.26659255651779E7
182,HR Specialist,Javier_Lambert6530@nickia.com,Javier Lambert,2.48958170081823E8
183,Biologist,Dalia_Jefferson9215@nickia.com,Dalia Jefferson,2.31318803502307E7
184,Production Painter,Ciara_Cadman9559@nimogy.biz,Ciara Cadman,-7.82463244344165E7
185,Investment  Advisor,Sloane_Harris1645@vetan.org,Sloane Harris,-3.96478069371122E8
186,CNC Operator,Russel_Notman6754@womeona.net,Russel Notman,9.22503854951859E8
187,Bellman,Martin_Reid9603@extex.org,Martin Reid,4.71025544860766E8
188,Restaurant Manager,Hanna_Cassidy7046@zorer.org,Hanna Cassidy,-4.25286981892643E7
189,Lecturer,Gabriel_Warner3658@vetan.org,Gabriel Warner,8.34753693447557E8
190,Assistant Buyer,Adina_Sawyer2263@typill.biz,Adina Sawyer,3.49406654099307E8
191,Front Desk Coordinator,Cynthia_Sawyer595@mafthy.com,Cynthia Sawyer,2.10307731823582E8
192,Audiologist,Mark_Baker8979@ubusive.com,Mark Baker,8.48461771400711E8
193,Call Center Representative,Javier_Webster5037@gompie.com,Javier Webster,1.72088779309899E8
194,Web Developer,Adeline_Brennan3585@naiker.biz,Adeline Brennan,2.69008958912639E8
195,Production Painter,Anais_Vince1975@womeona.net,Anais Vince,5.02448871949123E8
196,Retail Trainee,Candace_Kelly3222@bulaffy.com,Candace Kelly,9.89849769939137E7
197,Doctor,Ivette_Walker6352@mafthy.com,Ivette Walker,1.91094795082756E8
198,Baker,Judith_Rose523@acrit.org,Judith Rose,-6.98269632719258E7
199,Baker,Bob_Cann9986@mafthy.com,Bob Cann,-5.93556092035694E8
200,Retail Trainee,Roger_Redfern7008@muall.tech,Roger Redfern,9.75357950196023E8
201,Budget Analyst,Claire_Campbell3624@famism.biz,Claire Campbell,-4.45346568122735E8
202,Associate Professor,Carrie_Savage7010@zorer.org,Carrie Savage,7.93804829648823E8
203,Fabricator,Carl_Stubbs3667@jiman.org,Carl Stubbs,9.9039407619489E8
204,Physician,Johnathan_Tate5179@twipet.com,Johnathan Tate,-2.36340312880187E8
205,Call Center Representative,Sebastian_Young8633@ubusive.com,Sebastian Young,-2.68763637246662E8
206,Software Engineer,John_Stone162@gmail.com,John Stone,-4.73621623986566E8
207,Chef Manager,Diane_Mcneill5289@famism.biz,Diane Mcneill,6.58604237372025E8
208,Cash Manager,Margot_Hood3515@qater.org,Margot Hood,-2.81475888282461E8
209,Audiologist,Chad_Wren6343@supunk.biz,Chad Wren,5.70707575403046E8
210,Baker,Susan_Haines9905@liret.org,Susan Haines,-6.42588829349893E8
211,Executive Director,David_Spencer7410@hourpy.biz,David Spencer,1.81747750337081E8
212,Paramedic,Adalie_Saunders2389@irrepsy.com,Adalie Saunders,-1.96386037753062E8
213,Budget Analyst,Cedrick_Purvis9373@gembat.biz,Cedrick Purvis,-2.41864983076985E8
214,Restaurant Manager,Mike_Reynolds2121@twace.org,Mike Reynolds,-2.37226619683569E8
215,Audiologist,Julius_Jackson7570@jiman.org,Julius Jackson,9.52797704040716E8
216,Business Broker,Maia_Matthews4508@gembat.biz,Maia Matthews,-6.71708626699244E8
217,Lecturer,Taylor_Ellwood3451@vetan.org,Taylor Ellwood,4.25400693002008E8
218,Designer,Jack_Roman333@elnee.tech,Jack Roman,-7.50033544308989E8
219,Biologist,Nick_Neville7877@brety.org,Nick Neville,-2.0418835972783E7
220,Service Supervisor,Winnie_Waterhouse9600@vetan.org,Winnie Waterhouse,-5.55997495625527E7
221,Staffing Consultant,Hank_Parker7163@ovock.tech,Hank Parker,9.42546173500257E8
222,Executive Director,Tara_Bailey8343@supunk.biz,Tara Bailey,-9.85042134581087E8
223,Budget Analyst,Katelyn_Calderwood7421@gmail.com,Katelyn Calderwood,2.59443422386765E7
224,Baker,Jane_Knight8934@zorer.org,Jane Knight,-9.1620515530944E8
225,HR Specialist,Harry_Simpson2541@cispeto.com,Harry Simpson,9.4927671054288E8
226,CNC Operator,Alison_Gilmour3703@bulaffy.com,Alison Gilmour,-6.14490307811134E8
227,Cash Manager,Manuel_Woodley3366@muall.tech,Manuel Woodley,3.90470841615351E8
228,Banker,Amelia_Yoman863@irrepsy.com,Amelia Yoman,2.13483969857406E8
229,Electrician,Liam_Wilcox7909@irrepsy.com,Liam Wilcox,-6.70320750522828E8
230,Global Logistics Supervisor,Gwenyth_Stone3204@joiniaa.com,Gwenyth Stone,7.36783531188417E8
231,Electrician,Owen_Evans235@iatim.tech,Owen Evans,-2.9201801094457E8
232,CNC Operator,Ryan_Plumb9763@iatim.tech,Ryan Plumb,-8.68155418224501E7
233,Web Developer,Nick_Bayliss362@acrit.org,Nick Bayliss,-2.04220822614576E8
234,Baker,Belinda_Varley4851@bulaffy.com,Belinda Varley,-4.10141383435082E8
235,Design Engineer,Kenzie_Gordon8344@fuliss.net,Kenzie Gordon,6.67848670006006E8
236,Stockbroker,Kassandra_Potts8875@qater.org,Kassandra Potts,1437067.94194919
237,Food Technologist,Makena_King9457@nanoff.biz,Makena King,-6.95564539173668E8
238,Investment  Advisor,Juliette_Stanley8082@bauros.biz,Juliette Stanley,1.4055196938636E8
239,HR Specialist,Alan_Lakey4858@famism.biz,Alan Lakey,-3.13942759649163E8
240,IT Support Staff,Jacob_Durrant8331@mafthy.com,Jacob Durrant,-4437830.72297425
241,HR Coordinator,Anais_Owen5048@nanoff.biz,Anais Owen,2.38071206904014E8
242,Accountant,Marvin_Robinson5431@tonsy.org,Marvin Robinson,-6.04678316432905E8
243,Fabricator,Carl_Lane6187@zorer.org,Carl Lane,-8.78743157622244E7
244,Pharmacist,Abdul_Vaughan7926@bungar.biz,Abdul Vaughan,9.86256724682385E8
245,Web Developer,Abdul_Ward4276@dionrab.com,Abdul Ward,7.63079842516819E8
246,Accountant,Russel_Morris8954@sheye.org,Russel Morris,6.1526445917381E8
247,Treasurer,Maggie_Knight4688@vetan.org,Maggie Knight,3.16575118016682E8
248,Steward,Manuel_Long4092@twace.org,Manuel Long,-7.77436550750384E8
249,IT Support Staff,Norah_Gilmore4207@jiman.org,Norah Gilmore,-7.2108298682405E8
250,Production Painter,Rowan_Cann4051@twipet.com,Rowan Cann,-3.15422024124087E8
251,Lecturer,Peyton_Mcgee9653@bretoux.com,Peyton Mcgee,-5.72835343856287E8
252,Insurance Broker,Shannon_Tobin2188@kideod.biz,Shannon Tobin,-7.8474527774073E8
253,Retail Trainee,Rocco_Hobbs9556@kideod.biz,Rocco Hobbs,5.0613667198452E8
254,Systems Administrator,Ivette_Radcliffe1281@gmail.com,Ivette Radcliffe,2.23171250134059E8
255,CNC Operator,Hank_Calderwood8998@twace.org,Hank Calderwood,-4.31743944968354E8
256,Electrician,Rocco_Lane7806@naiker.biz,Rocco Lane,9.14221897817722E8
257,Doctor,Valentina_Clifford4660@bulaffy.com,Valentina Clifford,8.40309892803116E8
258,Associate Professor,Janice_Miller8659@acrit.org,Janice Miller,-9.68804836840223E8
259,Front Desk Coordinator,Andrea_Crawley2571@twipet.com,Andrea Crawley,-2.81234173909585E8
260,Systems Administrator,Hank_Cann6302@deons.tech,Hank Cann,-5.92347245126502E8
261,Production Painter,Melody_Warren3040@joiniaa.com,Melody Warren,3.36017436835158E8
262,Baker,Thea_Funnell8200@sveldo.biz,Thea Funnell,-6.68656881100033E8
263,Software Engineer,Maya_Lynn2013@deavo.com,Maya Lynn,1.21213187209977E8
264,CNC Operator,Katelyn_Jackson7243@iatim.tech,Katelyn Jackson,-6.54283018248731E8
265,Audiologist,Bryon_Ebden9799@sveldo.biz,Bryon Ebden,7.11535896727057E8
266,Insurance Broker,Macy_Rose2997@deavo.com,Macy Rose,-4.59368564189943E8
267,Cash Manager,Goldie_Morrison5535@naiker.biz,Goldie Morrison,3.44395085120176E8
268,Restaurant Manager,Ember_Middleton1354@extex.org,Ember Middleton,-7.78465017575769E8
269,Associate Professor,Rick_Ranks7756@bulaffy.com,Rick Ranks,8.39897847534836E8
270,Treasurer,Julian_Hogg5322@nimogy.biz,Julian Hogg,8.20503443166588E8
271,Physician,William_Hogg9996@gembat.biz,William Hogg,-6.04575545741279E8
272,Retail Trainee,Maxwell_Calderwood929@womeona.net,Maxwell Calderwood,1.83262340692415E8
273,Insurance Broker,Carmella_Mcguire923@guentu.biz,Carmella Mcguire,-9.31336703284418E8
274,Steward,Chester_Osman539@liret.org,Chester Osman,1.75782050371624E8
275,Service Supervisor,Benjamin_Jackson9624@nickia.com,Benjamin Jackson,-1.50944005998189E8
276,Front Desk Coordinator,Chloe_Pearson7225@deons.tech,Chloe Pearson,-1.16120850720645E8
277,Project Manager,Hayden_Larkin159@qater.org,Hayden Larkin,-8.51416865180113E8
278,Accountant,Leilani_Rowan471@kideod.biz,Leilani Rowan,-5.90365220468727E8
279,Stockbroker,Ryan_Willson9072@bungar.biz,Ryan Willson,4.59699731980023E8
280,Software Engineer,Ember_Selby2665@irrepsy.com,Ember Selby,9.8597425126611E8
281,Paramedic,Kaylee_Moore4443@typill.biz,Kaylee Moore,-2.88410750597396E8
282,Treasurer,Alan_Matthews5960@womeona.net,Alan Matthews,9.09468878590525E8
283,Steward,Eduardo_Rowan5256@gembat.biz,Eduardo Rowan,-2.55866361711997E8
284,Treasurer,Jack_Stone 8189@ubusive.com,Jack Stone,1.06742460958156E8
285,Treasurer,Sebastian_Khan9075@tonsy.org,Sebastian Khan,-8.26099818186956E8
286,Designer,Chad_Barrett6875@deons.tech,Chad Barrett,-2.32009856188673E8
287,Audiologist,Maribel_Lowe5428@deons.tech,Maribel Lowe,4.80858239448794E8
288,Investment  Advisor,Fred_Chapman3770@fuliss.net,Fred Chapman,1.67279250448699E8
289,Healthcare Specialist,Nicholas_Whinter2794@naiker.biz,Nicholas Whinter,3.65721543961613E8
290,Laboratory Technician,Jack_Murray7587@jiman.org,Jack Murray,2.00751194218249E8
291,Biologist,Martin_Penn7467@gmail.com,Martin Penn,-1.69462939764097E8
292,Systems Administrator,Phillip_Lewin4770@kideod.biz,Phillip Lewin,-1.2804603254041E8
293,HR Specialist,Manuel_Goodman7754@mafthy.com,Manuel Goodman,6.38164629245596E7
294,Biologist,Shay_Overson6578@supunk.biz,Shay Overson,3.80068981241623E8
295,Staffing Consultant,Dorothy_Osman3692@gembat.biz,Dorothy Osman,4.03737261872349E8
296,Dentist,Fred_Woodcock1275@yahoo.com,Fred Woodcock,-3.09232324493331E7
297,CNC Operator,Abdul_Oakley4077@tonsy.org,Abdul Oakley,-1.14495047172482E8
298,Assistant Buyer,Mary_Carter1993@extex.org,Mary Carter,1.55970268683406E8
299,Chef Manager,Ronald_Saunders2395@nimogy.biz,Ronald Saunders,-8.19349515614325E8
300,Food Technologist,Angelica_Ramsey8781@famism.biz,Angelica Ramsey,5.94073700726884E8
301,Biologist,Matthew_Wright6163@bungar.biz,Matthew Wright,6.67802941460781E8
302,Ambulatory Nurse,Phillip_Lewin5718@mafthy.com,Phillip Lewin,3.46162903871192E8
303,Project Manager,Mina_Connor214@corti.com,Mina Connor,-3.77576453002883E8
304,Baker,Russel_Lynn6422@bauros.biz,Russel Lynn,8.98606331046881E8
305,Auditor,Ellen_Bryant2494@guentu.biz,Ellen Bryant,-8.65955609826504E8
306,Mobile Developer,Eduardo_Cavanagh299@elnee.tech,Eduardo Cavanagh,6.27674439716111E8
307,Electrician,Valerie_Dempsey6690@deons.tech,Valerie Dempsey,4.11129291643305E8
308,Global Logistics Supervisor,Eve_Farrant4723@joiniaa.com,Eve Farrant,6.3696473230508E8
309,Production Painter,Mandy_Lane6062@deons.tech,Mandy Lane,2.43510745604232E8
310,Retail Trainee,Carl_Connell5643@kideod.biz,Carl Connell,9.34545526450709E8
311,Global Logistics Supervisor,David_Horton5451@sveldo.biz,David Horton,-2.44460105171971E8
312,Accountant,Jessica_Mccormick964@hourpy.biz,Jessica Mccormick,4.02382908172191E8
313,Biologist,Tyson_Lynn6930@atink.com,Tyson Lynn,-7.80324978786534E8
314,Lecturer,Isabella_Ellison9625@liret.org,Isabella Ellison,-8.42027866141457E8
315,Design Engineer,Marla_Parker3031@qater.org,Marla Parker,5.19773631328397E8
316,Auditor,Elise_Adams8399@sveldo.biz,Elise Adams,1.56823701345789E7
317,Inspector,Joseph_Archer351@grannar.com,Joseph Archer,5.15330980424889E8
318,HR Coordinator,Marina_Shea2316@bulaffy.com,Marina Shea,7.3079135096799E8
319,Health Educator,Jenna_Bowen1695@infotech44.tech,Jenna Bowen,7.38175723873078E8
320,Steward,Celina_Lucas6714@hourpy.biz,Celina Lucas,-2.53021364061802E8
321,Global Logistics Supervisor,Anthony_Benson4778@atink.com,Anthony Benson,6.46874159230944E8
322,Associate Professor,Charlotte_Hill9422@typill.biz,Charlotte Hill,-8.06393666682849E8
323,Webmaster,Matt_Hogg3890@bauros.biz,Matt Hogg,9.30274323531751E8
324,Paramedic,Gil_Widdows3563@infotech44.tech,Gil Widdows,5.06886368797016E8
325,CNC Operator,Hayden_Roberts9539@qater.org,Hayden Roberts,-1.9806557890951E7
326,Staffing Consultant,Cara_Kelly8769@irrepsy.com,Cara Kelly,8.61463298060741E8
327,Paramedic,Jules_Mcnally8172@bungar.biz,Jules Mcnally,9.83745023278556E7
328,Chef Manager,Jade_Fenton814@guentu.biz,Jade Fenton,7.49330586612786E8
329,Cash Manager,Josh_Cobb9464@vetan.org,Josh Cobb,-2.73857950808279E8
330,Auditor,Kimberly_Underhill6008@yahoo.com,Kimberly Underhill,3.09540131622279E8
331,HR Specialist,Tom_Ogilvy2444@mafthy.com,Tom Ogilvy,9.59457018587676E8
332,Mobile Developer,Fred_Walsh9295@guentu.biz,Fred Walsh,-9.44577763303216E8
333,Mobile Developer,Chad_Morgan5759@infotech44.tech,Chad Morgan,-7.71661586609886E8
334,Mobile Developer,Chester_Holmes727@muall.tech,Chester Holmes,4.53981924740014E8
335,Cashier,Caitlyn_Allington9332@supunk.biz,Caitlyn Allington,-2.63289253100972E8
336,Cash Manager,Angelica_Fulton8888@hourpy.biz,Angelica Fulton,-4.7586095487521E8
337,Restaurant Manager,John_Cox5907@dionrab.com,John Cox,-9.07341717013737E8
338,Budget Analyst,Chuck_Graham4350@dionrab.com,Chuck Graham,3.01033257661836E7
339,CNC Operator,Joseph_Kelly2369@ovock.tech,Joseph Kelly,5.26984254230959E8
340,Mobile Developer,Jessica_Skinner4140@deavo.com,Jessica Skinner,2292623.67268869
341,Bellman,Lynn_Holmes3870@nickia.com,Lynn Holmes,-7.01489200302792E8
342,Electrician,Celina_Lindop4175@nickia.com,Celina Lindop,-7.19381677540891E7
343,Bookkeeper,Oliver_Jefferson844@iatim.tech,Oliver Jefferson,7.75878202933257E8
344,Project Manager,Liam_Watson8159@sheye.org,Liam Watson,1.44555877185876E8
345,Cashier,Havana_Hill481@vetan.org,Havana Hill,-2.41616696863503E8
346,Pharmacist,Chadwick_Purvis7594@supunk.biz,Chadwick Purvis,6.26928087512124E8
347,HR Specialist,Aiden_Noon998@mafthy.com,Aiden Noon,1.7668081764303E8
348,Steward,Emely_Watt7937@sveldo.biz,Emely Watt,7.62442243489115E8
349,HR Specialist,Jaylene_Dwyer2411@famism.biz,Jaylene Dwyer,-6.04393650824548E8
350,IT Support Staff,Roger_Upton2675@bretoux.com,Roger Upton,-6.52500825985961E8
351,Front Desk Coordinator,Doug_Graham2730@bungar.biz,Doug Graham,-8.277402165325E8
352,Bookkeeper,Alessandra_Wilkinson1012@yahoo.com,Alessandra Wilkinson,-3.14556595276586E8
353,Paramedic,Audrey_Stone674@nimogy.biz,Audrey Stone,-4.57915901974898E8
354,Accountant,Sonya_Olivier5031@grannar.com,Sonya Olivier,-2.49025950178817E8
355,Staffing Consultant,Kendra_Shields1394@dionrab.com,Kendra Shields,-5.67797831844318E8
356,Service Supervisor,Lorraine_Thompson7872@eirey.tech,Lorraine Thompson,-8.51398385629852E8
357,Front Desk Coordinator,Manuel_Villiger8424@joiniaa.com,Manuel Villiger,8.93259205528601E8
358,Banker,Aleksandra_Brock7068@kideod.biz,Aleksandra Brock,9.28747195153185E8
359,Audiologist,William_Cadman9088@bulaffy.com,William Cadman,1.68067329094854E8
360,Accountant,Alexander_Mullins2932@typill.biz,Alexander Mullins,-5.24341118424603E8
361,Service Supervisor,Rufus_Fall7048@extex.org,Rufus Fall,9.57358370499437E8
362,Lecturer,Bryon_Patel941@jiman.org,Bryon Patel,-1.02437314535235E8
363,Investment  Advisor,Tyler_White2017@irrepsy.com,Tyler White,-7.75262897909271E7
364,Insurance Broker,Mya_Malone5801@brety.org,Mya Malone,-5.29195881716184E8
365,Health Educator,Danny_Thatcher9435@hourpy.biz,Danny Thatcher,-1.03499192581861E8
366,Mobile Developer,Gil_Flett5816@supunk.biz,Gil Flett,-9.98345316599518E8
367,Baker,Aisha_Vaughn7564@guentu.biz,Aisha Vaughn,-2.52670063219842E8
368,Cashier,Chadwick_Emmett2627@kideod.biz,Chadwick Emmett,8.38445123813827E8
369,Project Manager,Martha_Stewart5551@vetan.org,Martha Stewart,4.21535640648578E7
370,Call Center Representative,Liam_Newman4019@atink.com,Liam Newman,2.54786481394102E8
371,Accountant,Ilona_Eagle4049@tonsy.org,Ilona Eagle,5.46580808032153E7
372,Loan Officer,Leanne_Griffiths4601@cispeto.com,Leanne Griffiths,-6.89095212986969E8
373,Associate Professor,Anthony_Summers8850@bretoux.com,Anthony Summers,6.90666991267249E8
374,Investment  Advisor,Lexi_Carpenter276@deavo.com,Lexi Carpenter,-2.43525349745467E8
375,CNC Operator,Alexia_Sawyer8040@deavo.com,Alexia Sawyer,-1.82263460834468E8
376,Executive Director,Owen_Welsch1593@zorer.org,Owen Welsch,2.09371545299334E8
377,Service Supervisor,Bart_Bryson1893@deons.tech,Bart Bryson,1.7883011442075E7
378,Ambulatory Nurse,Florence_Johnson9524@joiniaa.com,Florence Johnson,5.51396523324582E8
379,Web Developer,Chuck_Roberts3167@gembat.biz,Chuck Roberts,-5.82223983091539E8
380,Systems Administrator,Matt_Cunningham6690@gembat.biz,Matt Cunningham,-7.84025667025545E8
381,Banker,Margaret_Varndell6704@liret.org,Margaret Varndell,-8.69423301422195E8
382,Global Logistics Supervisor,Russel_Tate3571@jiman.org,Russel Tate,-5.74082664885237E8
383,Accountant,Miley_Beal9068@sveldo.biz,Miley Beal,9.6531938326391E8
384,Laboratory Technician,Nicholas_Gibson846@bretoux.com,Nicholas Gibson,5.45907566261146E8
385,Baker,Jamie_Jacobs7679@vetan.org,Jamie Jacobs,3.08261514323433E8
386,Ambulatory Nurse,William_Speed7574@naiker.biz,William Speed,1.02691399574897E8
387,HR Coordinator,Alessandra_Devonport1395@twace.org,Alessandra Devonport,-8.6498205345629E8
388,Baker,Marjorie_Andersson9142@nickia.com,Marjorie Andersson,-1.36049678592374E7
389,Web Developer,Bridget_Cassidy7799@gembat.biz,Bridget Cassidy,-3.06476880686009E8
390,Insurance Broker,Denis_Lomax824@joiniaa.com,Denis Lomax,1.28988828594793E7
391,Global Logistics Supervisor,Harvey_Nicholls495@elnee.tech,Harvey Nicholls,-7.56745722862104E8
392,Banker,Alison_Warner847@sveldo.biz,Alison Warner,-1.817060665427E8
393,HR Coordinator,Trisha_Pearson6461@gompie.com,Trisha Pearson,5.89798737377047E8
394,Inspector,Ron_Ranks2939@grannar.com,Ron Ranks,-7.73859534520162E7
395,Software Engineer,Anthony_Lowe8476@bretoux.com,Anthony Lowe,-8.17415797455614E8
396,HR Specialist,Marla_Coll1479@ovock.tech,Marla Coll,-5.41445584447554E8
397,Ambulatory Nurse,Rick_Harrison8091@ovock.tech,Rick Harrison,-5.73473279993303E8
398,Audiologist,Owen_Flack7498@brety.org,Owen Flack,6.87890903759648E8
399,Webmaster,Caleb_Woods1604@liret.org,Caleb Woods,2.1915868059542E8
400,Pharmacist,Claire_Lakey9112@ovock.tech,Claire Lakey,-5.41627187405175E8
401,Laboratory Technician,William_Cartwright9388@jiman.org,William Cartwright,4.77611050921461E8
402,Banker,Alan_Robinson6641@extex.org,Alan Robinson,5.89002497339856E8
403,Auditor,Denny_Matthews4302@typill.biz,Denny Matthews,-2.15940863885921E8
404,Bellman,Molly_Yates4651@gompie.com,Molly Yates,-8.09245431015194E8
405,Project Manager,Sabina_Fleming6978@bungar.biz,Sabina Fleming,6.41352956211553E8
406,Production Painter,Chuck_Moss9957@gembat.biz,Chuck Moss,8.625385538014E8
407,Fabricator,Peter_Harris5999@mafthy.com,Peter Harris,-6.70746034079639E8
408,Loan Officer,Lucy_Foxley8761@extex.org,Lucy Foxley,-8.72664311238431E7
409,Investment  Advisor,Celina_Gosling6305@nanoff.biz,Celina Gosling,2.83990059223827E8
410,Fabricator,Liam_Ring8314@tonsy.org,Liam Ring,-7.63511494426608E8
411,Lecturer,Aiden_Jackson924@deons.tech,Aiden Jackson,-2.30254040373387E8
412,Audiologist,Cedrick_Larkin8086@bulaffy.com,Cedrick Larkin,-3.29403930219684E8
413,Steward,Denny_Dixon127@bretoux.com,Denny Dixon,-6.58361940907026E8
414,Investment  Advisor,Carter_Yang7109@ubusive.com,Carter Yang,-8.22255298448449E8
415,Budget Analyst,Alexander_Emmott4960@twace.org,Alexander Emmott,5.67543361766142E8
416,Budget Analyst,Boris_Butler2765@zorer.org,Boris Butler,-1.6967441481757E8
417,Steward,Cynthia_Roscoe8239@gmail.com,Cynthia Roscoe,1.21460415775377E8
418,Ambulatory Nurse,Rocco_Booth1636@bungar.biz,Rocco Booth,8.31242639543804E8
419,Design Engineer,Stella_Hudson686@famism.biz,Stella Hudson,-4.31433941987679E8
420,Lecturer,Bree_Weatcroft5740@extex.org,Bree Weatcroft,6.32924794631333E8
421,Global Logistics Supervisor,Owen_Myatt6550@acrit.org,Owen Myatt,4.55003414433381E8
422,Pharmacist,Violet_Steer3115@ovock.tech,Violet Steer,2.051639069356E8
423,Web Developer,Rocco_Walker9028@nanoff.biz,Rocco Walker,-7.72200162240412E8
424,Electrician,Chelsea_Farrant4945@sveldo.biz,Chelsea Farrant,-5.97471164566175E8
425,Web Developer,Kieth_Lynn2863@bretoux.com,Kieth Lynn,7.77499126001907E8
426,Cook,Harmony_Jacobs1868@tonsy.org,Harmony Jacobs,4.01654914367392E8
427,Banker,Kurt_Franks1610@guentu.biz,Kurt Franks,4.56759793679001E8
428,HR Coordinator,Erick_Parker9376@corti.com,Erick Parker,8.77719724881386E8
429,Chef Manager,Cassidy_Carpenter9517@tonsy.org,Cassidy Carpenter,2.98617693349441E8
430,Stockbroker,Johnny_Shepherd9030@sveldo.biz,Johnny Shepherd,1.45647498625614E8
431,Pharmacist,Sebastian_Cameron3152@hourpy.biz,Sebastian Cameron,-4.54216005300255E8
432,Cashier,Kurt_Bentley4957@bulaffy.com,Kurt Bentley,-8.71745532880629E8
433,Baker,Cara_Stone6676@mafthy.com,Cara Stone,-1.68905756192672E8
434,Audiologist,Leilani_Yoman5593@acrit.org,Leilani Yoman,5.51759061525811E8
435,Designer,Payton_Reyes2493@supunk.biz,Payton Reyes,1.32278561033945E8
436,Stockbroker,Evelynn_Chapman3872@eirey.tech,Evelynn Chapman,7.07403040402565E8
437,Retail Trainee,Stephanie_Walsh9459@typill.biz,Stephanie Walsh,9.15826737388405E8
438,Audiologist,Harmony_Addis7476@bungar.biz,Harmony Addis,-7.19329776895699E8
439,Healthcare Specialist,Roger_Quinn8860@nanoff.biz,Roger Quinn,7.40108925206348E8
440,Laboratory Technician,Trisha_Hunt9220@naiker.biz,Trisha Hunt,-1.59867094953687E8
441,Electrician,Madelyn_Cox5819@eirey.tech,Madelyn Cox,1.59552491495653E8
442,Biologist,Leroy_Moore1302@nimogy.biz,Leroy Moore,-4.27442420778913E8
443,Budget Analyst,Maddison_Carter1577@womeona.net,Maddison Carter,3.28056645828757E7
444,Clerk,Winnie_Harper2166@sveldo.biz,Winnie Harper,-6.7408413145028E7
445,Retail Trainee,Quinn_Pierce3592@naiker.biz,Quinn Pierce,4.47252652905754E7
446,Lecturer,Barney_Page 9252@famism.biz,Barney Page,-8.47693941888236E8
447,Baker,Doris_Mcgregor6855@bretoux.com,Doris Mcgregor,7.77289252058133E8
448,Food Technologist,Lynn_Raven5354@bauros.biz,Lynn Raven,-4.41815277887509E8
449,Ambulatory Nurse,Kurt_Preston4275@gembat.biz,Kurt Preston,7.23693334894532E8
450,Treasurer,Mona_Abbey4405@eirey.tech,Mona Abbey,3.15128054273896E8
451,Production Painter,Thea_Coll9364@deons.tech,Thea Coll,-6.61266838283081E8
452,Retail Trainee,Carter_Becker7583@cispeto.com,Carter Becker,5.10178363932121E8
453,Food Technologist,Charlotte_Eaton2643@atink.com,Charlotte Eaton,3.68436329625939E8
454,Healthcare Specialist,Noemi_Chapman8692@ubusive.com,Noemi Chapman,2.35222899896159E8
455,Insurance Broker,Joy_Morris7680@kideod.biz,Joy Morris,-6.48095113935711E8
456,Dentist,Harry_Jennson2887@corti.com,Harry Jennson,-7.27821647478896E8
457,Staffing Consultant,Sebastian_Dillon1635@twace.org,Sebastian Dillon,-9.80755158663255E8
458,Front Desk Coordinator,Carmen_Atkinson7610@twipet.com,Carmen Atkinson,6.95206456997154E8
459,Bellman,Zoe_Harris9919@hourpy.biz,Zoe Harris,-6.71878070125803E8
460,Bellman,Daron_Mason5602@irrepsy.com,Daron Mason,-3.25490299979945E8
461,Treasurer,Alexander_Shepherd771@nanoff.biz,Alexander Shepherd,4.65287790207313E8
462,Designer,Matt_Woodley1195@cispeto.com,Matt Woodley,-3.93685245060364E8
463,Lecturer,Rick_Dunbar4676@twace.org,Rick Dunbar,5.80505482265346E7
464,Baker,Ilona_Ross8279@hourpy.biz,Ilona Ross,5.528943584482E8
465,Cashier,Clint_Emmett4552@irrepsy.com,Clint Emmett,8.40167628435359E8
466,Stockbroker,Rosemary_Kidd8083@bauros.biz,Rosemary Kidd,5.09358438291058E8
467,Front Desk Coordinator,Anthony_Adams8526@dionrab.com,Anthony Adams,1.04767579012613E8
468,Production Painter,William_Graham5116@vetan.org,William Graham,-2.41486667081243E8
469,Budget Analyst,Nathan_Allwood9984@acrit.org,Nathan Allwood,-3.12458332479235E7
470,Designer,Eileen_Stanley8622@deavo.com,Eileen Stanley,-1.63751152422798E8
471,Front Desk Coordinator,Taylor_Stuart8649@typill.biz,Taylor Stuart,1.90886952950978E8
472,Webmaster,Phillip_Hunt4425@gembat.biz,Phillip Hunt,8.47366379692363E8
473,Design Engineer,Lucas_Rees3765@bungar.biz,Lucas Rees,-4.15031322629925E8
474,Retail Trainee,Anabel_Spencer1027@bulaffy.com,Anabel Spencer,-6.99418073431732E8
475,IT Support Staff,Roger_Hepburn1955@bulaffy.com,Roger Hepburn,-8.92543867410647E8
476,Chef Manager,Valentina_Palmer6990@iatim.tech,Valentina Palmer,-3.80976760537525E8
477,Healthcare Specialist,Rihanna_Lomax3130@nanoff.biz,Rihanna Lomax,-5.98688326317271E8
478,Project Manager,Logan_Atkinson5344@bungar.biz,Logan Atkinson,6.96569965842749E8
479,Steward,Carla_Saunders1333@sheye.org,Carla Saunders,-6269907.47026641
480,Treasurer,Quinn_Emmett8674@naiker.biz,Quinn Emmett,3.4187496024186E8
481,Stockbroker,Francesca_Savage7024@iatim.tech,Francesca Savage,-4.89401665987637E8
482,Health Educator,Gloria_Morris3229@supunk.biz,Gloria Morris,-8.90231261954604E8
483,Doctor,Tony_Cadman9737@ubusive.com,Tony Cadman,-3.41546574511429E8
484,Electrician,Wade_Owen9032@eirey.tech,Wade Owen,6.30393942266158E8
485,Design Engineer,Abdul_Vane5131@yahoo.com,Abdul Vane,-7.19544077280251E8
486,Call Center Representative,Jenna_Roscoe6819@ubusive.com,Jenna Roscoe,-5.86394643100376E8
487,Doctor,Chadwick_Lakey6614@dionrab.com,Chadwick Lakey,-4.63942350428767E8
488,Loan Officer,Bart_Upton4143@bauros.biz,Bart Upton,-7.81976530997457E8
489,Stockbroker,Kurt_Williams6304@ubusive.com,Kurt Williams,6.44721575578882E7
490,Chef Manager,Enoch_Curtis5969@mafthy.com,Enoch Curtis,6.13192632445863E8
491,Accountant,Boris_Flynn8904@nanoff.biz,Boris Flynn,2.09287176301456E8
492,Web Developer,Vanessa_Stanton9819@sveldo.biz,Vanessa Stanton,-3.89221820923394E8
493,Machine Operator,Leah_Carson5386@liret.org,Leah Carson,-4.61644038577933E8
494,Treasurer,Diane_Little2885@ovock.tech,Diane Little,9.48583738892537E8
495,Lecturer,Renee_Drake229@elnee.tech,Renee Drake,-7.76049102588135E8
496,Staffing Consultant,Mabel_Murphy1131@ovock.tech,Mabel Murphy,1.51719471974333E8
497,Executive Director,Samara_Jones4506@ovock.tech,Samara Jones,8.14444688235565E8
498,Cashier,Priscilla_Anderson6187@gmail.com,Priscilla Anderson,-9.74073147863385E8
499,Design Engineer,Elise_Martin5504@gembat.biz,Elise Martin,-8.92586688892514E8
500,Global Logistics Supervisor,Anabelle_Vaughn3363@hourpy.biz,Anabelle Vaughn,-3.81949553247776E8
501,Clerk,Lucy_Russell1582@sveldo.biz,Lucy Russell,-1.16180090829874E8
502,Accountant,Bart_Connor4504@yahoo.com,Bart Connor,5.86094329856008E8
503,Insurance Broker,Barry_Lucas4691@tonsy.org,Barry Lucas,-1.52323724099746E8
504,Electrician,Leroy_Vane3037@zorer.org,Leroy Vane,7.98523609221106E8
505,Doctor,Manuel_Quinnell2306@elnee.tech,Manuel Quinnell,9.56786073115605E8
506,Cashier,Chanelle_Bullock1719@acrit.org,Chanelle Bullock,3.14041552585735E8
507,Systems Administrator,George_Norton6113@womeona.net,George Norton,-4.33756771959973E8
508,Doctor,Greta_Emerson8439@brety.org,Greta Emerson,7.32741724824721E8
509,Stockbroker,Danny_Booth1732@bauros.biz,Danny Booth,2.50746176061328E8
510,Business Broker,Josh_Mcnally4936@tonsy.org,Josh Mcnally,4.56735954299059E8
511,Electrician,Enoch_Addison3045@ubusive.com,Enoch Addison,2.19526952474885E8
512,Treasurer,Josh_Walsh4735@corti.com,Josh Walsh,-4.568655018341E8
513,Paramedic,Eve_Stewart6393@elnee.tech,Eve Stewart,-1.74991675813577E8
514,Staffing Consultant,Kurt_Payne6418@sveldo.biz,Kurt Payne,9.27002549579525E7
515,Call Center Representative,Nick_Smith9510@acrit.org,Nick Smith,4.04467601047139E7
516,Doctor,John_Jarvis8739@iatim.tech,John Jarvis,1.75644650282741E8
517,Machine Operator,Jenna_Scott4006@gmail.com,Jenna Scott,3.19325807584101E8
518,Lecturer,Denny_Salt5245@sveldo.biz,Denny Salt,6.66040592829519E8
519,Loan Officer,Aiden_Savage373@sveldo.biz,Aiden Savage,-5.70524828912654E8
520,Executive Director,Bridget_Andrews1623@famism.biz,Bridget Andrews,-3.75214510463712E8
521,Webmaster,Carol_Foxley3878@bungar.biz,Carol Foxley,1.14623874126024E8
522,Paramedic,Daniel_Avery9937@deavo.com,Daniel Avery,1.60401904107084E8
523,Audiologist,Dasha_Shea1269@sheye.org,Dasha Shea,-5.09043860267642E8
524,Call Center Representative,John_Knight2333@eirey.tech,John Knight,-1.56343324793232E8
525,Stockbroker,Mabel_Benson4282@bulaffy.com,Mabel Benson,-1.16707656656588E8
526,Baker,Alexander_Morris1893@qater.org,Alexander Morris,-8.12941674362746E8
527,Project Manager,Colleen_Bailey9623@gmail.com,Colleen Bailey,-1.81158635852527E8
528,Banker,Luke_Alexander6541@qater.org,Luke Alexander,7.85365363739024E8
529,Assistant Buyer,Gloria_Dickson8191@gompie.com,Gloria Dickson,3.57742953484025E8
530,Global Logistics Supervisor,Logan_Kennedy9280@deons.tech,Logan Kennedy,8.60652766553013E7
531,Biologist,Harry_Martin2379@deavo.com,Harry Martin,-5.11254075085606E8
532,Global Logistics Supervisor,Matthew_Patel5000@nimogy.biz,Matthew Patel,3.78485140515409E8
533,Steward,Mayleen_Patel7646@bulaffy.com,Mayleen Patel,6.3612078154333E8
534,Cook,Winnie_Mullins7761@muall.tech,Winnie Mullins,-5.6125466781549E8
535,Insurance Broker,Hadley_Chadwick2568@nimogy.biz,Hadley Chadwick,2166471.75033547
536,Designer,Emerald_Duvall8289@tonsy.org,Emerald Duvall,9.67964979307203E8
537,Dentist,Monica_Wilcox3779@famism.biz,Monica Wilcox,7.8126851862938E8
538,Pharmacist,Judith_Hunter9891@yahoo.com,Judith Hunter,-7.23648517244911E8
539,Budget Analyst,Roger_Wallace4981@nickia.com,Roger Wallace,-4.82883497215359E8
540,Inspector,Ember_Russell1544@bauros.biz,Ember Russell,4.28539510163945E8
541,Health Educator,Chester_Haines3797@supunk.biz,Chester Haines,6.13261052341129E8
542,Clerk,Elijah_Eagle8537@naiker.biz,Elijah Eagle,5.22202746430163E8
543,HR Specialist,Adeline_Adams1057@eirey.tech,Adeline Adams,6.18202652390336E8
544,Staffing Consultant,Megan_Lynn327@twipet.com,Megan Lynn,-4.99177809315335E7
545,Electrician,Gwenyth_Cooper8733@elnee.tech,Gwenyth Cooper,-2.49176259859166E8
546,Global Logistics Supervisor,Liam_Kelly4619@famism.biz,Liam Kelly,8.6166860380362E8
547,Lecturer,Gemma_Armstrong2033@kideod.biz,Gemma Armstrong,-8.83442644697233E8
548,Insurance Broker,Mabel_Hilton1506@supunk.biz,Mabel Hilton,-3.83055234431689E8
549,Fabricator,Michaela_Swift6261@nanoff.biz,Michaela Swift,1.13437929602795E8
550,Health Educator,Marjorie_Jarvis3662@zorer.org,Marjorie Jarvis,8.56689547759371E8
551,Chef Manager,Vanessa_Ellwood7412@ubusive.com,Vanessa Ellwood,7.30399746894113E8
552,Service Supervisor,Priscilla_Wright5365@corti.com,Priscilla Wright,9.80432117364938E8
553,Cashier,Melanie_Hamilton1811@bauros.biz,Melanie Hamilton,-6.45184562984368E8
554,Inspector,Erica_Pond9191@nimogy.biz,Erica Pond,8.73156534719348E8
555,Fabricator,Dalia_Oliver1585@zorer.org,Dalia Oliver,6.53995413762887E8
556,CNC Operator,Gemma_Stewart1965@kideod.biz,Gemma Stewart,-8.67577721852034E8
557,Restaurant Manager,Emma_Wren425@vetan.org,Emma Wren,1.56583468805449E8
558,Retail Trainee,Alma_Slater8196@dionrab.com,Alma Slater,9.4975364592031E8
559,Investment  Advisor,Brad_Addley1566@jiman.org,Brad Addley,-5.87178741433444E8
560,Dentist,Tyler_Goldsmith1964@joiniaa.com,Tyler Goldsmith,6.38292223589211E8
561,Front Desk Coordinator,Nathan_Gunn7762@zorer.org,Nathan Gunn,3.53768672233536E8
562,Cook,Sadie_Miller4717@famism.biz,Sadie Miller,8.8643676020811E8
563,Call Center Representative,Alexander_Morris1792@nickia.com,Alexander Morris,9.82726772139396E8
564,Front Desk Coordinator,Madelyn_Beal5521@gmail.com,Madelyn Beal,2.18118791842113E8
565,Treasurer,Emmanuelle_Dillon6756@gembat.biz,Emmanuelle Dillon,-7.12016934951556E8
566,Project Manager,Denis_Olivier8111@eirey.tech,Denis Olivier,-8.10391155560188E8
567,Operator,Crystal_Pearson5758@guentu.biz,Crystal Pearson,-1.79942838777053E8
568,Associate Professor,Sienna_Lynn2984@deavo.com,Sienna Lynn,3.6275817718362E8
569,Biologist,Diane_Newman1419@corti.com,Diane Newman,6.47880167885539E7
570,Systems Administrator,Erin_Johnson8220@acrit.org,Erin Johnson,-3.4362004330753E8
571,Fabricator,Alexander_Connor1713@famism.biz,Alexander Connor,-4.67551801494647E8
572,Electrician,Bernadette_Bright4028@brety.org,Bernadette Bright,4.99984971878528E8
573,Software Engineer,Anne_Hall7027@elnee.tech,Anne Hall,-4.04228739355557E8
574,Health Educator,Ally_Slater5403@jiman.org,Ally Slater,-1.98425440987627E8
575,Laboratory Technician,Chester_Redwood8702@infotech44.tech,Chester Redwood,-9.75350133135064E8
576,Pharmacist,Sasha_Stuart4004@sveldo.biz,Sasha Stuart,-2.28528066229874E8
577,Physician,Bryce_Silva6414@twace.org,Bryce Silva,9.79459030827872E8
578,Web Developer,Domenic_Oakley9846@irrepsy.com,Domenic Oakley,9.30019292132627E8
579,Dentist,Emely_Emmott5635@mafthy.com,Emely Emmott,-9.83532512617898E8
580,Service Supervisor,Alexander_Davies1712@hourpy.biz,Alexander Davies,-5.11993355794563E8
581,Cash Manager,Matthew_Nicolas4796@liret.org,Matthew Nicolas,-2.58309336215421E8
582,Accountant,Nicholas_Barclay5759@eirey.tech,Nicholas Barclay,7.60430320873574E8
583,Laboratory Technician,Maxwell_Edwards6004@sveldo.biz,Maxwell Edwards,-5.86965784551386E8
584,Health Educator,Evie_Irwin2980@ubusive.com,Evie Irwin,3.13456358009964E8
585,Web Developer,Julian_Shields7324@guentu.biz,Julian Shields,3.05953059036335E8
586,Machine Operator,Chester_Tennant2728@ubusive.com,Chester Tennant,6.12351879392252E8
587,Inspector,Carrie_Farmer6394@bulaffy.com,Carrie Farmer,2.09871591927429E8
588,Cash Manager,Rick_Lloyd7230@mafthy.com,Rick Lloyd,-2.68879132093907E7
589,Cashier,Jenna_Ranks5261@tonsy.org,Jenna Ranks,-7.17903257806516E8
590,Restaurant Manager,Miriam_Lane9441@infotech44.tech,Miriam Lane,-6.48434771872236E8
591,Laboratory Technician,Skylar_Pratt7710@vetan.org,Skylar Pratt,-2.58962644967409E8
592,Treasurer,Oliver_Poole2785@gompie.com,Oliver Poole,-3.73516964879225E8
593,Front Desk Coordinator,Diane_Horton6042@elnee.tech,Diane Horton,7.32244362781431E8
594,Baker,Benny_Woodcock2924@brety.org,Benny Woodcock,9.66353050113997E8
595,Staffing Consultant,Peter_Fenton7648@atink.com,Peter Fenton,-9.61055717939673E8
596,Executive Director,Eve_Eddison5901@deavo.com,Eve Eddison,8.29948862897388E8
597,Webmaster,Owen_Morgan4182@gembat.biz,Owen Morgan,4.70312101775122E7
598,Project Manager,Vera_Gibson492@guentu.biz,Vera Gibson,4.80356733861399E8
599,Staffing Consultant,Janice_Baxter1042@deavo.com,Janice Baxter,-2.88237114919125E8
600,Staffing Consultant,Gabriel_Waterson6241@atink.com,Gabriel Waterson,-6.17449250883247E8
601,Electrician,Anabelle_Irwin799@joiniaa.com,Anabelle Irwin,3.91582893911865E8
602,Cash Manager,Nate_Reese6440@iatim.tech,Nate Reese,-9.77708996949216E8
603,Banker,Piper_Corbett3958@twace.org,Piper Corbett,5.86484665129257E8
604,Budget Analyst,Alan_Santos1835@vetan.org,Alan Santos,1.06583858115302E8
605,Ambulatory Nurse,Tom_Knott2451@ovock.tech,Tom Knott,5.62996946413397E8
606,Ambulatory Nurse,Rosa_Clarke3697@iatim.tech,Rosa Clarke,-1.26433494274791E8
607,CNC Operator,Anthony_Stevens2352@deons.tech,Anthony Stevens,4.41759215335695E8
608,Webmaster,Anabelle_Freeburn1733@sheye.org,Anabelle Freeburn,4.56804025348448E8
609,Doctor,Josh_Edler6811@iatim.tech,Josh Edler,6.11322292002937E8
610,Staffing Consultant,Ciara_Vallins2920@extex.org,Ciara Vallins,5.19054273521452E8
611,Webmaster,Jack_Eagle6587@zorer.org,Jack Eagle,7.60140572756395E8
612,Production Painter,Emely_Roscoe3107@jiman.org,Emely Roscoe,-5.1970711198299E8
613,Physician,Gina_Fall7410@tonsy.org,Gina Fall,-9.1203307914511E8
614,Inspector,Jacqueline_Wallace7750@brety.org,Jacqueline Wallace,-9.12685272111302E8
615,Laboratory Technician,Tania_Paterson3370@womeona.net,Tania Paterson,3.79402341878612E8
616,Laboratory Technician,Ryan_Pierce1243@dionrab.com,Ryan Pierce,3.84405217888645E8
617,Cash Manager,Anais_Kidd9232@vetan.org,Anais Kidd,5.6067042794246E8
618,Clerk,William_Haines3321@twace.org,William Haines,9.62592640947341E8
619,Biologist,Ramon_Hall8783@gompie.com,Ramon Hall,3.60023126149338E8
620,Web Developer,Hailey_Hunter6053@infotech44.tech,Hailey Hunter,4.61171700098186E8
621,Call Center Representative,Chris_Osmond3987@liret.org,Chris Osmond,9.307758891349E8
622,Audiologist,Rihanna_Kennedy4857@extex.org,Rihanna Kennedy,9.30728152102617E7
623,Biologist,Clint_Payne927@cispeto.com,Clint Payne,-9.79536911320645E8
624,Designer,Payton_Kennedy8240@nanoff.biz,Payton Kennedy,-3.25909806504675E8
625,Banker,Hope_Stevens6480@cispeto.com,Hope Stevens,9.71941913272927E7
626,Operator,Juliet_Hobbs3691@bungar.biz,Juliet Hobbs,3.27095966808971E8
627,Lecturer,Rosalyn_Asher4511@liret.org,Rosalyn Asher,-9.89041733240785E8
628,Treasurer,Violet_Everett2154@liret.org,Violet Everett,-3.78486165829128E8
629,Assistant Buyer,Noah_West5366@qater.org,Noah West,1.24334714645762E8
630,Web Developer,Manuel_Vangness6483@gompie.com,Manuel Vangness,-3.79499128309324E8
631,Retail Trainee,Savannah_Crawley7034@gmail.com,Savannah Crawley,-9.11587482372132E8
632,Executive Director,Alison_Coll6380@ubusive.com,Alison Coll,-7.7624688057464E8
633,Electrician,Anais_Adler213@sveldo.biz,Anais Adler,-4.55380274221198E8
634,Stockbroker,Josh_Porter3682@bauros.biz,Josh Porter,-7.78368032942682E8
635,Designer,Danny_Grant1254@dionrab.com,Danny Grant,-6.5315014255951E7
636,Healthcare Specialist,Rick_Hunt8058@brety.org,Rick Hunt,-9.84567354242212E8
637,Chef Manager,Olivia_Morrison2520@muall.tech,Olivia Morrison,3.38781285397335E8
638,Accountant,Rebecca_Sheldon4751@naiker.biz,Rebecca Sheldon,-4.80740838825835E8
639,Food Technologist,Jennifer_Ellison6163@sveldo.biz,Jennifer Ellison,-4.00088926535608E8
640,Clerk,Rosalee_Alexander4993@elnee.tech,Rosalee Alexander,9.45748338296934E8
641,Laboratory Technician,Alexia_Sawyer450@atink.com,Alexia Sawyer,6.10572943849924E8
642,Cashier,Gil_Casey8505@mafthy.com,Gil Casey,-4.62137396117108E8
643,Audiologist,Quinn_Kidd3865@grannar.com,Quinn Kidd,-7.17114596028654E8
644,Associate Professor,Joseph_Spencer6546@bungar.biz,Joseph Spencer,7.95964619513821E8
645,Loan Officer,Henry_Keys5963@ubusive.com,Henry Keys,-7.41515512567467E8
646,Staffing Consultant,Cassandra_Dyson360@corti.com,Cassandra Dyson,2.2752735363154E8
647,Business Broker,Jenna_Lindsay1501@nanoff.biz,Jenna Lindsay,8.20810158268319E8
648,Retail Trainee,Erick_Wise3912@twace.org,Erick Wise,-6.09502329420179E8
649,Budget Analyst,Alessia_Brooks5090@bungar.biz,Alessia Brooks,-4.26964064305108E8
650,Operator,Chloe_Oatway5816@hourpy.biz,Chloe Oatway,8.70758094633131E8
651,Laboratory Technician,Freya_Khan1946@qater.org,Freya Khan,-2.72485267813364E8
652,Treasurer,Florence_Richards5128@ubusive.com,Florence Richards,-9.17473235943697E8
653,Baker,Jackeline_Emerson431@nimogy.biz,Jackeline Emerson,-7.55067248613007E8
654,Project Manager,Matthew_Ellis5431@fuliss.net,Matthew Ellis,3.7339588815225E8
655,Designer,Marilyn_Hale7751@muall.tech,Marilyn Hale,-2.2960822542604E8
656,Healthcare Specialist,Celia_Graham5709@bulaffy.com,Celia Graham,-6.36008584020362E8
657,Budget Analyst,Blake_Patel9479@kideod.biz,Blake Patel,1.8014281194927E8
658,CNC Operator,Anne_Redwood957@famism.biz,Anne Redwood,2.86975158000325E8
659,Retail Trainee,Penelope_Yoman1716@sheye.org,Penelope Yoman,-4.37747285360461E8
660,Cashier,Adela_Gonzales7695@joiniaa.com,Adela Gonzales,6.32135096921736E8
661,Insurance Broker,Erica_Jobson4057@corti.com,Erica Jobson,-5.91643781176413E8
662,Retail Trainee,John_Casey9368@liret.org,John Casey,-4.33203258620504E7
663,Auditor,Logan_Mcgregor8007@qater.org,Logan Mcgregor,6.16038244027953E8
664,Inspector,Elijah_Olivier1670@typill.biz,Elijah Olivier,-6.40620822419976E8
665,Systems Administrator,Dani_Turner5434@nickia.com,Dani Turner,1.89132279632124E8
666,Healthcare Specialist,Sydney_Bishop4996@irrepsy.com,Sydney Bishop,4.05167360771191E8
667,Restaurant Manager,Kenzie_Egerton8333@kideod.biz,Kenzie Egerton,-7.5807330099196E8
668,Physician,Chanelle_Hogg2823@gompie.com,Chanelle Hogg,3.13304419771063E8
669,Executive Director,Selena_Johnson9170@atink.com,Selena Johnson,1.89072963959991E8
670,Inspector,Jacob_Kent920@qater.org,Jacob Kent,5.65575828041769E7
671,Chef Manager,Kurt_Leslie6617@ubusive.com,Kurt Leslie,4.93272705708975E8
672,Cash Manager,Paige_Russell9658@atink.com,Paige Russell,-3.00414327573921E8
673,CNC Operator,Carter_Potts8307@gompie.com,Carter Potts,7.08081479689207E8
674,Web Developer,Jacqueline_Lane757@vetan.org,Jacqueline Lane,8.32230561108721E8
675,HR Coordinator,Gwen_Hunt7761@iatim.tech,Gwen Hunt,-7.81513005293429E8
676,Banker,Nick_Uttridge7747@womeona.net,Nick Uttridge,9.88053842165884E8
677,Banker,Cedrick_Drummond9212@brety.org,Cedrick Drummond,9.46659739703846E8
678,Business Broker,Sadie_Ripley7930@zorer.org,Sadie Ripley,2.66695659073342E8
679,Investment  Advisor,David_Nicolas9797@cispeto.com,David Nicolas,2.99773510983265E8
680,Doctor,Kimberly_Hood910@liret.org,Kimberly Hood,8.2885460202194E8
681,Baker,Katelyn_Lyon7024@typill.biz,Katelyn Lyon,-6.25294469765641E8
682,Physician,John_Lane1791@iatim.tech,John Lane,8.26882225078413E8
683,Ambulatory Nurse,Alan_Allen4274@bungar.biz,Alan Allen,-6.2794888389703E8
684,Auditor,Megan_Weldon8565@deons.tech,Megan Weldon,2.258316043422E8
685,Audiologist,Quinn_Bright5894@cispeto.com,Quinn Bright,-2.58314596421901E8
686,Paramedic,Kenzie_King2298@infotech44.tech,Kenzie King,6.08381324232389E8
687,Systems Administrator,Logan_Harrison30@joiniaa.com,Logan Harrison,1.88960911276732E8
688,Designer,Alexander_Whinter5671@corti.com,Alexander Whinter,-2.4447459816049E8
689,Loan Officer,Camellia_Baldwin3685@corti.com,Camellia Baldwin,-2.21302321981928E7
690,Software Engineer,Jack_Nash7692@nickia.com,Jack Nash,7.46286283315511E8
691,HR Specialist,Molly_Duvall4928@bulaffy.com,Molly Duvall,-3.2153349421232E8
692,Food Technologist,Sebastian_Gordon6680@mafthy.com,Sebastian Gordon,-9.78103846409438E8
693,Cashier,Ilona_Bolton5016@dionrab.com,Ilona Bolton,7.27703177819983E8
694,Systems Administrator,Caydence_Watt9707@yahoo.com,Caydence Watt,1.49411025030577E7
695,Cook,Ron_Mcneill929@bretoux.com,Ron Mcneill,-3.06607823059097E8
696,Executive Director,Cedrick_Gavin2416@dionrab.com,Cedrick Gavin,-7.3259589655776E8
697,Operator,Gil_Dillon281@gompie.com,Gil Dillon,6.27633463046052E8
698,Clerk,Enoch_Haines2475@extex.org,Enoch Haines,6.33618422805497E8
699,Global Logistics Supervisor,Percy_Burge9045@kideod.biz,Percy Burge,-4539802.81197838
700,Assistant Buyer,Fred_Moore1685@corti.com,Fred Moore,1.567531952227E8
701,Doctor,Carina_Herbert9776@famism.biz,Carina Herbert,-5.00713032708692E7
702,Biologist,Luke_Donnelly5307@iatim.tech,Luke Donnelly,3.86801794597242E8
703,Steward,Leslie_Ingham9585@extex.org,Leslie Ingham,7.5148381194833E7
704,Paramedic,Aiden_Talbot8592@fuliss.net,Aiden Talbot,7.55112842652387E8
705,Budget Analyst,Alison_Taylor2892@nimogy.biz,Alison Taylor,6.55512682436006E8
706,Ambulatory Nurse,Chad_Adams309@infotech44.tech,Chad Adams,3.14592752326173E8
707,Business Broker,Iris_Allington6027@dionrab.com,Iris Allington,-4.71898136332666E8
708,Webmaster,Samara_Gilmour5606@atink.com,Samara Gilmour,7.39665030702938E8
709,Insurance Broker,Amelia_Clark5854@nickia.com,Amelia Clark,-3.83853083814888E8
710,IT Support Staff,Alan_Bryant5418@jiman.org,Alan Bryant,-6.72087635633682E8
711,Restaurant Manager,Emery_Dixon652@naiker.biz,Emery Dixon,-9.00686211083889E8
712,Ambulatory Nurse,Johnny_Fowler9052@brety.org,Johnny Fowler,7.50778663111891E8
713,Global Logistics Supervisor,Joy_Wilson4548@nickia.com,Joy Wilson,4.8139029934143E8
714,Insurance Broker,Harvey_Bryson8475@nimogy.biz,Harvey Bryson,-7.49103784574439E8
715,Chef Manager,Josh_Wilton8515@twace.org,Josh Wilton,2.75479759955244E8
716,Production Painter,Cadence_Martin3448@womeona.net,Cadence Martin,-4.4045247146091E8
717,Laboratory Technician,Makenzie_Graham7465@guentu.biz,Makenzie Graham,8.22929194536601E8
718,Inspector,Eduardo_Hunt9830@guentu.biz,Eduardo Hunt,-8.62957169402296E8
719,Auditor,Jack_Whitehouse8346@irrepsy.com,Jack Whitehouse,-4.79398439609876E8
720,Budget Analyst,Michael_Broomfield9900@grannar.com,Michael Broomfield,9.93170878280275E8
721,Healthcare Specialist,Ruth_Garcia6337@ubusive.com,Ruth Garcia,3.57969639444274E8
722,Front Desk Coordinator,Chuck_Hilton1885@ubusive.com,Chuck Hilton,9.44260739818925E8
723,Steward,Iris_Long894@naiker.biz,Iris Long,4.08784554096684E8
724,Electrician,Tess_Butler3522@dionrab.com,Tess Butler,9.29854368811879E7
725,Software Engineer,Denis_Haines3220@acrit.org,Denis Haines,9.27878756937921E8
726,Food Technologist,Ramon_Ogilvy5060@gmail.com,Ramon Ogilvy,-5.96817300222444E8
727,Machine Operator,Dani_Oatway6055@grannar.com,Dani Oatway,-6.1823540831882E8
728,Physician,Candace_Morrison6244@corti.com,Candace Morrison,-8.15910223558782E8
729,Steward,Carter_Leigh4845@jiman.org,Carter Leigh,-6081538.8015511
730,Food Technologist,Barry_Forth8084@liret.org,Barry Forth,1.81203540488153E8
731,Loan Officer,Harry_Parker7561@muall.tech,Harry Parker,-4.48848537589238E8
732,Restaurant Manager,Tony_Dempsey4723@extex.org,Tony Dempsey,-3.73085841270944E8
733,Mobile Developer,Ron_Redden4483@nickia.com,Ron Redden,-4.14056500675054E8
734,Business Broker,Mavis_Baker3384@deons.tech,Mavis Baker,7.45395817350915E8
735,Baker,Rufus_Rose9027@irrepsy.com,Rufus Rose,3.70030073157549E8
736,Webmaster,Ally_Curtis1324@muall.tech,Ally Curtis,4.52296285130288E8
737,Staffing Consultant,Maxwell_Ainsworth5443@nanoff.biz,Maxwell Ainsworth,-9.20295602204372E8
738,Healthcare Specialist,Domenic_Turner8768@nickia.com,Domenic Turner,-8.55298070628632E8
739,Bookkeeper,Anthony_Drake4962@vetan.org,Anthony Drake,6.52399963432762E8
740,Cook,Andrea_Wilson6041@infotech44.tech,Andrea Wilson,-6.14879722422797E8
741,Call Center Representative,Carter_Hobson8993@vetan.org,Carter Hobson,6.13079692712499E8
742,Assistant Buyer,Henry_Chapman761@yahoo.com,Henry Chapman,-4.3875803585262E8
743,Executive Director,Rosalie_Jenkin7003@iatim.tech,Rosalie Jenkin,2.68171221074623E8
744,Insurance Broker,Luke_Stevens5779@sveldo.biz,Luke Stevens,-6.17130708338757E8
745,Treasurer,Sasha_Graves7472@liret.org,Sasha Graves,-5.60266033194838E7
746,Associate Professor,Raquel_Neville5367@tonsy.org,Raquel Neville,-2.86652122181757E8
747,IT Support Staff,Camila_Waterson9283@qater.org,Camila Waterson,7.53570475749388E8
748,Operator,Hank_Seymour1958@naiker.biz,Hank Seymour,-7.30984799763409E8
749,Health Educator,Renee_Newton7752@famism.biz,Renee Newton,-1.99775361781828E8
750,Front Desk Coordinator,Jacob_Zaoui8823@qater.org,Jacob Zaoui,7.58257134705713E7
751,Lecturer,Mike_Campbell6075@twipet.com,Mike Campbell,4.65581198232249E8
752,Webmaster,Peyton_Rowan327@ubusive.com,Peyton Rowan,-3.05196618057577E7
753,Webmaster,John_King6308@deons.tech,John King,-9.14124127805285E8
754,Healthcare Specialist,Isla_Purvis4692@joiniaa.com,Isla Purvis,7.34001374163258E8
755,Machine Operator,Boris_Hancock9962@fuliss.net,Boris Hancock,2.57966478232449E8
756,Accountant,Carmen_Porter8147@corti.com,Carmen Porter,-6.28955216112701E8
757,Designer,Karla_Rycroft5666@joiniaa.com,Karla Rycroft,6.79336494310185E8
758,Lecturer,Henry_Hill5940@nanoff.biz,Henry Hill,5.25954792520452E8
759,Pharmacist,Harry_Flett6038@guentu.biz,Harry Flett,-6.04217677900475E8
760,Project Manager,Chad_Swan7726@naiker.biz,Chad Swan,-2.40118585448963E8
761,Treasurer,Adelaide_Squire657@corti.com,Adelaide Squire,1.93190290894991E8
762,Chef Manager,Alison_Robinson9309@twipet.com,Alison Robinson,2.76695420517094E8
763,Treasurer,Rick_Bowen9081@zorer.org,Rick Bowen,-4.33238158007052E8
764,Investment  Advisor,Chris_Malone9698@womeona.net,Chris Malone,7.4876301767579E7
765,Cook,Megan_Veale4667@irrepsy.com,Megan Veale,-9.04223568529802E7
766,Executive Director,Jack_Butler8258@naiker.biz,Jack Butler,-6.62926874413266E8
767,Loan Officer,Boris_Cobb1665@iatim.tech,Boris Cobb,2.8555866222112E8
768,Assistant Buyer,Dani_Shaw186@dionrab.com,Dani Shaw,8.50033271342209E8
769,Cash Manager,Maxwell_Robinson623@qater.org,Maxwell Robinson,-8.99311312908167E8
770,Physician,John_Jenkins4360@sveldo.biz,John Jenkins,-6.65897882810923E8
771,HR Coordinator,Percy_Vaughn7983@gompie.com,Percy Vaughn,2.0210773757936E8
772,HR Specialist,John_Stewart1646@muall.tech,John Stewart,-7.43041382604412E8
773,Steward,Adalind_Andersson5977@sheye.org,Adalind Andersson,4.89323945614621E7
774,Call Center Representative,Danielle_Ramsey3529@elnee.tech,Danielle Ramsey,5.70173141416385E8
775,Laboratory Technician,Jenna_King9575@guentu.biz,Jenna King,8.75470333164301E7
776,Production Painter,Caleb_Brett5673@twipet.com,Caleb Brett,8.54573110705897E8
777,Paramedic,Isabel_Vince8009@iatim.tech,Isabel Vince,1.82701747321152E8
778,Budget Analyst,Javier_Bryson9442@bulaffy.com,Javier Bryson,-5.47028817548412E8
779,Service Supervisor,Vanessa_Watson9126@fuliss.net,Vanessa Watson,-1.2412842911049E8
780,CNC Operator,Manuel_Simpson2398@irrepsy.com,Manuel Simpson,9.88272530589777E8
781,Loan Officer,Summer_Ripley9905@kideod.biz,Summer Ripley,2.308063179076E8
782,Health Educator,Joseph_Wood7153@supunk.biz,Joseph Wood,-2.55844069216033E8
783,Dentist,Harvey_Haines594@guentu.biz,Harvey Haines,5.86422925334964E8
784,Budget Analyst,Kurt_Allwood7762@vetan.org,Kurt Allwood,-8.37354444108222E8
785,Clerk,Jack_Hastings5429@bauros.biz,Jack Hastings,-7.80817922112679E7
786,Accountant,Clint_Mccormick2502@yahoo.com,Clint Mccormick,-6.51775818842335E8
787,Dentist,Willow_Eastwood6627@twipet.com,Willow Eastwood,6.09159298369037E7
788,Bellman,Gabriel_Hogg6485@naiker.biz,Gabriel Hogg,-7.37430377080839E8
789,Service Supervisor,Denis_Tailor9585@acrit.org,Denis Tailor,-5.1803679236788E8
790,Bellman,Sadie_Kennedy3651@twipet.com,Sadie Kennedy,-8.30567192590218E8
791,Call Center Representative,Bristol_Knight153@bulaffy.com,Bristol Knight,-5.42109094726608E8
792,Lecturer,Noah_Sinclair7319@yahoo.com,Noah Sinclair,-7.19770813552111E8
793,Lecturer,Ethan_Villiger1937@yahoo.com,Ethan Villiger,-6.01986719733635E8
794,Inspector,George_Collins8261@naiker.biz,George Collins,-5.63789421647706E7
795,Production Painter,Gina_Raven5903@elnee.tech,Gina Raven,8.07819181413578E8
796,Clerk,Maddison_Wheeler4406@brety.org,Maddison Wheeler,8.00258648589348E8
797,HR Specialist,George_Bell1102@nimogy.biz,George Bell,-5.67794226658741E8
798,Banker,Kirsten_Richardson3551@mafthy.com,Kirsten Richardson,-1.05712462744689E8
799,Dentist,Ryan_Harrington9580@twace.org,Ryan Harrington,7.15000458765353E8
800,Insurance Broker,Sydney_Fleming9430@hourpy.biz,Sydney Fleming,6.51361907104865E8
801,CNC Operator,Matthew_Shaw2401@deavo.com,Matthew Shaw,4.50180192242862E8
802,Machine Operator,Ruth_Wellington5423@qater.org,Ruth Wellington,-8.83137627959337E8
803,Operator,Alan_Gray1435@naiker.biz,Alan Gray,2.62459094759124E8
804,Systems Administrator,Leilani_Isaac9422@mafthy.com,Leilani Isaac,-2.03747827399584E8
805,Bookkeeper,Aileen_Brown8429@iatim.tech,Aileen Brown,-9.69551409580307E8
806,Design Engineer,Fred_Graves5515@gembat.biz,Fred Graves,-5.54095293156198E8
807,Assistant Buyer,Rufus_Barrett5982@kideod.biz,Rufus Barrett,9.22746108278363E8
808,Food Technologist,Esmeralda_Yang6313@gmail.com,Esmeralda Yang,-3.98940491191898E8
809,CNC Operator,Bob_Bell8578@nickia.com,Bob Bell,-6.04788395513161E8
810,Stockbroker,Gabriel_Clarke648@supunk.biz,Gabriel Clarke,-5.84867529051893E8
811,Doctor,Martin_Plant865@twipet.com,Martin Plant,-9.95670387338654E8
812,Assistant Buyer,Regina_Tanner9772@gompie.com,Regina Tanner,5.76543901963929E8
813,Auditor,Bethany_Saunders6730@kideod.biz,Bethany Saunders,9.71856637034487E8
814,Bellman,Josephine_Lucas4251@atink.com,Josephine Lucas,-5.72774606057657E8
815,Assistant Buyer,Cedrick_Bentley7403@dionrab.com,Cedrick Bentley,4.43364903031648E8
816,Paramedic,Louise_Rainford6223@acrit.org,Louise Rainford,1.90140762611175E7
817,Pharmacist,Amy_Reynolds4822@iatim.tech,Amy Reynolds,-4.499306198939E8
818,Production Painter,Fred_Latham78@liret.org,Fred Latham,-5.27673164339349E8
819,Business Broker,Gil_Vinton6687@supunk.biz,Gil Vinton,-5.52998247036512E8
820,Paramedic,Oliver_Gallacher5046@qater.org,Oliver Gallacher,-1.75719650828891E8
821,Bellman,Matthew_Jones3820@famism.biz,Matthew Jones,-7.9823155848431E7
822,Systems Administrator,Cara_Vass3597@muall.tech,Cara Vass,-9.52148781249188E8
823,Cash Manager,Catherine_Freeburn2756@eirey.tech,Catherine Freeburn,1.8474261864401E8
824,Treasurer,Doug_Rossi286@irrepsy.com,Doug Rossi,2.0296931740146E8
825,Mobile Developer,Renee_Saunders4729@zorer.org,Renee Saunders,-4.4265959055871E8
826,Loan Officer,Alexander_Eyres2277@deons.tech,Alexander Eyres,2.07504750535805E8
827,Service Supervisor,Daphne_Jennson1984@guentu.biz,Daphne Jennson,7.90993079266904E8
828,Business Broker,Joy_Bryant930@qater.org,Joy Bryant,-7.53945691041516E8
829,Insurance Broker,Tom_Allwood917@yahoo.com,Tom Allwood,-4.44322966238312E8
830,Retail Trainee,Candace_Thornton4063@deavo.com,Candace Thornton,-1.67355692246752E8
831,Chef Manager,Matthew_Swift3128@supunk.biz,Matthew Swift,-5.9393433870429E8
832,Cash Manager,George_Rycroft3559@deavo.com,George Rycroft,-3.03409098211853E8
833,Paramedic,Chanelle_Rixon1447@naiker.biz,Chanelle Rixon,-1.11689922182306E8
834,Health Educator,Crystal_Vallins286@womeona.net,Crystal Vallins,7.21081691721345E8
835,Insurance Broker,Chadwick_Wilde1147@ovock.tech,Chadwick Wilde,2.91290195796256E8
836,Call Center Representative,Gwen_Rigg4856@bulaffy.com,Gwen Rigg,-1.88451666692581E8
837,Dentist,Eden_Norburn110@ovock.tech,Eden Norburn,2.17182227419505E8
838,Loan Officer,Oliver_Jefferson1873@gembat.biz,Oliver Jefferson,-4.65739582892132E8
839,Stockbroker,Angel_Stanton3363@nimogy.biz,Angel Stanton,3.46958132848344E8
840,Auditor,Lindsay_Owen6122@muall.tech,Lindsay Owen,-3.35925809336088E8
841,HR Coordinator,Bridget_Miller9749@ubusive.com,Bridget Miller,4.20855018743403E8
842,Banker,Carol_Nicholls3443@brety.org,Carol Nicholls,2.1795734534717E8
843,Pharmacist,Chadwick_Funnell2319@typill.biz,Chadwick Funnell,9.42214864168443E8
844,Assistant Buyer,Mark_Terry293@sveldo.biz,Mark Terry,6.14371946339445E8
845,Banker,Lindsay_Clarke648@bretoux.com,Lindsay Clarke,-7.34331843896751E8
846,Banker,Jack_Brown90@corti.com,Jack Brown,8040054.49692115
847,Clerk,Livia_Simpson2827@nickia.com,Livia Simpson,-1.36061667821187E8
848,CNC Operator,Michael_Newton308@vetan.org,Michael Newton,4.2838482604641E8
849,Design Engineer,Harry_Robinson8165@bretoux.com,Harry Robinson,-4.35170137938397E8
850,Investment  Advisor,Maya_Lewis3844@mafthy.com,Maya Lewis,-6.80925900078627E8
851,Treasurer,Logan_Zaoui9943@eirey.tech,Logan Zaoui,-8.86619416084325E8
852,Global Logistics Supervisor,Jacob_Coleman7768@zorer.org,Jacob Coleman,-8.54918173479846E8
853,Ambulatory Nurse,Sebastian_Bristow8914@deons.tech,Sebastian Bristow,3.60613633978209E8
854,Pharmacist,Rick_Chadwick1475@twace.org,Rick Chadwick,5.88761841338177E8
855,Biologist,Deborah_Plant7864@eirey.tech,Deborah Plant,-8.96015756117737E8
856,Electrician,Cedrick_Allington9434@tonsy.org,Cedrick Allington,-4.30617058940062E8
857,HR Specialist,Henry_Robe3393@corti.com,Henry Robe,-9.40328808887602E8
858,Operator,Ethan_Sawyer6447@yahoo.com,Ethan Sawyer,5.36450712371349E8
859,Project Manager,John_Truscott8219@qater.org,John Truscott,4.67320339966449E8
860,Front Desk Coordinator,Jasmine_Jennson1984@vetan.org,Jasmine Jennson,-9.30640288904421E8
861,Budget Analyst,Susan_Vass589@naiker.biz,Susan Vass,9.97813682326328E8
862,Banker,Penelope_Jarrett815@sveldo.biz,Penelope Jarrett,-5.24949106754073E8
863,Cook,Tony_Waterson9143@twace.org,Tony Waterson,-5.24234091656453E8
864,Business Broker,Marla_Cassidy967@typill.biz,Marla Cassidy,8.28055559520543E8
865,Dentist,Javier_Bloom2006@iatim.tech,Javier Bloom,-3.74949061851521E8
866,Inspector,Carrie_Doherty7389@naiker.biz,Carrie Doherty,7.70062844220473E8
867,Fabricator,Daron_Lane4672@twace.org,Daron Lane,-6.3777203335754E8
868,Staffing Consultant,Jane_Jarrett1297@yahoo.com,Jane Jarrett,-5.40628117225804E8
869,Lecturer,Marvin_Dann9443@atink.com,Marvin Dann,-9.09320271722087E8
870,Food Technologist,Isabella_Alcroft5622@acrit.org,Isabella Alcroft,2.09087361493234E8
871,Audiologist,Manuel_Shea5127@eirey.tech,Manuel Shea,-8.93422552322129E8
872,Cook,Amy_Hunter7730@gmail.com,Amy Hunter,-9.6235511598773E8
873,Systems Administrator,Hayden_Reynolds6372@guentu.biz,Hayden Reynolds,-4.48009435022926E8
874,Bellman,Alice_Weasley2489@gembat.biz,Alice Weasley,-8.39583655036296E8
875,Front Desk Coordinator,Julian_Stewart1706@jiman.org,Julian Stewart,-4.77133882220201E8
876,Physician,Aeris_Sanchez3757@ubusive.com,Aeris Sanchez,9524048.85234114
877,Service Supervisor,Sebastian_Potter4930@kideod.biz,Sebastian Potter,7.11874081343747E8
878,Paramedic,Manuel_Edwards7896@gompie.com,Manuel Edwards,-1.4208671432099E8
879,Treasurer,Rocco_Hill6390@ubusive.com,Rocco Hill,6.83339546442572E8
880,Dentist,Danielle_Khan7730@qater.org,Danielle Khan,2.02616406764721E8
881,Production Painter,Clint_Martin9740@bretoux.com,Clint Martin,-5.87880435646487E7
882,Baker,Clint_Lewis4268@sheye.org,Clint Lewis,9.80278340959547E8
883,Chef Manager,Chuck_Fox5109@deons.tech,Chuck Fox,-5.7339598336704E8
884,Treasurer,Sebastian_Fulton8282@nimogy.biz,Sebastian Fulton,1.41299294311709E8
885,Steward,Stella_Mason584@famism.biz,Stella Mason,4.09632611136071E8
886,Ambulatory Nurse,Emmanuelle_Page 8190@grannar.com,Emmanuelle Page,-9.68565623244062E8
887,Software Engineer,Sage_Keys8846@yahoo.com,Sage Keys,-4.92507446576228E8
888,Paramedic,Chadwick_Dickson695@famism.biz,Chadwick Dickson,2.14113253821875E8
889,Retail Trainee,Gabriel_White8081@typill.biz,Gabriel White,8.02309299996735E8
890,Operator,Wade_Alldridge1992@ovock.tech,Wade Alldridge,6.27713259476078E8
891,Staffing Consultant,Johnny_Mcnally5596@liret.org,Johnny Mcnally,-1.46089135760819E8
892,Mobile Developer,Eve_Lowe6795@womeona.net,Eve Lowe,-8.66831836720311E8
893,Dentist,Chad_Myatt5228@nickia.com,Chad Myatt,8.95399238288141E8
894,Laboratory Technician,Benjamin_Hardwick8046@twace.org,Benjamin Hardwick,-5.50817074566255E8
895,HR Coordinator,Nathan_Walker7363@kideod.biz,Nathan Walker,-4.756273384164E8
896,Systems Administrator,Vera_Pope34@brety.org,Vera Pope,-3.65649063807043E8
897,Banker,Penny_Rodwell5065@tonsy.org,Penny Rodwell,9.06536543109136E8
898,Project Manager,Taylor_Shields6061@gmail.com,Taylor Shields,-1.31086025298663E8
899,Front Desk Coordinator,Rita_Ellis1421@corti.com,Rita Ellis,8.6546662340345E7
900,Service Supervisor,Judith_Kennedy1685@nimogy.biz,Judith Kennedy,-4.30487601962029E8
901,Chef Manager,Katelyn_Cavanagh7913@sveldo.biz,Katelyn Cavanagh,8.54464521868667E8
902,Healthcare Specialist,Regina_Rose375@hourpy.biz,Regina Rose,9.54859455397726E8
903,Treasurer,Tom_Lee6129@womeona.net,Tom Lee,-8.98197699711285E8
904,Food Technologist,Daron_Matthews3593@gembat.biz,Daron Matthews,8.81352174854752E8
905,Front Desk Coordinator,Rick_Shaw1009@gompie.com,Rick Shaw,8.19927098216247E8
906,Associate Professor,Marigold_Wild4327@qater.org,Marigold Wild,-3.94219647019894E8
907,Audiologist,Domenic_Wheeler7336@muall.tech,Domenic Wheeler,-1.50045065711247E8
908,Food Technologist,Victoria_Ellis7923@twipet.com,Victoria Ellis,1.86498167204169E7
909,Web Developer,Carolyn_Spencer2196@naiker.biz,Carolyn Spencer,-4.06272390230209E8
910,Machine Operator,Valerie_Judd6680@tonsy.org,Valerie Judd,7.1198829456585E8
911,Accountant,Sydney_Dallas8240@gompie.com,Sydney Dallas,-7.57904996897767E8
912,Accountant,Erick_Drummond1307@sveldo.biz,Erick Drummond,-1.52241409847443E8
913,Fabricator,Marjorie_Victor8866@iatim.tech,Marjorie Victor,5.21036478088839E8
914,Biologist,Nick_Chester4466@famism.biz,Nick Chester,2.41293729187644E8
915,Paramedic,Maddison_Partridge5311@mafthy.com,Maddison Partridge,7.92677548761188E8
916,Service Supervisor,Sofia_Clayton9958@tonsy.org,Sofia Clayton,2.78224351777314E8
917,Project Manager,Martin_Leigh6657@vetan.org,Martin Leigh,3.58328177065555E8
918,Software Engineer,Enoch_Goldsmith1112@sveldo.biz,Enoch Goldsmith,3.11124253887161E8
919,Production Painter,Chuck_Vangness242@infotech44.tech,Chuck Vangness,2.42783124141387E8
920,Insurance Broker,Javier_Yarlett9010@zorer.org,Javier Yarlett,-8.14306909040922E8
921,Executive Director,Johnathan_Antcliff4154@deons.tech,Johnathan Antcliff,4.37898795161283E7
922,Bellman,Cedrick_Radcliffe8174@nimogy.biz,Cedrick Radcliffe,2.99998558953636E8
923,Operator,Laila_Richards2070@supunk.biz,Laila Richards,5.06389828347432E8
924,Staffing Consultant,Mark_Umney4511@muall.tech,Mark Umney,-6.71199922297878E8
925,Treasurer,Alexa_Lynn4253@eirey.tech,Alexa Lynn,-5.65810133845779E7
926,IT Support Staff,Angelique_Mitchell658@bauros.biz,Angelique Mitchell,-3.52180060451952E8
927,Retail Trainee,Judith_Wren6770@deavo.com,Judith Wren,5.04125672589821E8
928,Design Engineer,Grace_Dallas7986@vetan.org,Grace Dallas,-8.70120583440396E8
929,Web Developer,Mark_Owen4697@liret.org,Mark Owen,5.65465659397037E7
930,Clerk,Adela_Dixon3471@bauros.biz,Adela Dixon,-4.3665698132968E8
931,Global Logistics Supervisor,Hailey_Victor8049@sveldo.biz,Hailey Victor,-9.49996293139081E8
932,Biologist,Chris_Rivers2832@grannar.com,Chris Rivers,6.33461781475063E8
933,Staffing Consultant,Lucy_Vollans4627@ubusive.com,Lucy Vollans,-8.43355379116535E8
934,HR Coordinator,Julius_Corbett4236@fuliss.net,Julius Corbett,-5.14652300821606E8
935,Cashier,Matthew_Cox8256@hourpy.biz,Matthew Cox,5.09115834758031E8
936,Chef Manager,Tom_Booth7429@kideod.biz,Tom Booth,3.13059768818128E8
937,Treasurer,Erin_Wild6270@joiniaa.com,Erin Wild,-5.84852671147929E8
938,Auditor,George_Cartwright4199@bungar.biz,George Cartwright,-1.25444992944597E8
939,Cashier,Kate_Mcgee8080@sheye.org,Kate Mcgee,2.98605266571114E8
940,Baker,Danny_Rodgers3808@eirey.tech,Danny Rodgers,-7.18999438765257E8
941,Paramedic,Nate_Cowan6595@supunk.biz,Nate Cowan,1.02592977656159E8
942,HR Coordinator,Jasmine_Camden2713@qater.org,Jasmine Camden,-3.23723612754073E8
943,HR Coordinator,Hope_Carter4351@nickia.com,Hope Carter,-9.79984116003574E8
944,Bookkeeper,Tony_Lee7031@nanoff.biz,Tony Lee,-5.76058445771854E7
945,Accountant,Mason_Cameron5756@hourpy.biz,Mason Cameron,-2.08265957989802E8
946,Front Desk Coordinator,Hannah_Daniells3690@brety.org,Hannah Daniells,-4.00409486118869E8
947,IT Support Staff,Estrella_Gordon7949@deavo.com,Estrella Gordon,5.99236424566602E8
948,Design Engineer,Hope_Eyres2474@twipet.com,Hope Eyres,9.05973858918373E8
949,CNC Operator,Marvin_Shea1859@naiker.biz,Marvin Shea,3.40611707168116E8
950,Audiologist,Julius_Pierce7910@deons.tech,Julius Pierce,2.54798150431488E8
951,Investment  Advisor,Rebecca_Little1410@infotech44.tech,Rebecca Little,2.55635802063708E8
952,Steward,Johnathan_Bullock3798@cispeto.com,Johnathan Bullock,5.25544726458675E8
953,CNC Operator,Aiden_Addley5833@acrit.org,Aiden Addley,3.90391553248016E8
954,Paramedic,Ronald_Thornton242@brety.org,Ronald Thornton,5.50914043763358E8
955,HR Specialist,Lucas_Mitchell774@deavo.com,Lucas Mitchell,5.54711692446805E8
956,Steward,Jack_Bloom936@kideod.biz,Jack Bloom,5.76600302976072E8
957,Doctor,Ivy_Savage6019@liret.org,Ivy Savage,6.96161587128241E8
958,CNC Operator,Alice_Adams9679@jiman.org,Alice Adams,-9.20917642202122E8
959,Loan Officer,Rufus_Becker1067@sheye.org,Rufus Becker,-2.37336413304245E8
960,Project Manager,Tyler_Ingham9175@vetan.org,Tyler Ingham,-6.91025003655202E8
961,Bellman,Georgia_Graham505@ovock.tech,Georgia Graham,-6.77271429504938E8
962,Healthcare Specialist,Jack_Barrett2548@cispeto.com,Jack Barrett,-4.24542919281094E7
963,Biologist,Abdul_Ralph9406@elnee.tech,Abdul Ralph,7.38868547906712E8
964,CNC Operator,Martin_Nash1681@acrit.org,Martin Nash,-5.78792182049259E8
965,Business Broker,Camden_Strong5840@liret.org,Camden Strong,4.94737969369855E8
966,HR Specialist,Maxwell_Sloan3272@jiman.org,Maxwell Sloan,-1.18080103314776E8
967,Food Technologist,Russel_Emmott8367@extex.org,Russel Emmott,-1.91922116344393E8
968,Bookkeeper,Doug_Lloyd3158@vetan.org,Doug Lloyd,-3.46123158182516E8
969,Staffing Consultant,Jayden_Armstrong3103@grannar.com,Jayden Armstrong,-2.43361081914372E7
970,Ambulatory Nurse,Domenic_Morris2267@famism.biz,Domenic Morris,1.58944007564704E8
971,Banker,Thea_Crawford8970@bungar.biz,Thea Crawford,-7.72095478173568E8
972,Mobile Developer,Enoch_Salt2748@nickia.com,Enoch Salt,-8.92011635837212E8
973,Baker,Abdul_Coll9869@twipet.com,Abdul Coll,-2.50181949974319E8
974,Call Center Representative,Alma_Murphy5953@irrepsy.com,Alma Murphy,-1.42198912879193E8
975,Ambulatory Nurse,Kaylee_Fields6172@atink.com,Kaylee Fields,8.40704439141434E8
976,IT Support Staff,Lana_Rehman7663@nimogy.biz,Lana Rehman,6.74312502124932E7
977,Doctor,Leroy_Broomfield2795@bauros.biz,Leroy Broomfield,1.55297145239438E8
978,Inspector,Cynthia_Hudson5269@nickia.com,Cynthia Hudson,-5.37790878766173E8
979,Software Engineer,Oliver_Thomas1342@nimogy.biz,Oliver Thomas,9.09850435355851E7
980,Biologist,Rosalyn_Thomson8563@vetan.org,Rosalyn Thomson,-4.81402300182768E8
981,Web Developer,Maddison_Avery2213@mafthy.com,Maddison Avery,6.82518159457811E8
982,Cash Manager,Hayden_Weston4645@nickia.com,Hayden Weston,2.28987656698832E8
983,Retail Trainee,Carla_Farrow754@muall.tech,Carla Farrow,-8.43424216343115E8
984,Assistant Buyer,Nathan_Adler2776@famism.biz,Nathan Adler,-2.34034945027773E8
985,Service Supervisor,Marvin_Tobin5831@zorer.org,Marvin Tobin,-9.7488785547258E8
986,Fabricator,Makenzie_Whatson8970@guentu.biz,Makenzie Whatson,-8.57892189208021E8
987,Insurance Broker,Mark_Edley9398@atink.com,Mark Edley,4.83659675454051E8
988,Audiologist,Ron_Payne1941@tonsy.org,Ron Payne,-6.39681580232894E8
989,Stockbroker,Louise_Fenton5247@jiman.org,Louise Fenton,-7.68634429637345E8
990,Fabricator,Adalind_Callan5987@eirey.tech,Adalind Callan,5.19582657796283E8
991,Lecturer,Phillip_Rogers7587@brety.org,Phillip Rogers,-9.35386784444179E8
992,Executive Director,Alan_Nobbs1928@cispeto.com,Alan Nobbs,-3.33431185368194E8
993,Cash Manager,Daniel_Allington9393@irrepsy.com,Daniel Allington,-4.65479504268762E8
994,Loan Officer,Russel_May8489@typill.biz,Russel May,7.10477576864668E8
995,Paramedic,Kimberly_Ross5270@nickia.com,Kimberly Ross,-9.83449940815612E8
996,Ambulatory Nurse,Peter_Booth419@infotech44.tech,Peter Booth,-6.60184138313238E8
997,Software Engineer,Anthony_Thorpe3253@nimogy.biz,Anthony Thorpe,7.13614375173135E8
998,Loan Officer,Hayden_Ring2743@liret.org,Hayden Ring,4.13565912307072E8
999,Baker,Elise_Hunt6438@brety.org,Elise Hunt,-7.90598889698339E8
1000,Global Logistics Supervisor,Mark_Ryan9928@elnee.tech,Mark Ryan,3.78666897680351E8
