ID,Job Title,Email Address,FirstName LastName,Testvalue
1,Health Educator,Susan_Bradshaw7190@deons.tech,Susan Bradshaw,
2,Associate Professor,Miley_Edley1490@typill.biz,Miley Edley,
3,Call Center Representative,Tara_Healy8385@womeona.net,Tara Healy,
4,Insurance Broker,Danny_Barclay6410@naiker.biz,Danny Barclay,
5,Designer,Rae_Willson6427@nimogy.biz,Rae Willson,
6,Cashier,Mike_Eastwood2403@gembat.biz,Mike Eastwood,
7,Investment  Advisor,Paula_Speed4831@sheye.org,Paula Speed,
8,Call Center Representative,Russel_Pond3863@yahoo.com,Russel Pond,
9,Cashier,Sabrina_Moss3591@liret.org,Sabrina Moss,
10,Baker,Shay_Harrison7629@twipet.com,Shay Harrison,
11,Machine Operator,Miley_Thomson4338@typill.biz,Miley Thomson,
12,Banker,Rhea_Lane187@bauros.biz,Rhea Lane,
13,Paramedic,Doug_Quinn6448@deons.tech,Doug Quinn,
14,Designer,Grace_Brooks21@jiman.org,Grace Brooks,
15,Associate Professor,Percy_Chadwick8746@kideod.biz,Percy Chadwick,
16,Investment  Advisor,Tyson_Goodman7542@bungar.biz,Tyson Goodman,
17,HR Specialist,Shelby_Hobbs486@corti.com,Shelby Hobbs,
18,Lecturer,Wendy_Villiger1240@zorer.org,Wendy Villiger,
19,Health Educator,Elena_Furnell9243@kideod.biz,Elena Furnell,
20,Electrician,Fred_Goldsmith3933@ovock.tech,Fred Goldsmith,
21,Laboratory Technician,Bob_Jackson9465@gembat.biz,Bob Jackson,
22,Laboratory Technician,Chad_Daniells8179@corti.com,Chad Daniells,
23,Webmaster,Hailey_Harvey3604@ovock.tech,Hailey Harvey,
24,Designer,Henry_Nicholls5796@hourpy.biz,Henry Nicholls,
25,Bookkeeper,Bart_Hastings4600@tonsy.org,Bart Hastings,
26,Healthcare Specialist,Julius_Locke2318@bretoux.com,Julius Locke,
27,Assistant Buyer,Carol_Smith9008@iatim.tech,Carol Smith,
28,Investment  Advisor,George_Lucas2259@famism.biz,George Lucas,
29,CNC Operator,Aiden_Lyon3779@iatim.tech,Aiden Lyon,
30,Cook,Penelope_Pierce1342@atink.com,Penelope Pierce,
31,Pharmacist,Mark_Johnson6106@elnee.tech,Mark Johnson,
32,Stockbroker,Dalia_Mould2206@extex.org,Dalia Mould,
33,Cashier,Lucas_Thatcher1296@bretoux.com,Lucas Thatcher,
34,Healthcare Specialist,Anabelle_Lane4000@twipet.com,Anabelle Lane,
35,Executive Director,Crystal_Cameron6766@bretoux.com,Crystal Cameron,
36,Dentist,Rufus_Milner7331@twace.org,Rufus Milner,
37,Bellman,Jacob_Pratt7829@womeona.net,Jacob Pratt,
38,Service Supervisor,Tony_Wheeler8137@womeona.net,Tony Wheeler,
39,Mobile Developer,Ema_Graham7946@irrepsy.com,Ema Graham,
40,Machine Operator,Rufus_Scott8999@gmail.com,Rufus Scott,
41,Investment  Advisor,Cristal_Evans7615@joiniaa.com,Cristal Evans,
42,Accountant,Chuck_Uttridge3083@supunk.biz,Chuck Uttridge,
43,Machine Operator,Bethany_Ring1421@famism.biz,Bethany Ring,
44,Stockbroker,Kieth_Hill878@liret.org,Kieth Hill,
45,Global Logistics Supervisor,Julianna_Fisher7007@gmail.com,Julianna Fisher,
46,Project Manager,Jack_Cadman9190@typill.biz,Jack Cadman,
47,Bookkeeper,Maia_Calderwood9797@acrit.org,Maia Calderwood,
48,Audiologist,Danny_Knight6555@famism.biz,Danny Knight,
49,Audiologist,Nicholas_Sanchez3907@bretoux.com,Nicholas Sanchez,
50,HR Coordinator,Mason_Cox2227@guentu.biz,Mason Cox,
51,Cook,Danny_Power7983@deons.tech,Danny Power,
52,Retail Trainee,Emmanuelle_Morris4693@ubusive.com,Emmanuelle Morris,
53,Project Manager,Percy_White3598@kideod.biz,Percy White,
54,Healthcare Specialist,Johnny_Michael2962@dionrab.com,Johnny Michael,
55,Retail Trainee,Aileen_Jenkins7096@grannar.com,Aileen Jenkins,
56,Webmaster,Hanna_Todd7328@gmail.com,Hanna Todd,
57,Auditor,Rufus_Victor3723@famism.biz,Rufus Victor,
58,Cook,David_Lunt9733@vetan.org,David Lunt,
59,Cash Manager,Alexander_Becker9769@bauros.biz,Alexander Becker,
60,Baker,Mara_Walsh5049@cispeto.com,Mara Walsh,
61,Auditor,Abdul_Yard5666@ubusive.com,Abdul Yard,
62,Steward,Erick_Baldwin2919@acrit.org,Erick Baldwin,
63,Electrician,Aisha_Jenkin4585@jiman.org,Aisha Jenkin,
64,Call Center Representative,Alexander_Leslie4653@fuliss.net,Alexander Leslie,
65,CNC Operator,Rufus_Goldsmith9380@atink.com,Rufus Goldsmith,
66,Baker,Matthew_Dobson9166@ovock.tech,Matthew Dobson,
67,Retail Trainee,Mike_Allwood6010@famism.biz,Mike Allwood,
68,Assistant Buyer,Greta_Gray982@tonsy.org,Greta Gray,
69,Service Supervisor,Denny_Hobson9874@ubusive.com,Denny Hobson,
70,Dentist,Tess_Ring125@sveldo.biz,Tess Ring,
71,Electrician,Marilyn_Doherty7947@acrit.org,Marilyn Doherty,
72,Laboratory Technician,Manuel_Thompson2917@womeona.net,Manuel Thompson,
73,Operator,John_Kennedy8205@gmail.com,John Kennedy,
74,Stockbroker,Britney_Kent8819@joiniaa.com,Britney Kent,
75,Insurance Broker,George_Benfield8351@infotech44.tech,George Benfield,
76,Systems Administrator,Johnny_Roberts4742@kideod.biz,Johnny Roberts,
77,Steward,Ellen_Weston8526@womeona.net,Ellen Weston,
78,Operator,Carl_Butler4891@hourpy.biz,Carl Butler,
79,Health Educator,Jazmin_Mitchell4217@bungar.biz,Jazmin Mitchell,
80,Ambulatory Nurse,Anthony_Hamilton9061@womeona.net,Anthony Hamilton,
81,Treasurer,Rachael_Franks2672@acrit.org,Rachael Franks,
82,Lecturer,Natalie_Simmons2053@kideod.biz,Natalie Simmons,
83,Bellman,Mark_Chapman6860@supunk.biz,Mark Chapman,
84,Cook,Nicole_Owens8003@corti.com,Nicole Owens,
85,Cashier,Juliette_Tate4633@bulaffy.com,Juliette Tate,
86,Treasurer,Danny_Knight2967@joiniaa.com,Danny Knight,
87,Designer,Luke_Camden753@infotech44.tech,Luke Camden,
88,Retail Trainee,Enoch_Reid4319@elnee.tech,Enoch Reid,
89,Health Educator,Mackenzie_Murphy8341@bretoux.com,Mackenzie Murphy,
90,Steward,Christine_Jackson4592@iatim.tech,Christine Jackson,
91,Machine Operator,Kirsten_Eyres5@jiman.org,Kirsten Eyres,
92,Business Broker,Livia_Donovan6738@guentu.biz,Livia Donovan,
93,Doctor,Mason_Moreno7083@joiniaa.com,Mason Moreno,
94,Design Engineer,Javier_Sherry1065@eirey.tech,Javier Sherry,
95,Associate Professor,Rachael_Parr842@brety.org,Rachael Parr,
96,Pharmacist,Mark_Gordon6547@naiker.biz,Mark Gordon,
97,Executive Director,Ramon_Steer9820@eirey.tech,Ramon Steer,
98,Machine Operator,Cedrick_Khan7493@bauros.biz,Cedrick Khan,
99,Pharmacist,Russel_Squire4218@iatim.tech,Russel Squire,
100,Chef Manager,Claire_Rigg1437@bretoux.com,Claire Rigg,
101,CNC Operator,Adelaide_Zaoui4197@hourpy.biz,Adelaide Zaoui,
102,Web Developer,Britney_Phillips2611@cispeto.com,Britney Phillips,
103,Web Developer,Erick_Redden8817@twace.org,Erick Redden,
104,Baker,Nancy_Hunter6185@deavo.com,Nancy Hunter,
105,Retail Trainee,Rosemary_Saunders1023@kideod.biz,Rosemary Saunders,
106,Restaurant Manager,Peyton_Fox2754@naiker.biz,Peyton Fox,
107,Dentist,Robyn_Chapman361@deons.tech,Robyn Chapman,
108,Designer,Martin_Robinson1535@liret.org,Martin Robinson,
109,Chef Manager,Winnie_Radcliffe903@hourpy.biz,Winnie Radcliffe,
110,Banker,Rocco_Shaw42@vetan.org,Rocco Shaw,
111,Inspector,Adina_Harvey8950@gembat.biz,Adina Harvey,
112,Biologist,George_Matthews3333@ubusive.com,George Matthews,
113,Budget Analyst,Kurt_Casey4825@gmail.com,Kurt Casey,
114,Lecturer,Bryon_Furnell3250@extex.org,Bryon Furnell,
115,Food Technologist,George_Bullock9643@vetan.org,George Bullock,
116,Chef Manager,Alan_Bryson4241@vetan.org,Alan Bryson,
117,HR Specialist,Lucas_Mills2545@tonsy.org,Lucas Mills,
118,IT Support Staff,Tiffany_Tennant4999@typill.biz,Tiffany Tennant,
119,Bookkeeper,Beatrice_Ingham6013@corti.com,Beatrice Ingham,
120,Business Broker,Boris_Paterson2430@dionrab.com,Boris Paterson,
121,Web Developer,Allison_Robertson1556@zorer.org,Allison Robertson,
122,Budget Analyst,Mackenzie_Amstead6180@typill.biz,Mackenzie Amstead,
123,Electrician,Sabina_Walton3712@deons.tech,Sabina Walton,
124,Insurance Broker,Aiden_Ward7433@acrit.org,Aiden Ward,
125,Steward,Sydney_Grady848@iatim.tech,Sydney Grady,
126,Food Technologist,Bree_Vangness4316@ovock.tech,Bree Vangness,
127,Chef Manager,Marina_Robe4224@mafthy.com,Marina Robe,
128,Paramedic,Jolene_Villiger4063@gmail.com,Jolene Villiger,
129,Business Broker,Kenzie_Nielson3107@bauros.biz,Kenzie Nielson,
130,Project Manager,Rihanna_Ranks4966@brety.org,Rihanna Ranks,
131,Audiologist,Nicholas_Mitchell6034@extex.org,Nicholas Mitchell,
132,HR Specialist,Ron_Widdows2494@liret.org,Ron Widdows,
133,Cash Manager,Jacob_Kirby5787@yahoo.com,Jacob Kirby,
134,Design Engineer,Barney_Wills2395@sveldo.biz,Barney Wills,
135,Retail Trainee,Blake_Richards5074@grannar.com,Blake Richards,
136,Cashier,Oliver_Holt5@yahoo.com,Oliver Holt,
137,IT Support Staff,Carter_Wright1507@tonsy.org,Carter Wright,
138,Design Engineer,Gabriel_Robinson9691@dionrab.com,Gabriel Robinson,
139,Paramedic,Harry_Horton2754@bulaffy.com,Harry Horton,
140,Healthcare Specialist,Tyler_Moore2695@deons.tech,Tyler Moore,
141,Systems Administrator,Adelaide_Lane9091@nickia.com,Adelaide Lane,
142,Cashier,Teagan_Ventura9076@corti.com,Teagan Ventura,
143,Retail Trainee,Shelby_Robertson3730@hourpy.biz,Shelby Robertson,
144,HR Specialist,Maia_Henderson4798@infotech44.tech,Maia Henderson,
145,IT Support Staff,Rowan_Pratt2087@bretoux.com,Rowan Pratt,
146,HR Coordinator,Kurt_Baker219@gmail.com,Kurt Baker,
147,Physician,Kendra_Carter851@twipet.com,Kendra Carter,
148,Call Center Representative,Angelina_Everett1351@famism.biz,Angelina Everett,
149,Cash Manager,Tom_Robinson8327@extex.org,Tom Robinson,
150,Retail Trainee,Russel_Patel3672@nickia.com,Russel Patel,
151,CNC Operator,Jayden_Walker8469@yahoo.com,Jayden Walker,
152,Budget Analyst,Barney_Button8387@cispeto.com,Barney Button,
153,Physician,Enoch_Huggins2871@gompie.com,Enoch Huggins,
154,Accountant,Isabella_Lewin3377@gompie.com,Isabella Lewin,
155,Systems Administrator,Phoebe_Bright3531@eirey.tech,Phoebe Bright,
156,Lecturer,Mabel_Wright889@dionrab.com,Mabel Wright,
157,Insurance Broker,Cassandra_Waterson7040@ovock.tech,Cassandra Waterson,
158,Laboratory Technician,Ethan_Greenwood9959@twace.org,Ethan Greenwood,
159,Bookkeeper,George_Rogan9229@jiman.org,George Rogan,
160,Front Desk Coordinator,George_Walker3298@kideod.biz,George Walker,
161,Business Broker,Jayden_Harris6033@sveldo.biz,Jayden Harris,
162,Doctor,Keira_Lloyd1627@brety.org,Keira Lloyd,
163,Cook,Ivy_Chapman5181@nickia.com,Ivy Chapman,
164,Mobile Developer,Cynthia_Patel1540@corti.com,Cynthia Patel,
165,Operator,Esmeralda_Fox8240@muall.tech,Esmeralda Fox,
166,Audiologist,Joseph_Thornton8026@ovock.tech,Joseph Thornton,
167,Food Technologist,Bart_Raven9315@grannar.com,Bart Raven,
168,Food Technologist,Leslie_Pickard4426@twace.org,Leslie Pickard,
169,Web Developer,Liam_Antcliff4473@elnee.tech,Liam Antcliff,
170,Systems Administrator,Michael_Thompson3586@iatim.tech,Michael Thompson,
171,HR Specialist,Hayden_Potter1293@kideod.biz,Hayden Potter,
172,Health Educator,Vera_Baldwin3398@guentu.biz,Vera Baldwin,
173,Auditor,Erica_Victor3561@elnee.tech,Erica Victor,
174,Bellman,Chad_Eagle1356@gembat.biz,Chad Eagle,
175,Chef Manager,Ramon_Warner7215@atink.com,Ramon Warner,
176,Service Supervisor,Rebecca_Foxley5695@tonsy.org,Rebecca Foxley,
177,Business Broker,Daria_West1344@sheye.org,Daria West,
178,Doctor,Tom_Lomax9742@atink.com,Tom Lomax,
179,Restaurant Manager,Ryan_Andrews2415@corti.com,Ryan Andrews,
180,Electrician,Rose_Jordan6275@tonsy.org,Rose Jordan,
181,Cook,Claire_Strong5461@gembat.biz,Claire Strong,
182,Chef Manager,Denny_Ashley4747@twace.org,Denny Ashley,
183,Front Desk Coordinator,Clint_Rixon629@brety.org,Clint Rixon,
184,Cash Manager,Matt_Dixon8972@cispeto.com,Matt Dixon,
185,Accountant,Danny_Mason7275@infotech44.tech,Danny Mason,
186,Software Engineer,Gwen_Vallory3447@acrit.org,Gwen Vallory,
187,Paramedic,Felicity_Gaynor3838@sheye.org,Felicity Gaynor,
188,HR Coordinator,Julius_Freeburn6758@tonsy.org,Julius Freeburn,
189,Web Developer,Brooklyn_Bailey6392@atink.com,Brooklyn Bailey,
190,HR Coordinator,Jade_Oakley9590@zorer.org,Jade Oakley,
191,Production Painter,Sara_Jacobs282@twace.org,Sara Jacobs,
192,Front Desk Coordinator,Josh_Robertson7021@jiman.org,Josh Robertson,
193,Baker,Abdul_Morley5631@nimogy.biz,Abdul Morley,
194,Mobile Developer,Oliver_Mcguire4320@qater.org,Oliver Mcguire,
195,Global Logistics Supervisor,Mabel_Mullins8363@naiker.biz,Mabel Mullins,
196,Production Painter,Jane_Samuel3328@twace.org,Jane Samuel,
197,Auditor,Joseph_Parker2405@hourpy.biz,Joseph Parker,
198,Audiologist,Hayden_Fields314@ubusive.com,Hayden Fields,
199,Healthcare Specialist,Elly_Giles9012@zorer.org,Elly Giles,
200,Software Engineer,Christine_Sheldon2191@twipet.com,Christine Sheldon,
201,Health Educator,Michael_Cameron72@twipet.com,Michael Cameron,
202,Steward,Lara_Eaton5060@bauros.biz,Lara Eaton,
203,Audiologist,Ethan_Stark7339@typill.biz,Ethan Stark,
204,Healthcare Specialist,Leroy_Nielson3480@deavo.com,Leroy Nielson,
205,Design Engineer,Jenna_Wood5220@typill.biz,Jenna Wood,
206,Service Supervisor,Karla_Yates6909@zorer.org,Karla Yates,
207,Chef Manager,Daniel_Murray6123@naiker.biz,Daniel Murray,
208,Audiologist,Johnathan_Glynn6827@bretoux.com,Johnathan Glynn,
209,Service Supervisor,Marla_Bell1684@deons.tech,Marla Bell,
210,Systems Administrator,Emerald_Stevens7441@twipet.com,Emerald Stevens,
211,Bellman,Ada_Harrison6602@bauros.biz,Ada Harrison,
212,Accountant,Dasha_Robinson7855@qater.org,Dasha Robinson,
213,HR Coordinator,Hank_Speed6781@bauros.biz,Hank Speed,
214,Physician,Adela_Pearson5537@gompie.com,Adela Pearson,
215,Inspector,Melanie_Baker4649@eirey.tech,Melanie Baker,
216,Health Educator,Julian_Edler5973@twipet.com,Julian Edler,
217,Systems Administrator,Leslie_Tyrrell2376@bretoux.com,Leslie Tyrrell,
218,Health Educator,Mark_Powell2980@bretoux.com,Mark Powell,
219,Electrician,Megan_Johnson4586@brety.org,Megan Johnson,
220,Lecturer,Lillian_Addis4378@typill.biz,Lillian Addis,
221,Production Painter,Roger_Giles2793@ubusive.com,Roger Giles,
222,Physician,Ellen_Emmett2551@eirey.tech,Ellen Emmett,
223,Budget Analyst,Ruby_Grady2443@bungar.biz,Ruby Grady,
224,Bookkeeper,Madison_Franks8735@twace.org,Madison Franks,
225,Audiologist,Michael_Squire4397@eirey.tech,Michael Squire,
226,Baker,Adalind_Baker5792@tonsy.org,Adalind Baker,
227,Audiologist,Juliette_Quinnell7346@ovock.tech,Juliette Quinnell,
228,Fabricator,Cynthia_Nielson2736@gompie.com,Cynthia Nielson,
229,Lecturer,Rebecca_Oswald7331@sheye.org,Rebecca Oswald,
230,Systems Administrator,Ciara_Lakey2385@vetan.org,Ciara Lakey,
231,Insurance Broker,Liam_Gibson7654@joiniaa.com,Liam Gibson,
232,Paramedic,Caleb_Alexander299@corti.com,Caleb Alexander,
233,Retail Trainee,Remy_Gaynor8159@bulaffy.com,Remy Gaynor,
234,Audiologist,Cedrick_Tindall5129@dionrab.com,Cedrick Tindall,
235,Front Desk Coordinator,Boris_Power52@vetan.org,Boris Power,
236,Inspector,Tyler_Rose6192@bungar.biz,Tyler Rose,
237,Doctor,Domenic_Edley5031@irrepsy.com,Domenic Edley,
238,Designer,Percy_Bentley6260@tonsy.org,Percy Bentley,
239,Staffing Consultant,Ellen_Pond5794@sheye.org,Ellen Pond,
240,Doctor,Tess_Ulyatt7792@acrit.org,Tess Ulyatt,
241,Insurance Broker,Abbey_Grey8157@ovock.tech,Abbey Grey,
242,Health Educator,Eden_Skinner9981@irrepsy.com,Eden Skinner,
243,Audiologist,Angelique_Vinton6314@tonsy.org,Angelique Vinton,
244,Staffing Consultant,Renee_Bryson2846@sheye.org,Renee Bryson,
245,Machine Operator,Barney_Marshall3571@nanoff.biz,Barney Marshall,
246,Loan Officer,Anais_Robinson7082@eirey.tech,Anais Robinson,
247,Bookkeeper,Noah_Blythe9323@guentu.biz,Noah Blythe,
248,Cash Manager,Barry_Isaac6212@fuliss.net,Barry Isaac,
249,Electrician,Henry_Redden1009@supunk.biz,Henry Redden,
250,Front Desk Coordinator,Chris_Shaw7388@iatim.tech,Chris Shaw,
251,Loan Officer,Alexander_Rowe335@bungar.biz,Alexander Rowe,
252,Stockbroker,Johnny_Huggins3772@guentu.biz,Johnny Huggins,
253,Front Desk Coordinator,Marvin_Stubbs1503@extex.org,Marvin Stubbs,
254,Cashier,Dani_Mitchell8804@brety.org,Dani Mitchell,
255,Executive Director,David_Rogers9352@nimogy.biz,David Rogers,
256,Doctor,Jade_Ulyatt1820@eirey.tech,Jade Ulyatt,
257,Chef Manager,Macy_Coll4620@brety.org,Macy Coll,
258,Fabricator,Jules_Brooks4184@fuliss.net,Jules Brooks,
259,Cashier,Summer_Varley786@bungar.biz,Summer Varley,
260,Loan Officer,Nate_Oatway1732@brety.org,Nate Oatway,
261,Insurance Broker,Stella_Briggs8645@bretoux.com,Stella Briggs,
262,Assistant Buyer,Amelia_Groves2087@cispeto.com,Amelia Groves,
263,Front Desk Coordinator,Nina_Hilton9857@typill.biz,Nina Hilton,
264,Audiologist,Dasha_Hastings6567@extex.org,Dasha Hastings,
265,Inspector,Bryon_Osman1455@corti.com,Bryon Osman,
266,Steward,Jayden_Quinn5188@fuliss.net,Jayden Quinn,
267,Business Broker,Nick_Walsh4157@gompie.com,Nick Walsh,
268,Executive Director,Hazel_Ashley8019@nickia.com,Hazel Ashley,
269,Service Supervisor,Cedrick_Shields9093@joiniaa.com,Cedrick Shields,
270,Front Desk Coordinator,Colleen_Mitchell6571@supunk.biz,Colleen Mitchell,
271,Designer,Domenic_Harris6737@tonsy.org,Domenic Harris,
272,Ambulatory Nurse,Clarissa_Morrison3206@ubusive.com,Clarissa Morrison,
273,Food Technologist,Henry_Stevenson3658@nanoff.biz,Henry Stevenson,
274,Paramedic,Monica_Hammond3423@supunk.biz,Monica Hammond,
275,Physician,Monica_Jeffery9340@twipet.com,Monica Jeffery,
276,Call Center Representative,Aeris_Ellis3423@fuliss.net,Aeris Ellis,
277,Stockbroker,Boris_Wright436@nimogy.biz,Boris Wright,
278,Health Educator,Destiny_Williams5158@sheye.org,Destiny Williams,
279,Staffing Consultant,Nicole_Lane4324@womeona.net,Nicole Lane,
280,Inspector,Kaylee_Dillon7136@hourpy.biz,Kaylee Dillon,
281,Cash Manager,Naomi_Edwards9507@twace.org,Naomi Edwards,
282,Baker,Josh_Upton5893@nimogy.biz,Josh Upton,
283,Budget Analyst,Nate_Holmes6477@typill.biz,Nate Holmes,
284,Designer,Erick_Hooper909@yahoo.com,Erick Hooper,
285,Cashier,Ethan_Warner9562@naiker.biz,Ethan Warner,
286,Lecturer,Bryon_Lucas9693@womeona.net,Bryon Lucas,
287,Systems Administrator,Nathan_Jobson8318@bauros.biz,Nathan Jobson,
288,Web Developer,Mya_Nanton8651@womeona.net,Mya Nanton,
289,Business Broker,Percy_Weatcroft4344@gmail.com,Percy Weatcroft,
290,Baker,Irene_Collins6956@liret.org,Irene Collins,
291,Designer,Harry_Tutton4922@jiman.org,Harry Tutton,
292,Baker,Logan_Nelson57@elnee.tech,Logan Nelson,
293,Designer,Josh_Wilson3118@brety.org,Josh Wilson,
294,Doctor,Juliet_Wallace193@elnee.tech,Juliet Wallace,
295,Stockbroker,Carolyn_Matthews5511@elnee.tech,Carolyn Matthews,
296,Global Logistics Supervisor,Liam_Underhill7162@bungar.biz,Liam Underhill,
297,Biologist,Georgia_Clifton8582@eirey.tech,Georgia Clifton,
298,Physician,Gwen_Gallacher7168@womeona.net,Gwen Gallacher,
299,Electrician,Martin_Eyres2152@jiman.org,Martin Eyres,
300,Lecturer,Caleb_Farmer4924@twace.org,Caleb Farmer,
301,Project Manager,Chris_Ulyatt5876@iatim.tech,Chris Ulyatt,604514401.92427
302,Bellman,Cynthia_Bishop2565@brety.org,Cynthia Bishop,-139440572.863136
303,Paramedic,Matthew_Fox9377@brety.org,Matthew Fox,-274068761.857437
304,Operator,Johnathan_Richards7637@tonsy.org,Johnathan Richards,778471466.885247
305,Steward,Roger_Cox3327@guentu.biz,Roger Cox,-110769096.50671
306,IT Support Staff,Remy_Vernon5440@joiniaa.com,Remy Vernon,-986599195.525649
307,Physician,Jane_Mcnally8983@nickia.com,Jane Mcnally,-417329252.164883
308,Machine Operator,Cynthia_Ramsey7466@yahoo.com,Cynthia Ramsey,655845206.370879
309,Design Engineer,Valentina_Moore2462@mafthy.com,Valentina Moore,352934966.43796
310,Web Developer,Jacob_Wooldridge2631@zorer.org,Jacob Wooldridge,343452757.96754
311,Systems Administrator,Fred_Gaynor3527@liret.org,Fred Gaynor,-678780926.916573
312,Design Engineer,Payton_Mccormick5219@irrepsy.com,Payton Mccormick,-707692788.228917
313,Mobile Developer,Carl_Ulyatt9735@qater.org,Carl Ulyatt,-444856816.88049
314,Lecturer,Sloane_Brooks6992@iatim.tech,Sloane Brooks,-919566022.06124
315,Accountant,Rosalyn_Walker9555@elnee.tech,Rosalyn Walker,-940140745.044174
316,Mobile Developer,Nate_Campbell8203@yahoo.com,Nate Campbell,803422382.040882
317,Health Educator,Roger_Parker7502@twace.org,Roger Parker,-254830334.626962
318,HR Specialist,Manuel_Richardson2973@bulaffy.com,Manuel Richardson,512822335.935518
319,Pharmacist,Leilani_Knight5159@bretoux.com,Leilani Knight,-549297373.691586
320,Cashier,Judith_Duvall8031@ovock.tech,Judith Duvall,438931619.452798
321,Mobile Developer,Barney_Edwards2488@irrepsy.com,Barney Edwards,847155944.401464
322,Restaurant Manager,Angel_Clifford4944@jiman.org,Angel Clifford,788940363.76765
323,Stockbroker,Drew_Shaw7194@irrepsy.com,Drew Shaw,479271648.489589
324,Cash Manager,William_Rodgers6791@sheye.org,William Rodgers,653587032.473431
325,Production Painter,Denis_Gavin5069@bauros.biz,Denis Gavin,540753799.077296
326,Clerk,Barry_Reid5361@nanoff.biz,Barry Reid,-31462936.3600045
327,Laboratory Technician,Oliver_Milner4587@supunk.biz,Oliver Milner,-661784943.427798
328,Health Educator,Eden_Woods9985@liret.org,Eden Woods,599045179.174021
329,Designer,Julianna_Eddison1977@yahoo.com,Julianna Eddison,-625217429.163271
330,Investment  Advisor,Tyson_Graves8254@yahoo.com,Tyson Graves,-260983815.278334
331,Clerk,Martin_Allen1910@bretoux.com,Martin Allen,-884264705.875002
332,Operator,Sofie_Knight5678@infotech44.tech,Sofie Knight,813368587.404788
333,Bellman,Maribel_Stone 3349@twipet.com,Maribel Stone ,-240278813.717279
334,Bookkeeper,William_Kirby6696@ovock.tech,William Kirby,987564302.875991
335,Baker,Percy_Stubbs1101@vetan.org,Percy Stubbs,-335694424.347147
336,HR Coordinator,Matthew_Nanton6275@ubusive.com,Matthew Nanton,634962417.61353
337,Steward,Carolyn_Todd7506@corti.com,Carolyn Todd,881370387.189916
338,CNC Operator,Benny_Martin4353@atink.com,Benny Martin,504972887.069375
339,Bellman,Roger_Graves3261@kideod.biz,Roger Graves,30705078.1109652
340,Inspector,Matt_Addison6680@irrepsy.com,Matt Addison,-611626358.068852
341,Healthcare Specialist,Blake_Parker7590@cispeto.com,Blake Parker,812433604.344457
342,Electrician,Hayden_Thornton5501@elnee.tech,Hayden Thornton,248670076.375217
343,Chef Manager,Ema_Farrow2203@deons.tech,Ema Farrow,303932631.893935
344,Cash Manager,Ellen_Garner5535@vetan.org,Ellen Garner,821028882.884583
345,Treasurer,Johnathan_Eaton8078@gompie.com,Johnathan Eaton,-211752699.887238
346,Mobile Developer,Gladys_Rose684@zorer.org,Gladys Rose,383694118.88068
347,Systems Administrator,Tyson_Leslie5744@iatim.tech,Tyson Leslie,291128603.3582
348,Pharmacist,Carl_Harvey6200@nickia.com,Carl Harvey,85093870.4827321
349,CNC Operator,Mike_Saunders3183@ovock.tech,Mike Saunders,674905204.848983
350,Bookkeeper,Mackenzie_Eaton2086@typill.biz,Mackenzie Eaton,-806541486.857034
351,Health Educator,Eduardo_Holmes2471@tonsy.org,Eduardo Holmes,667126064.117104
352,Dentist,Violet_Wilson945@eirey.tech,Violet Wilson,-735362941.109498
353,Staffing Consultant,Matthew_Kelly127@infotech44.tech,Matthew Kelly,-797025429.401208
354,Doctor,Barry_Griffiths4801@gmail.com,Barry Griffiths,911086966.789356
355,Paramedic,Mason_Slater5483@mafthy.com,Mason Slater,-179593120.717593
356,Executive Director,Piper_Driscoll630@kideod.biz,Piper Driscoll,-274932630.030933
357,Associate Professor,George_Wright2038@hourpy.biz,George Wright,846865389.055977
358,IT Support Staff,Bob_Nanton3983@nimogy.biz,Bob Nanton,-518908746.707633
359,Cashier,Ron_Stewart9655@joiniaa.com,Ron Stewart,-590939001.526302
360,Executive Director,Enoch_Wellington54@grannar.com,Enoch Wellington,-278185047.285188
361,HR Specialist,Ilona_Garner3201@yahoo.com,Ilona Garner,-328024685.388858
362,Investment  Advisor,Barney_Thorpe2969@twace.org,Barney Thorpe,934072588.038943
363,Banker,Abdul_Norris9819@dionrab.com,Abdul Norris,-432674958.226819
364,Mobile Developer,George_Dempsey1132@typill.biz,George Dempsey,-907385735.724956
365,Retail Trainee,Jessica_Hewitt794@muall.tech,Jessica Hewitt,-940491110.80991
366,Baker,Benny_Noach3783@gembat.biz,Benny Noach,62552727.5318071
367,Systems Administrator,Logan_Harris7799@sheye.org,Logan Harris,-667519256.441544
368,Mobile Developer,Matthew_Wright7555@elnee.tech,Matthew Wright,-201273160.675922
369,HR Specialist,Phillip_Ainsworth9339@ovock.tech,Phillip Ainsworth,319390535.441641
370,Ambulatory Nurse,Phillip_Darcy5302@kideod.biz,Phillip Darcy,960137853.999635
371,Bookkeeper,Gil_Morgan2526@zorer.org,Gil Morgan,476707039.151024
372,Webmaster,Danielle_Groves3315@hourpy.biz,Danielle Groves,-652960544.644641
373,Biologist,Rosalie_Bailey7611@mafthy.com,Rosalie Bailey,-717170232.828557
374,Pharmacist,Brad_Gallacher7734@ubusive.com,Brad Gallacher,568966616.096999
375,Staffing Consultant,Domenic_Moore2883@irrepsy.com,Domenic Moore,637595749.577249
376,Accountant,Lana_Riley6040@grannar.com,Lana Riley,631246874.904736
377,HR Coordinator,Kimberly_Villiger2852@iatim.tech,Kimberly Villiger,883494428.561748
378,Cash Manager,Teagan_Ebbs7824@atink.com,Teagan Ebbs,315850999.543719
379,Design Engineer,Barry_Rogers2522@hourpy.biz,Barry Rogers,-930764755.325527
380,Audiologist,Ethan_Emmett6826@irrepsy.com,Ethan Emmett,-445949584.52097
381,CNC Operator,Javier_Abbot7775@typill.biz,Javier Abbot,601543376.982292
382,Production Painter,Hayden_Jeffery9175@ubusive.com,Hayden Jeffery,-515008053.882082
383,Web Developer,Carter_Purvis8730@ovock.tech,Carter Purvis,-60572436.4992551
384,Designer,Daniel_Cooper1587@jiman.org,Daniel Cooper,163708867.811855
385,Stockbroker,Phillip_Simpson1663@iatim.tech,Phillip Simpson,864041017.619299
386,Cashier,Hank_Benson7190@liret.org,Hank Benson,-21903895.0581075
387,Cash Manager,Kieth_Jennson9687@ubusive.com,Kieth Jennson,-403224380.250095
388,HR Specialist,Gemma_Norman9984@ubusive.com,Gemma Norman,-695105571.632638
389,Assistant Buyer,Kieth_Parker7114@womeona.net,Kieth Parker,633921487.626158
390,Retail Trainee,Callie_Ranks83@vetan.org,Callie Ranks,-594388000.046506
391,Inspector,Julius_Carson5227@vetan.org,Julius Carson,616660456.905333
392,Software Engineer,Catherine_Baker2655@bretoux.com,Catherine Baker,833721193.706956
393,Physician,Elise_Vincent6003@bretoux.com,Elise Vincent,474738738.522633
394,Food Technologist,Teagan_Matthews3746@ubusive.com,Teagan Matthews,599233808.291694
395,Project Manager,Logan_Cunningham4310@cispeto.com,Logan Cunningham,416550686.984456
396,Machine Operator,Julius_Veale8310@cispeto.com,Julius Veale,-688496935.295938
397,Global Logistics Supervisor,Henry_Marshall816@twipet.com,Henry Marshall,932742024.358862
398,Cashier,Caleb_Maxwell3184@nickia.com,Caleb Maxwell,737963812.048381
399,Retail Trainee,Aiden_Radley3176@liret.org,Aiden Radley,950112502.631758
400,Call Center Representative,Alma_Parsons6092@elnee.tech,Alma Parsons,560248067.84319
401,Cook,Camellia_Hill9717@vetan.org,Camellia Hill,972641224.61366
402,Healthcare Specialist,Amelia_Mcneill4700@liret.org,Amelia Mcneill,539979449.193193
403,Front Desk Coordinator,Carrie_Yarwood8698@irrepsy.com,Carrie Yarwood,-872865895.098007
404,IT Support Staff,Melanie_Bolton4457@eirey.tech,Melanie Bolton,663182761.707043
405,Budget Analyst,Aeris_Henderson515@grannar.com,Aeris Henderson,562312439.943706
406,Bellman,Jaylene_Simpson351@typill.biz,Jaylene Simpson,-468277558.890608
407,Cook,Doug_Lloyd5329@corti.com,Doug Lloyd,-236436322.119722
408,Bellman,Chester_Briggs9082@deons.tech,Chester Briggs,-888111539.794529
409,Physician,Marie_Shields2957@sveldo.biz,Marie Shields,-664418210.143213
410,Cook,Alison_Hancock3706@jiman.org,Alison Hancock,-257089361.666823
411,Cashier,Elly_Milner3698@vetan.org,Elly Milner,351215263.738951
412,Web Developer,Maia_Mitchell3503@qater.org,Maia Mitchell,-59995160.353778
413,Bellman,Mona_Addis9435@kideod.biz,Mona Addis,156118938.728755
414,Lecturer,Brad_Morris1491@irrepsy.com,Brad Morris,154541067.406718
415,Systems Administrator,Bob_Farrant3503@iatim.tech,Bob Farrant,-987794195.307785
416,Software Engineer,Felicity_Gordon4713@hourpy.biz,Felicity Gordon,669334282.388109
417,Business Broker,Chester_Baxter5503@kideod.biz,Chester Baxter,478160792.649117
418,Electrician,Harry_Baxter1990@deavo.com,Harry Baxter,901343849.882916
419,HR Coordinator,Denny_Keys1539@extex.org,Denny Keys,980585669.493726
420,Inspector,Estrella_Terry596@bulaffy.com,Estrella Terry,233476308.770088
421,Assistant Buyer,Fred_Goodman8169@elnee.tech,Fred Goodman,473335212.369641
422,Design Engineer,Amelia_Addley7555@yahoo.com,Amelia Addley,599206216.12121
423,Executive Director,Susan_Weasley3375@iatim.tech,Susan Weasley,-141411351.371937
424,Steward,Liam_Archer6748@bungar.biz,Liam Archer,865897727.424981
425,Bookkeeper,Denny_Farrell3385@ovock.tech,Denny Farrell,94789431.4419674
426,Production Painter,Emery_Gilmore8705@nickia.com,Emery Gilmore,609495376.362474
427,Executive Director,Allison_Jeffery2859@vetan.org,Allison Jeffery,346383041.923038
428,Project Manager,Peter_Doherty108@irrepsy.com,Peter Doherty,177545354.638848
429,Web Developer,Leanne_Craig5975@bretoux.com,Leanne Craig,39579228.0070191
430,Inspector,Gladys_Summers2758@ovock.tech,Gladys Summers,859160529.532339
431,Lecturer,Nicholas_Chester145@atink.com,Nicholas Chester,-233378423.212466
432,Design Engineer,Aleksandra_Bingham3161@nickia.com,Aleksandra Bingham,-488392190.951615
433,Assistant Buyer,Regina_Jenkin6715@irrepsy.com,Regina Jenkin,-201742261.324657
434,Web Developer,Ron_Cox814@gembat.biz,Ron Cox,-339146281.537463
435,IT Support Staff,Jules_Welsch6890@nimogy.biz,Jules Welsch,-414433119.112542
436,Laboratory Technician,Jacqueline_Vince2582@twace.org,Jacqueline Vince,-400323513.712888
437,Laboratory Technician,Gina_Thomas2761@sheye.org,Gina Thomas,-325148299.212048
438,Associate Professor,Drew_Stewart6878@acrit.org,Drew Stewart,-341003309.836753
439,Cash Manager,Makenzie_Wade7867@typill.biz,Makenzie Wade,839803310.859273
440,Systems Administrator,Wade_Judd1829@naiker.biz,Wade Judd,88874654.1029275
441,Health Educator,Naomi_Dixon4185@deons.tech,Naomi Dixon,-552155453.755164
442,Project Manager,Josephine_Jarvis5286@gompie.com,Josephine Jarvis,181672543.37869
443,Global Logistics Supervisor,Caleb_Morley2673@bungar.biz,Caleb Morley,-4622670.61168742
444,Paramedic,Dasha_Benfield6609@fuliss.net,Dasha Benfield,-229232711.356201
445,Baker,Maribel_Ellison985@grannar.com,Maribel Ellison,-764869087.565545
446,Cook,Victoria_Norman4406@typill.biz,Victoria Norman,-775860478.15692
447,Inspector,Lana_Phillips3982@naiker.biz,Lana Phillips,-553919363.771838
448,Loan Officer,Mya_Pickard4503@brety.org,Mya Pickard,736481723.184111
449,Web Developer,Erick_Goodman1397@muall.tech,Erick Goodman,699223089.655957
450,Dentist,Marjorie_Saunders913@famism.biz,Marjorie Saunders,-137294442.67813
451,Executive Director,Adalie_Murphy7909@deavo.com,Adalie Murphy,424557531.769934
452,Fabricator,Boris_Kelly3714@womeona.net,Boris Kelly,-502424550.867066
453,Cashier,Luna_Mason1588@gompie.com,Luna Mason,522715450.927574
454,Design Engineer,Martin_Morrison4633@yahoo.com,Martin Morrison,72677025.7243742
455,Banker,Jaylene_Selby9592@womeona.net,Jaylene Selby,-910820384.153051
456,Chef Manager,Isabella_Underhill5208@brety.org,Isabella Underhill,-306978714.990836
457,Front Desk Coordinator,Willow_Turner1190@iatim.tech,Willow Turner,951683203.556061
458,Physician,Lucas_Lee9900@gembat.biz,Lucas Lee,672392799.024768
459,Bookkeeper,Danny_Edwards6888@twipet.com,Danny Edwards,400470537.242699
460,Bellman,Jane_Shaw5516@jiman.org,Jane Shaw,125701274.207331
461,Cook,Jennifer_Whitehouse4722@typill.biz,Jennifer Whitehouse,-517466312.915941
462,Accountant,Joy_Rodwell5000@muall.tech,Joy Rodwell,-856992068.749984
463,Web Developer,Harry_Locke4889@bungar.biz,Harry Locke,975853301.631292
464,Project Manager,Moira_Garner4222@ovock.tech,Moira Garner,-927125310.612396
465,Banker,Leanne_Bowen1346@atink.com,Leanne Bowen,392555725.882024
466,Retail Trainee,Georgia_Uttridge434@mafthy.com,Georgia Uttridge,-887276743.179071
467,Baker,Josh_Abbey6393@fuliss.net,Josh Abbey,-670917264.043178
468,Auditor,Caleb_Carter4238@eirey.tech,Caleb Carter,-706403739.764189
469,Ambulatory Nurse,Stella_Casey7610@joiniaa.com,Stella Casey,-910680606.577759
470,Budget Analyst,Wade_Hobbs1071@naiker.biz,Wade Hobbs,-478273055.331882
471,Chef Manager,Adeline_Page 30@dionrab.com,Adeline Page ,-54863024.5321936
472,Bellman,Rufus_Powell9212@sveldo.biz,Rufus Powell,-5567394.31363205
473,Loan Officer,Maxwell_Noach1721@corti.com,Maxwell Noach,-466615456.025706
474,Bookkeeper,Stephanie_Franks3423@nimogy.biz,Stephanie Franks,73889765.4177525
475,Cook,Tara_Shea7778@muall.tech,Tara Shea,-567233410.923604
476,Project Manager,Isla_Dunbar7327@muall.tech,Isla Dunbar,-569980.629327577
477,Pharmacist,Adalie_Thomson8129@ubusive.com,Adalie Thomson,781779526.702718
478,Retail Trainee,Ryan_Edmonds6551@typill.biz,Ryan Edmonds,885936366.138513
479,Machine Operator,Nate_Vallory403@sveldo.biz,Nate Vallory,283440901.714476
480,IT Support Staff,Florence_Bristow1168@deavo.com,Florence Bristow,840182761.992675
481,Inspector,Alison_Darcy9826@corti.com,Alison Darcy,-571309426.914972
482,Assistant Buyer,Charlize_Whatson5068@atink.com,Charlize Whatson,-297850510.945419
483,Call Center Representative,Daphne_Coleman9285@qater.org,Daphne Coleman,810438766.199953
484,Stockbroker,Carl_Hood3303@ovock.tech,Carl Hood,478772905.985862
485,Lecturer,Eileen_Long7301@guentu.biz,Eileen Long,-138331856.067815
486,Operator,Diane_Shields457@bretoux.com,Diane Shields,-864684373.505076
487,Chef Manager,Rosa_Moss5111@womeona.net,Rosa Moss,-671430308.192395
488,Machine Operator,Camila_Little5097@irrepsy.com,Camila Little,-9028814.91154931
489,Health Educator,Anthony_Webster2160@irrepsy.com,Anthony Webster,-561908926.217025
490,Laboratory Technician,Hayden_Gibbons3462@womeona.net,Hayden Gibbons,545920441.550533
491,Biologist,Florence_Mcnally1465@nickia.com,Florence Mcnally,-478548085.745396
492,IT Support Staff,Chuck_Willson7956@nanoff.biz,Chuck Willson,52859518.9396139
493,Design Engineer,Peyton_Ring5190@sveldo.biz,Peyton Ring,-246259427.414687
494,Staffing Consultant,Julius_Selby9876@grannar.com,Julius Selby,-620902773.284289
495,Front Desk Coordinator,Ruth_Ebden2078@atink.com,Ruth Ebden,255563007.288306
496,Restaurant Manager,Bethany_Shields5210@kideod.biz,Bethany Shields,-115465896.270931
497,Healthcare Specialist,Raquel_Beal9454@gembat.biz,Raquel Beal,-869155333.063862
498,Baker,Chloe_Wilkinson9531@deavo.com,Chloe Wilkinson,807321931.771847
499,Bookkeeper,Bernadette_Khan8756@acrit.org,Bernadette Khan,568976602.847465
500,Assistant Buyer,Sabina_Pierce3810@deons.tech,Sabina Pierce,-369423058.184858
501,Global Logistics Supervisor,Maya_Santos6112@bretoux.com,Maya Santos,-302442381.059564
502,Biologist,Angelica_Dyson3774@joiniaa.com,Angelica Dyson,35115782.0855475
503,Project Manager,Bryon_Collingwood6120@naiker.biz,Bryon Collingwood,-956838748.075574
504,Baker,Hannah_Jeffery3917@grannar.com,Hannah Jeffery,-598074255.651478
505,HR Specialist,Owen_Fisher7611@cispeto.com,Owen Fisher,-698420134.335676
506,Assistant Buyer,Joseph_Thornton2699@naiker.biz,Joseph Thornton,622310735.316945
507,Insurance Broker,Josephine_Jarvis1610@twace.org,Josephine Jarvis,-109563171.36809
508,Fabricator,Jacob_Goodman9611@bulaffy.com,Jacob Goodman,866220454.746883
509,Systems Administrator,Drew_Brooks7517@famism.biz,Drew Brooks,-244930505.764533
510,Pharmacist,Nicole_Pond4742@famism.biz,Nicole Pond,-661035444.092364
511,Machine Operator,Vera_Morgan9176@deons.tech,Vera Morgan,-582024072.928088
512,Executive Director,Tess_Sloan7626@twace.org,Tess Sloan,756415401.672163
513,Food Technologist,Daron_Hood5617@twace.org,Daron Hood,-494696230.968391
514,Treasurer,Dani_Collins2144@elnee.tech,Dani Collins,817991597.596728
515,IT Support Staff,Ciara_Yates8321@ubusive.com,Ciara Yates,-878185216.683801
516,Bellman,Maddison_Vollans3787@guentu.biz,Maddison Vollans,-529026314.6291
517,Baker,Carmella_Boden191@gembat.biz,Carmella Boden,-807548181.298216
518,Cash Manager,Erica_Cooper4993@fuliss.net,Erica Cooper,233833660.282672
519,Paramedic,Melinda_Rose8179@bungar.biz,Melinda Rose,280796854.388947
520,Loan Officer,Kieth_Edwards7620@deons.tech,Kieth Edwards,308154162.286075
521,Cash Manager,Enoch_Harrington7328@nanoff.biz,Enoch Harrington,-394158685.318886
522,Treasurer,Boris_Mullins535@twace.org,Boris Mullins,-103791373.533989
523,Healthcare Specialist,Anthony_Selby5072@sveldo.biz,Anthony Selby,-115218868.824215
524,Auditor,Elena_Becker9293@cispeto.com,Elena Becker,-175819392.044611
525,Bookkeeper,Rosa_Norman3349@nanoff.biz,Rosa Norman,-64680614.8024301
526,Audiologist,Ruth_Shepherd4542@bretoux.com,Ruth Shepherd,-770836210.82698
527,Staffing Consultant,Jocelyn_Talbot9048@vetan.org,Jocelyn Talbot,-239507778.551002
528,Operator,Rick_Phillips2222@twace.org,Rick Phillips,804318288.615155
529,Health Educator,Robyn_Walker9294@naiker.biz,Robyn Walker,-945048497.24473
530,Staffing Consultant,Tyson_Warner9359@eirey.tech,Tyson Warner,373700699.834031
531,Associate Professor,Abdul_West574@corti.com,Abdul West,-782472140.436166
532,Production Painter,Valentina_Hobbs5554@qater.org,Valentina Hobbs,592538591.608056
533,Call Center Representative,Ruth_Bright5551@gembat.biz,Ruth Bright,347675403.762272
534,Healthcare Specialist,Valentina_Durrant7687@naiker.biz,Valentina Durrant,-573881816.837406
535,Budget Analyst,Susan_Blythe5634@kideod.biz,Susan Blythe,-987562256.450461
536,Staffing Consultant,Boris_Owens1873@nanoff.biz,Boris Owens,-779672518.670172
537,Paramedic,Macy_Porter4899@mafthy.com,Macy Porter,105792126.518628
538,Food Technologist,Cristal_Lambert3248@typill.biz,Cristal Lambert,-981183807.375316
539,Webmaster,Thea_West2995@hourpy.biz,Thea West,-762341666.884025
540,Ambulatory Nurse,Daria_Parsons8802@vetan.org,Daria Parsons,779117931.913797
541,Clerk,Mary_Donovan2755@tonsy.org,Mary Donovan,-661451722.457552
542,Webmaster,Joyce_Hopkins8192@cispeto.com,Joyce Hopkins,-912205154.020152
543,Audiologist,Emery_Latham588@mafthy.com,Emery Latham,885042852.820477
544,Cashier,Mason_Fenton6767@womeona.net,Mason Fenton,882187158.390371
545,Physician,Ilona_Saunders2688@twipet.com,Ilona Saunders,-767989019.806628
546,Designer,Andie_Oldfield8477@nanoff.biz,Andie Oldfield,357390721.206211
547,Web Developer,Paula_Strong7808@irrepsy.com,Paula Strong,223273949.358044
548,Inspector,Cynthia_Denton8047@supunk.biz,Cynthia Denton,-874142881.939019
549,Bellman,Zara_Graham3173@deons.tech,Zara Graham,620944910.901422
550,IT Support Staff,Josh_Knott3921@iatim.tech,Josh Knott,254503138.581037
551,Paramedic,Tony_Mcguire1760@infotech44.tech,Tony Mcguire,-120728336.904514
552,Operator,Abdul_Pitt2383@sheye.org,Abdul Pitt,-679839547.303149
553,Machine Operator,Javier_Quinnell2774@corti.com,Javier Quinnell,496949202.429246
554,IT Support Staff,Ciara_Hepburn8807@eirey.tech,Ciara Hepburn,-43831476.1613929
555,Webmaster,Jacob_Becker2964@bulaffy.com,Jacob Becker,-566668757.410451
556,HR Specialist,Tom_Truscott3954@acrit.org,Tom Truscott,-639572604.981602
557,Production Painter,Josh_Griffiths1944@typill.biz,Josh Griffiths,-746949281.949782
558,Investment  Advisor,Harvey_Ramsey1254@grannar.com,Harvey Ramsey,179034369.774655
559,Physician,Adela_Chadwick1733@ubusive.com,Adela Chadwick,360841135.525535
560,Bookkeeper,Johnathan_Forth4786@ubusive.com,Johnathan Forth,634169443.930104
561,Laboratory Technician,Jennifer_Kennedy1971@bauros.biz,Jennifer Kennedy,161801886.067762
562,Associate Professor,Harvey_Haines1432@brety.org,Harvey Haines,-755398628.460721
563,Bookkeeper,Belinda_Vane8188@vetan.org,Belinda Vane,-498890468.272605
564,Health Educator,Mara_Gray8839@bretoux.com,Mara Gray,861027236.386757
565,Biologist,Tom_Amstead4862@naiker.biz,Tom Amstead,59094451.667989
566,Fabricator,Jayden_Hamilton7933@nimogy.biz,Jayden Hamilton,516606075.739395
567,Paramedic,Ruby_Plant6007@bretoux.com,Ruby Plant,51310690.495291
568,IT Support Staff,Jack_Pope3650@dionrab.com,Jack Pope,-106026500.137992
569,Accountant,Carter_Irving696@gmail.com,Carter Irving,-211309641.289342
570,Bellman,Zoe_Russell8767@tonsy.org,Zoe Russell,706668838.033976
571,Assistant Buyer,Leilani_Thornton8203@tonsy.org,Leilani Thornton,862374189.064791
572,Clerk,Juliette_Gates9193@hourpy.biz,Juliette Gates,-313783828.165066
573,Retail Trainee,Cadence_Antcliff9748@famism.biz,Cadence Antcliff,416531635.023428
574,Production Painter,Zoe_Davies2682@acrit.org,Zoe Davies,560941939.667163
575,Biologist,Miley_Poole128@deons.tech,Miley Poole,-438145754.76629
576,HR Specialist,Mike_Thompson5269@zorer.org,Mike Thompson,-7849044.97280233
577,Pharmacist,Payton_Eastwood1743@yahoo.com,Payton Eastwood,-140231278.853921
578,Treasurer,Ronald_Nurton5209@hourpy.biz,Ronald Nurton,-106857367.724179
579,IT Support Staff,Tom_Lee5951@famism.biz,Tom Lee,657777518.746587
580,Restaurant Manager,Bob_Osmond149@dionrab.com,Bob Osmond,938043582.794923
581,Service Supervisor,Hanna_Coll2032@typill.biz,Hanna Coll,720278909.088169
582,Budget Analyst,Trisha_Styles8168@twace.org,Trisha Styles,558925178.339085
583,Web Developer,Mason_Ramsey1165@fuliss.net,Mason Ramsey,730243919.095997
584,HR Specialist,Maddison_Pitt2449@extex.org,Maddison Pitt,-419847421.740103
585,Treasurer,Wade_Adler7457@zorer.org,Wade Adler,436822091.547375
586,Laboratory Technician,Rufus_Samuel7183@irrepsy.com,Rufus Samuel,114065643.819229
587,Chef Manager,Peter_Burge9801@supunk.biz,Peter Burge,582453647.343101
588,IT Support Staff,Felicity_Jefferson5531@guentu.biz,Felicity Jefferson,-435437971.648583
589,Service Supervisor,Chanelle_Lewis5862@guentu.biz,Chanelle Lewis,-580969485.13724
590,Inspector,Megan_Pearson1887@joiniaa.com,Megan Pearson,352770463.104517
591,Business Broker,Norah_Yang6512@iatim.tech,Norah Yang,594622876.124844
592,Electrician,Mavis_Partridge5168@hourpy.biz,Mavis Partridge,386551939.190257
593,Loan Officer,Emma_Moreno5985@tonsy.org,Emma Moreno,737456229.22721
594,Healthcare Specialist,Matthew_Dyson2890@bungar.biz,Matthew Dyson,-538130532.161055
595,Web Developer,John_Stone7665@supunk.biz,John Stone,355372423.127111
596,Designer,Katelyn_Hood7010@nanoff.biz,Katelyn Hood,888504395.449475
597,Call Center Representative,Jacob_Talbot1739@typill.biz,Jacob Talbot,644458873.105383
598,Cook,Clint_Tate8003@naiker.biz,Clint Tate,864494452.61904
599,HR Specialist,Leilani_Walton6947@bretoux.com,Leilani Walton,-981484458.245645
600,Doctor,Bryon_Funnell7336@elnee.tech,Bryon Funnell,178001718.483988
601,Clerk,Chris_Stuart8318@elnee.tech,Chris Stuart,-367636285.507588
602,Physician,Maggie_Waterhouse7704@bauros.biz,Maggie Waterhouse,-751554059.683398
603,Clerk,Harry_Rixon4241@bulaffy.com,Harry Rixon,-547599246.888835
604,Call Center Representative,Cedrick_Walker3322@qater.org,Cedrick Walker,61454689.3206786
605,Executive Director,Angela_Woodcock2960@nanoff.biz,Angela Woodcock,-708568204.0495
606,Cashier,Henry_Stark9859@nickia.com,Henry Stark,-655168252.56486
607,Auditor,Lauren_King3160@vetan.org,Lauren King,682977609.069489
608,Restaurant Manager,Oliver_Bolton1020@jiman.org,Oliver Bolton,615656275.774479
609,Electrician,Ron_Fleming8092@ovock.tech,Ron Fleming,-973879078.737553
610,Production Painter,Lynn_Edler4836@nimogy.biz,Lynn Edler,-590276774.751646
611,Clerk,Elle_Roberts7903@grannar.com,Elle Roberts,-669560816.550879
612,HR Coordinator,Wade_Whitehouse3855@atink.com,Wade Whitehouse,-441733223.505727
613,Healthcare Specialist,Rose_Asher4050@nanoff.biz,Rose Asher,661731653.507039
614,Investment  Advisor,Norah_Drummond3567@deavo.com,Norah Drummond,-14746123.9901018
615,Treasurer,Abdul_Wilson8110@elnee.tech,Abdul Wilson,757291944.765046
616,Cash Manager,Nick_Norburn4613@ubusive.com,Nick Norburn,984716669.396549
617,Biologist,Dasha_Davies1877@grannar.com,Dasha Davies,992871984.322224
618,Biologist,Mike_Redfern5310@cispeto.com,Mike Redfern,265346130.623292
619,Health Educator,Gina_Payne3916@deons.tech,Gina Payne,-588993329.789316
620,Restaurant Manager,Margaret_Drew7643@tonsy.org,Margaret Drew,775237737.563883
621,Biologist,Renee_Jones3843@yahoo.com,Renee Jones,-226362920.119445
622,Doctor,Marissa_Lowe8010@bulaffy.com,Marissa Lowe,-295847292.880644
623,Dentist,Jack_Oldfield1236@eirey.tech,Jack Oldfield,-513895921.00749
624,Accountant,Russel_Rothwell9862@supunk.biz,Russel Rothwell,394371986.904913
625,Ambulatory Nurse,John_Rainford6198@sveldo.biz,John Rainford,-211501254.477111
626,Investment  Advisor,Rae_Nurton9765@elnee.tech,Rae Nurton,-731696499.69426
627,Webmaster,Marilyn_Kent2071@nimogy.biz,Marilyn Kent,-524764234.853998
628,Clerk,Doug_Cork1220@twace.org,Doug Cork,-38722535.752264
629,Treasurer,Gil_Woodley3966@sveldo.biz,Gil Woodley,713291137.194516
630,IT Support Staff,Rosa_Grady9465@acrit.org,Rosa Grady,-45324914.9534015
631,Associate Professor,Rick_Bowen2513@gmail.com,Rick Bowen,-339089243.700266
632,Fabricator,Agnes_Tailor8662@bretoux.com,Agnes Tailor,413122134.170187
633,Web Developer,Candice_Carpenter2291@deons.tech,Candice Carpenter,696323299.065373
634,Retail Trainee,Ethan_Reese6341@elnee.tech,Ethan Reese,799882744.70566
635,Assistant Buyer,Nicholas_Ellis8242@sheye.org,Nicholas Ellis,-802447404.935476
636,Web Developer,Charlotte_Walter9472@fuliss.net,Charlotte Walter,-992448163.884973
637,Production Painter,Vicky_Lewis2800@ovock.tech,Vicky Lewis,666178096.628901
638,Food Technologist,Mara_Janes6665@cispeto.com,Mara Janes,175952893.397972
639,Web Developer,Paige_Forester2450@yahoo.com,Paige Forester,944170887.758502
640,CNC Operator,Percy_Bullock9820@cispeto.com,Percy Bullock,-75550660.3665544
641,HR Coordinator,Courtney_Pond8037@supunk.biz,Courtney Pond,441214798.509674
642,Call Center Representative,Jayden_Graves3698@bauros.biz,Jayden Graves,737213428.305603
643,Service Supervisor,Carla_Williams2423@cispeto.com,Carla Williams,-719302436.781569
644,Auditor,Maribel_Allwood3181@deavo.com,Maribel Allwood,465972182.738138
645,Webmaster,Doug_Emmett9949@liret.org,Doug Emmett,499426688.070715
646,HR Specialist,Ember_Lindop7238@grannar.com,Ember Lindop,812223588.84011
647,Paramedic,Sara_Hooper2921@deons.tech,Sara Hooper,446487455.527007
648,IT Support Staff,Aurelia_Glass6454@womeona.net,Aurelia Glass,995010154.392726
649,Cash Manager,Ronald_Gardner6705@bulaffy.com,Ronald Gardner,-392007789.595588
650,Banker,Ivette_Russel6629@atink.com,Ivette Russel,-316933578.344404
651,Cash Manager,Boris_Shaw1911@muall.tech,Boris Shaw,-443764950.899114
652,Accountant,Lucas_Noach8347@famism.biz,Lucas Noach,558128448.95079
653,Front Desk Coordinator,Nick_Tate1371@elnee.tech,Nick Tate,806898404.565697
654,Pharmacist,Danny_Shea4288@muall.tech,Danny Shea,-537702127.65534
655,HR Coordinator,Luke_Rycroft4358@grannar.com,Luke Rycroft,-858941717.707013
656,Designer,Keira_Underhill9581@bungar.biz,Keira Underhill,-902332222.991302
657,Cash Manager,Piper_Riley5751@typill.biz,Piper Riley,192731120.367608
658,Cashier,Tom_Bishop3102@joiniaa.com,Tom Bishop,-582092580.974654
659,CNC Operator,Isabel_Stewart7543@corti.com,Isabel Stewart,553661930.808776
660,Webmaster,Aiden_Kirby4214@supunk.biz,Aiden Kirby,-461941479.365362
661,Laboratory Technician,Cherish_Wilcox2872@guentu.biz,Cherish Wilcox,-919914716.074992
662,Business Broker,Carolyn_Brooks5308@sveldo.biz,Carolyn Brooks,-360997644.147321
663,Stockbroker,Lucas_Poulton1138@mafthy.com,Lucas Poulton,-787104.980628626
664,Staffing Consultant,Jacob_Holt1662@twipet.com,Jacob Holt,-516056237.804505
665,Software Engineer,Leilani_Hale4879@jiman.org,Leilani Hale,839252256.000431
666,Auditor,Owen_Poole6322@gmail.com,Owen Poole,981055464.057492
667,Ambulatory Nurse,Rufus_Santos3673@dionrab.com,Rufus Santos,-700131283.073164
668,Food Technologist,Meredith_Watson6903@gompie.com,Meredith Watson,-455836188.14209
669,IT Support Staff,Louise_Hunter1153@gompie.com,Louise Hunter,884290027.761077
670,Bookkeeper,Harvey_Rodwell5273@nanoff.biz,Harvey Rodwell,271467759.704978
671,HR Specialist,Sebastian_Leslie3698@elnee.tech,Sebastian Leslie,-576230226.063589
672,Ambulatory Nurse,Danny_Donovan4190@deons.tech,Danny Donovan,68078370.7967544
673,Cook,Kimberly_Walter6060@vetan.org,Kimberly Walter,-433463811.486556
674,CNC Operator,Matthew_Benfield3556@mafthy.com,Matthew Benfield,842617568.573882
675,Restaurant Manager,Benjamin_Osmond6314@nickia.com,Benjamin Osmond,-51566945.8668097
676,Cook,Kassandra_Cooper7760@muall.tech,Kassandra Cooper,-544445108.47878
677,Retail Trainee,Clint_Little6584@gmail.com,Clint Little,457676314.813071
678,HR Coordinator,Mona_Brown8485@eirey.tech,Mona Brown,540984108.985017
679,Dentist,George_Emmett9508@twipet.com,George Emmett,-468130120.227813
680,Steward,Robyn_Gray860@tonsy.org,Robyn Gray,-389402517.255572
681,Steward,Florence_Kelly7738@muall.tech,Florence Kelly,367869686.538151
682,Bookkeeper,Fiona_Gibbons6793@gompie.com,Fiona Gibbons,-875367528.301059
683,Clerk,Mark_Allen8705@jiman.org,Mark Allen,-129498866.963287
684,Chef Manager,Bart_Stewart6308@extex.org,Bart Stewart,443393149.917664
685,Software Engineer,Erick_Yard7063@famism.biz,Erick Yard,-578094921.32879
686,Paramedic,Jacob_Hilton5845@nickia.com,Jacob Hilton,-608038906.345633
687,Designer,Savannah_Edley1625@irrepsy.com,Savannah Edley,-371114775.312717
688,Machine Operator,Adina_Verdon7296@elnee.tech,Adina Verdon,765728112.916221
689,Cook,Erick_Ebbs8977@qater.org,Erick Ebbs,653501596.21015
690,Assistant Buyer,Alexander_Burnley6213@qater.org,Alexander Burnley,720052253.727236
691,Paramedic,Bree_Hope3094@extex.org,Bree Hope,-615448065.366894
692,Dentist,Matthew_Harper1369@vetan.org,Matthew Harper,-712837284.597948
693,Physician,William_Oakley4698@cispeto.com,William Oakley,882590254.745575
694,Physician,Kurt_Swan7481@womeona.net,Kurt Swan,609938064.860481
695,Accountant,Gil_Randall7876@jiman.org,Gil Randall,689527775.865444
696,Electrician,Hayden_Dale4503@elnee.tech,Hayden Dale,464266874.651416
697,Front Desk Coordinator,Gwenyth_Groves1139@acrit.org,Gwenyth Groves,-508003028.012069
698,Laboratory Technician,Remy_Flanders1230@naiker.biz,Remy Flanders,-374989862.465692
699,Inspector,Adeline_Cattell7360@elnee.tech,Adeline Cattell,462164194.536979
700,Lecturer,Bryon_Selby8568@extex.org,Bryon Selby,-229663100.66428
701,Electrician,Tom_Robertson5472@liret.org,Tom Robertson,462005592.627712
702,Banker,Sydney_Reading7454@bretoux.com,Sydney Reading,818382230.16046
703,Laboratory Technician,Mara_Clifton8859@fuliss.net,Mara Clifton,-868844112.379699
704,Cashier,Johnathan_Parker223@kideod.biz,Johnathan Parker,-378968598.364635
705,Associate Professor,John_Warner1556@corti.com,John Warner,177183726.779927
706,Systems Administrator,Ramon_Ring2790@acrit.org,Ramon Ring,-187383208.590992
707,Audiologist,Julian_Ellis3658@sheye.org,Julian Ellis,-947238826.892795
708,Loan Officer,Tyler_Taylor5897@sveldo.biz,Tyler Taylor,-212471091.463231
709,Lecturer,Elle_Truscott5308@elnee.tech,Elle Truscott,-275408109.602537
710,Project Manager,Chadwick_Emerson5993@tonsy.org,Chadwick Emerson,-657248087.106602
711,Accountant,Stella_Mitchell3376@gmail.com,Stella Mitchell,426368981.56983
712,Executive Director,Adela_Gunn9595@yahoo.com,Adela Gunn,-637102402.497689
713,IT Support Staff,Domenic_Camden9546@sveldo.biz,Domenic Camden,-253575719.500472
714,Laboratory Technician,Harry_Gilbert8689@cispeto.com,Harry Gilbert,558041422.982425
715,Machine Operator,Liam_Thomas5339@supunk.biz,Liam Thomas,694375467.265436
716,Bellman,Kendra_Stone 9257@brety.org,Kendra Stone ,893780327.904871
717,Health Educator,Mina_Brooks6994@gembat.biz,Mina Brooks,526806094.925593
718,Steward,Rowan_Pearson3794@naiker.biz,Rowan Pearson,700066466.122229
719,Insurance Broker,Sabina_Farrow7694@acrit.org,Sabina Farrow,-33696971.4807785
720,Physician,Maxwell_Harris1977@eirey.tech,Maxwell Harris,-825475668.407831
721,HR Coordinator,Kieth_Barrett5828@muall.tech,Kieth Barrett,770377152.438785
722,Staffing Consultant,Roger_Stewart2743@yahoo.com,Roger Stewart,22210155.4713498
723,Front Desk Coordinator,Ronald_Wills2018@qater.org,Ronald Wills,-136372459.076534
724,Designer,Chuck_Hunter6099@qater.org,Chuck Hunter,-934578786.858516
725,Auditor,Bethany_Giles3481@nimogy.biz,Bethany Giles,253332188.723326
726,Steward,Miley_Page 8734@gompie.com,Miley Page ,-666684475.903326
727,Food Technologist,Daphne_Matthews3306@nimogy.biz,Daphne Matthews,-174390769.068148
728,Baker,Sebastian_Pearce5037@guentu.biz,Sebastian Pearce,68247153.2478534
729,Global Logistics Supervisor,Kieth_Turner3109@kideod.biz,Kieth Turner,-239135764.171511
730,Laboratory Technician,Violet_Yarlett7489@joiniaa.com,Violet Yarlett,859313573.242183
731,Call Center Representative,Brooklyn_Martin9275@bauros.biz,Brooklyn Martin,518300507.745495
732,Health Educator,Trisha_Tyler4409@iatim.tech,Trisha Tyler,963561565.075371
733,Bookkeeper,Harvey_Palmer7478@dionrab.com,Harvey Palmer,931229344.164199
734,Health Educator,Tara_Bentley4407@extex.org,Tara Bentley,-419050582.648684
735,Accountant,Kurt_Dixon1481@nanoff.biz,Kurt Dixon,676539767.400749
736,Budget Analyst,Gabriel_Hill3653@bungar.biz,Gabriel Hill,-877772612.723475
737,Laboratory Technician,Cassandra_Healy2372@infotech44.tech,Cassandra Healy,657975425.048952
738,Staffing Consultant,Maxwell_Collins4007@gompie.com,Maxwell Collins,-145857030.443522
739,IT Support Staff,Martin_Varley2246@famism.biz,Martin Varley,42572598.420845
740,IT Support Staff,Diane_Cork7958@ubusive.com,Diane Cork,-908171455.004085
741,Laboratory Technician,Tyson_Hunter9503@famism.biz,Tyson Hunter,725332560.987379
742,Ambulatory Nurse,Ethan_Heaton6230@nanoff.biz,Ethan Heaton,896461572.293117
743,Systems Administrator,Monica_Lambert5163@iatim.tech,Monica Lambert,648278666.082173
744,Designer,Alice_Hall9750@tonsy.org,Alice Hall,843284529.810429
745,Associate Professor,Rae_Andersson5865@bauros.biz,Rae Andersson,-681708676.505678
746,HR Specialist,Mona_Walsh7610@gompie.com,Mona Walsh,246032996.163447
747,Project Manager,Gil_Howard2454@vetan.org,Gil Howard,658231655.174013
748,IT Support Staff,Lillian_Upton2397@extex.org,Lillian Upton,479934852.094093
749,Lecturer,Ellen_Ellison6789@gembat.biz,Ellen Ellison,-436415662.478033
750,Webmaster,John_Hood4593@gembat.biz,John Hood,-914620342.632532
751,Retail Trainee,Madelyn_Nobbs252@extex.org,Madelyn Nobbs,-288862307.53558
752,Design Engineer,Scarlett_Broomfield6517@twipet.com,Scarlett Broomfield,820521556.756327
753,Insurance Broker,Tyler_Osmond480@sveldo.biz,Tyler Osmond,299451205.33427
754,Production Painter,Joseph_Watson2470@iatim.tech,Joseph Watson,927296816.359191
755,Ambulatory Nurse,Bart_Doherty5212@womeona.net,Bart Doherty,493239529.306921
756,Accountant,Daphne_Forester4604@brety.org,Daphne Forester,543073390.461914
757,Doctor,Hailey_Kidd8814@guentu.biz,Hailey Kidd,525690346.438996
758,Accountant,Clint_Russell6264@famism.biz,Clint Russell,-845864830.824473
759,Bellman,Johnny_Grey9928@nanoff.biz,Johnny Grey,-134164136.616705
760,Lecturer,Matthew_Walsh6395@vetan.org,Matthew Walsh,-783776897.645687
761,Paramedic,Emery_Woodcock1951@ovock.tech,Emery Woodcock,-941324587.203014
762,Chef Manager,Alexander_Parsons3458@twipet.com,Alexander Parsons,-448240528.587871
763,Designer,Willow_Hastings3511@naiker.biz,Willow Hastings,725461627.289483
764,Restaurant Manager,Maxwell_Larkin5422@infotech44.tech,Maxwell Larkin,128950362.701439
765,Accountant,David_Evans2497@bauros.biz,David Evans,517636369.626005
766,CNC Operator,Benjamin_Oliver7606@fuliss.net,Benjamin Oliver,-575639856.614186
767,Ambulatory Nurse,Jamie_Evans3258@atink.com,Jamie Evans,-595834314.399341
768,Insurance Broker,Clint_Jeffery2546@tonsy.org,Clint Jeffery,-39592220.7796711
769,Lecturer,Kamila_Rogers6571@nimogy.biz,Kamila Rogers,-134810566.203642
770,Operator,Colleen_Tailor4040@twipet.com,Colleen Tailor,791402655.463169
771,Paramedic,Rose_White3672@irrepsy.com,Rose White,874970586.329453
772,Service Supervisor,Luke_Whitmore5309@bungar.biz,Luke Whitmore,-923338660.106192
773,Inspector,Zoe_Middleton2183@bauros.biz,Zoe Middleton,101211702.558853
774,Dentist,Jamie_Richards6951@hourpy.biz,Jamie Richards,464391888.486111
775,Fabricator,Javier_Quinn8540@naiker.biz,Javier Quinn,-261180230.593846
776,Restaurant Manager,Selena_Gosling7952@famism.biz,Selena Gosling,663339022.42603
777,Systems Administrator,Nathan_Egerton7321@muall.tech,Nathan Egerton,-238807083.110469
778,Loan Officer,Evie_Chapman9771@cispeto.com,Evie Chapman,-639196738.481139
779,Budget Analyst,Ellen_Morris5330@liret.org,Ellen Morris,463437036.744809
780,Doctor,Jayden_Brown3321@famism.biz,Jayden Brown,528605490.874032
781,Insurance Broker,Mike_Flett9371@twipet.com,Mike Flett,132552655.910369
782,Web Developer,Gladys_Trent2752@hourpy.biz,Gladys Trent,693709282.842713
783,Business Broker,Domenic_Milner2952@corti.com,Domenic Milner,-613419437.780962
784,Project Manager,Erick_Exton7667@atink.com,Erick Exton,-728230735.350972
785,Clerk,Nate_Goodman6032@nickia.com,Nate Goodman,-342404082.26959
786,Assistant Buyer,Johnny_Cork3774@brety.org,Johnny Cork,260176116.947066
787,Food Technologist,Noah_Tailor8243@acrit.org,Noah Tailor,650685337.419257
788,Bellman,Javier_Pond6448@infotech44.tech,Javier Pond,-331742837.8271
789,Retail Trainee,Marie_Morgan1052@infotech44.tech,Marie Morgan,-715101875.32532
790,Bellman,Bryon_Aldridge5387@yahoo.com,Bryon Aldridge,-547644734.492819
791,Food Technologist,Rick_Dobson7321@acrit.org,Rick Dobson,253159260.442074
792,Executive Director,Victoria_Vinton4934@grannar.com,Victoria Vinton,60624767.8781347
793,Doctor,Mya_Willson565@gembat.biz,Mya Willson,851575542.836773
794,Front Desk Coordinator,Percy_Ross8491@bulaffy.com,Percy Ross,-132396300.825744
795,Chef Manager,Russel_Moore5189@grannar.com,Russel Moore,-46755075.6708048
796,Webmaster,Christine_Robinson832@supunk.biz,Christine Robinson,-92104198.2963348
797,Healthcare Specialist,Nick_Irving1873@guentu.biz,Nick Irving,-709519058.204861
798,Insurance Broker,Gabriel_Wigley1759@grannar.com,Gabriel Wigley,-977842126.67625
799,Loan Officer,Hanna_Leslie2205@mafthy.com,Hanna Leslie,-271592776.642837
800,Call Center Representative,Denis_Varley4978@twace.org,Denis Varley,121602076.864166
801,Loan Officer,Johnathan_Graham1204@famism.biz,Johnathan Graham,-176116699.945059
802,Healthcare Specialist,Elise_King2354@naiker.biz,Elise King,-203517216.779082
803,Designer,Ellen_Clifton315@typill.biz,Ellen Clifton,-876029748.060145
804,Inspector,Elise_Kelly343@supunk.biz,Elise Kelly,735474476.687342
805,Auditor,Daria_Stewart4906@zorer.org,Daria Stewart,-903142805.79465
806,Physician,Barry_Calderwood3785@zorer.org,Barry Calderwood,-638102581.329598
807,Treasurer,Kurt_Carter1997@guentu.biz,Kurt Carter,796975749.275412
808,Software Engineer,Daron_Hudson3593@acrit.org,Daron Hudson,-701473741.119119
809,CNC Operator,Mary_Mason5932@infotech44.tech,Mary Mason,492738069.278862
810,Lecturer,Holly_Hobson1377@twace.org,Holly Hobson,-750303934.120945
811,Healthcare Specialist,Boris_Vass1209@gompie.com,Boris Vass,-956435558.249272
812,HR Coordinator,Francesca_Tobin9974@womeona.net,Francesca Tobin,-553241078.20636
813,Biologist,Denis_Olivier5882@hourpy.biz,Denis Olivier,-853154986.929169
814,Software Engineer,Mark_Lloyd83@gmail.com,Mark Lloyd,-996881567.438316
815,Web Developer,Julius_Yoman6028@corti.com,Julius Yoman,976834745.101055
816,Biologist,Owen_Shepherd1815@kideod.biz,Owen Shepherd,307815880.506884
817,Investment  Advisor,Gabriel_Milner685@nanoff.biz,Gabriel Milner,-555367724.766844
818,Machine Operator,Shelby_Carter52@corti.com,Shelby Carter,128004744.967335
819,Treasurer,Paula_Cooper4359@mafthy.com,Paula Cooper,-676436549.362452
820,Software Engineer,Gwen_Walker3201@sveldo.biz,Gwen Walker,614442135.941057
821,Doctor,Celia_Slater1356@typill.biz,Celia Slater,661524849.7627
822,Electrician,Denis_Gates5288@elnee.tech,Denis Gates,-412871804.204683
823,Retail Trainee,Mike_Utterson8212@supunk.biz,Mike Utterson,682669232.791586
824,Assistant Buyer,Anthony_Newton2193@iatim.tech,Anthony Newton,-990007902.715454
825,Biologist,Nicholas_Dickson7292@corti.com,Nicholas Dickson,-426468261.290525
826,Cashier,Ryan_Johnson7874@womeona.net,Ryan Johnson,-152924362.532
827,Front Desk Coordinator,Bob_Osmond3170@irrepsy.com,Bob Osmond,-524650865.363216
828,Executive Director,Chester_Lyon5179@guentu.biz,Chester Lyon,-737628452.249456
829,Business Broker,Michael_Rees7239@womeona.net,Michael Rees,-42131508.9529968
830,Food Technologist,Ruby_Gibson9307@tonsy.org,Ruby Gibson,-120810117.20624
831,Call Center Representative,Mike_Mcgee9929@yahoo.com,Mike Mcgee,178594660.788842
832,Systems Administrator,Jayden_Ross7460@naiker.biz,Jayden Ross,186590347.226417
833,Service Supervisor,Tiffany_Thorpe4920@acrit.org,Tiffany Thorpe,-63103185.8348698
834,Production Painter,Parker_Thomas6841@fuliss.net,Parker Thomas,996113896.183647
835,Restaurant Manager,Maddison_Brooks970@iatim.tech,Maddison Brooks,903356950.217544
836,Systems Administrator,Sadie_Lyon2985@joiniaa.com,Sadie Lyon,-609440577.54589
837,Food Technologist,Robyn_Farrell304@corti.com,Robyn Farrell,-621792902.058615
838,Steward,Doug_Mitchell8543@zorer.org,Doug Mitchell,251537608.408461
839,Web Developer,Maggie_Veale5630@dionrab.com,Maggie Veale,-139453479.387179
840,Accountant,Noah_Lewis8977@sheye.org,Noah Lewis,-646934212.091571
841,Investment  Advisor,Domenic_Giles717@liret.org,Domenic Giles,-830862831.254848
842,Associate Professor,Tyler_Rixon2218@deons.tech,Tyler Rixon,-948229618.449834
843,HR Coordinator,Tyler_Ulyatt7917@irrepsy.com,Tyler Ulyatt,-729748175.212967
844,Fabricator,Georgia_Egerton5769@famism.biz,Georgia Egerton,377111144.369327
845,HR Coordinator,Joseph_Whitmore1305@kideod.biz,Joseph Whitmore,-659207270.182851
846,Global Logistics Supervisor,Fred_Randall5250@elnee.tech,Fred Randall,428814583.665598
847,Business Broker,Alex_Moran9903@corti.com,Alex Moran,520892656.457335
848,Treasurer,Hope_Penn8673@corti.com,Hope Penn,696611389.409795
849,Loan Officer,Matt_Verdon2643@bretoux.com,Matt Verdon,608100594.288824
850,Cook,Jack_Pierce8085@nimogy.biz,Jack Pierce,349813876.869248
851,Executive Director,Chadwick_Tindall5894@twipet.com,Chadwick Tindall,108461237.155731
852,HR Coordinator,Adela_Blackburn479@deavo.com,Adela Blackburn,789153432.706975
853,Audiologist,Sonya_Heaton1397@acrit.org,Sonya Heaton,-729545089.988948
854,HR Specialist,Miley_Hope6154@gmail.com,Miley Hope,525707917.029819
855,Service Supervisor,Maddison_Hunt3248@ubusive.com,Maddison Hunt,37777178.1789364
856,Inspector,Nate_Shepherd5984@sveldo.biz,Nate Shepherd,680483740.129469
857,Cash Manager,Julian_Trent6732@muall.tech,Julian Trent,710667538.30695
858,Insurance Broker,Isabel_Ring2598@grannar.com,Isabel Ring,-406019445.579791
859,Inspector,Greta_Eaton5232@eirey.tech,Greta Eaton,482741142.345551
860,Biologist,Liliana_Wigley2237@ubusive.com,Liliana Wigley,422119443.310482
861,Health Educator,Ron_Riley683@supunk.biz,Ron Riley,-447678933.442695
862,Operator,Cristal_Upton9142@ovock.tech,Cristal Upton,-570959246.307188
863,Stockbroker,Livia_Rowe7637@sheye.org,Livia Rowe,-7719743.80236403
864,Webmaster,Nate_Roth3297@cispeto.com,Nate Roth,803883260.703601
865,Baker,Isabel_Willis9982@jiman.org,Isabel Willis,172931376.820222
866,Bellman,Maribel_Thorpe5613@bretoux.com,Maribel Thorpe,39230369.9632367
867,Operator,Kaylee_Garcia1283@deavo.com,Kaylee Garcia,619897063.992967
868,Design Engineer,Sebastian_Mcnally6802@twipet.com,Sebastian Mcnally,-631581527.410663
869,Insurance Broker,Lily_Middleton1209@jiman.org,Lily Middleton,319176184.848726
870,Budget Analyst,Scarlett_Little7981@deavo.com,Scarlett Little,-300628658.53752
871,Doctor,Daria_Donnelly5218@kideod.biz,Daria Donnelly,-284075386.251805
872,Insurance Broker,Danny_Tyler6755@brety.org,Danny Tyler,-878013241.826409
873,Physician,William_Vincent4560@fuliss.net,William Vincent,-181978964.776033
874,Global Logistics Supervisor,Ronald_Hall2481@yahoo.com,Ronald Hall,547354272.191018
875,Machine Operator,Danny_Jackson5344@infotech44.tech,Danny Jackson,653790300.14916
876,Steward,Harry_Power1044@ovock.tech,Harry Power,-236474910.51356
877,Steward,Lexi_Chappell4959@bauros.biz,Lexi Chappell,445230948.765286
878,HR Specialist,Chris_Bowen2682@womeona.net,Chris Bowen,-950504140.50026
879,Restaurant Manager,Alexander_Harvey5871@sveldo.biz,Alexander Harvey,-827602251.886239
880,Loan Officer,Tom_Lloyd5159@bauros.biz,Tom Lloyd,-744569013.637929
881,Webmaster,Sabrina_Thomson2717@ubusive.com,Sabrina Thomson,-625315164.656901
882,Audiologist,Hayden_Moreno4776@supunk.biz,Hayden Moreno,965295809.108419
883,HR Specialist,Melania_Moore8404@infotech44.tech,Melania Moore,120107893.704947
884,Machine Operator,Martin_Mcgregor3838@gmail.com,Martin Mcgregor,-492977820.591947
885,Retail Trainee,Makena_Price1890@famism.biz,Makena Price,-878327706.350164
886,Front Desk Coordinator,Sadie_Fisher75@qater.org,Sadie Fisher,-781243218.537005
887,Business Broker,Barney_Wilkinson516@sveldo.biz,Barney Wilkinson,272619090.718078
888,Call Center Representative,Chester_Moore9248@deavo.com,Chester Moore,-735979508.439986
889,Production Painter,Sadie_Simmons7369@ubusive.com,Sadie Simmons,498713726.776845
890,Banker,Doris_Benfield5117@muall.tech,Doris Benfield,195890983.922403
891,Clerk,Brad_Davies6538@sveldo.biz,Brad Davies,518372848.324724
892,Staffing Consultant,Paige_Lindsay4894@deavo.com,Paige Lindsay,-902884881.803412
893,Machine Operator,John_Page 707@deavo.com,John Page ,52774290.7375069
894,Lecturer,Emery_Yang1834@zorer.org,Emery Yang,-725855947.118869
895,Staffing Consultant,Noah_Mcnally3844@bungar.biz,Noah Mcnally,-860673438.013659
896,CNC Operator,Fred_Stevens1293@typill.biz,Fred Stevens,-896139341.878839
897,Business Broker,Agnes_Saunders9142@liret.org,Agnes Saunders,-330887637.534229
898,Dentist,Josh_Addison2288@qater.org,Josh Addison,650108076.284659
899,Food Technologist,Percy_Tate7163@cispeto.com,Percy Tate,-548304991.771795
900,Fabricator,Victoria_Taylor5883@qater.org,Victoria Taylor,274880785.354277
901,Ambulatory Nurse,Alan_Harvey4007@fuliss.net,Alan Harvey,604048124.020332
902,Electrician,Daron_Pearson6544@bauros.biz,Daron Pearson,997979155.426435
903,Food Technologist,Alexia_Umney5788@fuliss.net,Alexia Umney,943455356.227539
904,Chef Manager,Tony_Walsh8677@brety.org,Tony Walsh,-847920835.104251
905,Physician,Vera_Bright8374@qater.org,Vera Bright,210420212.016758
906,IT Support Staff,Ron_Oliver779@nickia.com,Ron Oliver,-538833279.14764
907,Paramedic,Ronald_Uttridge6203@grannar.com,Ronald Uttridge,842091971.465048
908,Front Desk Coordinator,Livia_Curtis1140@gompie.com,Livia Curtis,79987125.4758551
909,Physician,Anne_Bell7282@gompie.com,Anne Bell,926016326.876133
910,Business Broker,Wade_Stone 1631@brety.org,Wade Stone ,-289082627.921921
911,Cook,Samantha_Morgan2670@infotech44.tech,Samantha Morgan,63896441.1135755
912,Ambulatory Nurse,Juliet_Redfern3663@acrit.org,Juliet Redfern,92720024.7108568
913,Banker,Leah_Rogan7987@ovock.tech,Leah Rogan,492048588.017538
914,Operator,Cedrick_Wilson4780@sveldo.biz,Cedrick Wilson,895820867.39201
915,Operator,Summer_Cooper4581@supunk.biz,Summer Cooper,-834412665.602401
916,Front Desk Coordinator,Chanelle_Poulton8600@grannar.com,Chanelle Poulton,859200688.133714
917,Chef Manager,Christine_Simmons7081@hourpy.biz,Christine Simmons,-524294386.074346
918,Associate Professor,Felicity_Anderson5711@sveldo.biz,Felicity Anderson,-472350059.205766
919,Ambulatory Nurse,Bethany_Palmer9548@gmail.com,Bethany Palmer,-280021837.282501
920,Cash Manager,Benny_Kerr8166@bauros.biz,Benny Kerr,175673642.125841
921,Designer,Jack_Nayler1788@nimogy.biz,Jack Nayler,-701629004.42524
922,Systems Administrator,Juliette_Gilbert5900@jiman.org,Juliette Gilbert,-998689464.74028
923,Global Logistics Supervisor,Erick_Morris8312@nanoff.biz,Erick Morris,694699766.425534
924,Clerk,Mason_Carpenter7058@typill.biz,Mason Carpenter,485761077.819096
925,Software Engineer,Benjamin_Woods5401@brety.org,Benjamin Woods,-992032823.65611
926,Accountant,Matt_Downing1138@twipet.com,Matt Downing,951486237.956188
927,Global Logistics Supervisor,Danny_Beal3289@yahoo.com,Danny Beal,89207829.7606535
928,Machine Operator,Tyson_Carter8764@atink.com,Tyson Carter,822535416.907226
929,Loan Officer,Nick_Rogers9277@naiker.biz,Nick Rogers,873226276.055618
930,Executive Director,Elijah_Yarwood2088@dionrab.com,Elijah Yarwood,381710721.856297
931,Design Engineer,Maddison_Morris540@nimogy.biz,Maddison Morris,-816442819.422806
932,Global Logistics Supervisor,John_Townend8258@iatim.tech,John Townend,-166226554.258505
933,Steward,Cara_Swift2370@tonsy.org,Cara Swift,-477039866.421243
934,Staffing Consultant,Marina_Lee1710@bungar.biz,Marina Lee,-145845099.030559
935,Baker,Joseph_Fox5692@nimogy.biz,Joseph Fox,-679338346.907267
936,Call Center Representative,Louise_Allen566@tonsy.org,Louise Allen,943500566.631204
937,CNC Operator,Carmella_Morgan4823@typill.biz,Carmella Morgan,-278282197.296326
938,Loan Officer,Peyton_Welsch7109@womeona.net,Peyton Welsch,-588564721.527912
939,Assistant Buyer,Tom_Aldridge5430@sveldo.biz,Tom Aldridge,-787437821.213334
940,Steward,Ellen_Wilson5570@bauros.biz,Ellen Wilson,216558612.211806
941,Chef Manager,Rocco_Kidd2290@brety.org,Rocco Kidd,-905077850.662486
942,Project Manager,Leroy_Avery2116@tonsy.org,Leroy Avery,-226920164.647035
943,Health Educator,Domenic_Shea4129@supunk.biz,Domenic Shea,62910317.5400606
944,Business Broker,Elijah_Boyle5999@typill.biz,Elijah Boyle,-444419108.130889
945,Food Technologist,Mabel_Wilde1882@irrepsy.com,Mabel Wilde,-144811017.296928
946,Global Logistics Supervisor,Nick_Truscott7657@twace.org,Nick Truscott,-241338709.819359
947,Budget Analyst,Hayden_Shelton2038@bulaffy.com,Hayden Shelton,-796855419.655267
948,Doctor,Angela_Shea8624@bungar.biz,Angela Shea,-324024149.150776
949,Dentist,Noah_Healy4951@famism.biz,Noah Healy,238798603.502215
950,Biologist,Logan_Pickard2182@supunk.biz,Logan Pickard,950941012.838827
951,Food Technologist,Chuck_Ingham4679@brety.org,Chuck Ingham,285388596.114369
952,Bellman,Julian_Hobson6119@famism.biz,Julian Hobson,264433979.440174
953,CNC Operator,Percy_Nobbs6344@twace.org,Percy Nobbs,108375612.335939
954,Call Center Representative,Catherine_Plant643@fuliss.net,Catherine Plant,-309671982.419188
955,Cook,Wade_Booth8212@twipet.com,Wade Booth,632797963.653077
956,Cash Manager,Boris_Wild6037@nickia.com,Boris Wild,59897098.1383318
957,Designer,Noah_Appleton460@kideod.biz,Noah Appleton,-618666165.559044
958,Auditor,Ruby_Rodwell1452@bulaffy.com,Ruby Rodwell,169823675.823029
959,Auditor,Renee_Wise3935@joiniaa.com,Renee Wise,-700605167.787827
960,Webmaster,Peter_Gilmour9900@dionrab.com,Peter Gilmour,-686353864.374148
961,Lecturer,Mike_Vollans5759@gompie.com,Mike Vollans,348084525.246628
962,Dentist,Daron_Graves4666@fuliss.net,Daron Graves,492939573.66013
963,Design Engineer,Alessia_Yang4576@elnee.tech,Alessia Yang,259138415.003528
964,Auditor,Maribel_Hilton8185@gembat.biz,Maribel Hilton,686593399.987324
965,Auditor,Jazmin_Rixon6679@nanoff.biz,Jazmin Rixon,485857572.507867
966,Steward,Hailey_Turner7513@muall.tech,Hailey Turner,736699350.65801
967,Bellman,Georgia_Jones706@deons.tech,Georgia Jones,421707535.394197
968,Inspector,Mason_Roscoe5866@muall.tech,Mason Roscoe,-317595063.142231
969,Call Center Representative,Tyler_Maxwell4955@dionrab.com,Tyler Maxwell,132569441.702757
970,Executive Director,Eve_Stanton7625@gompie.com,Eve Stanton,969322456.390702
971,Cook,Harriet_Terry8122@twace.org,Harriet Terry,-955851268.633818
972,Inspector,Rosa_Edwards3205@twace.org,Rosa Edwards,741461808.612154
973,Cash Manager,Destiny_Logan9519@nanoff.biz,Destiny Logan,916224193.25539
974,Loan Officer,Mike_Spencer6914@atink.com,Mike Spencer,749734246.901505
975,Service Supervisor,Andrea_Rosenbloom2747@nanoff.biz,Andrea Rosenbloom,791080357.778702
976,Global Logistics Supervisor,Maribel_Fleming4640@tonsy.org,Maribel Fleming,-187809661.87412
977,Operator,Makena_May3195@grannar.com,Makena May,-61241006.2312589
978,Business Broker,Louise_Strong2333@nanoff.biz,Louise Strong,23029455.5748513
979,Budget Analyst,Cara_Hammond3552@gompie.com,Cara Hammond,749149262.780313
980,Business Broker,Wendy_Lloyd458@kideod.biz,Wendy Lloyd,-183799189.988167
981,IT Support Staff,Maya_Everett3877@kideod.biz,Maya Everett,572090162.906117
982,Front Desk Coordinator,Alma_Moran5936@corti.com,Alma Moran,-553837286.848024
983,Associate Professor,Ally_Stanton4158@brety.org,Ally Stanton,-961807254.474239
984,Baker,Chadwick_Tyrrell5432@acrit.org,Chadwick Tyrrell,-394923424.097415
985,Budget Analyst,Camila_Weatcroft2585@mafthy.com,Camila Weatcroft,-579417754.00229
986,Budget Analyst,Jade_Ross4084@gompie.com,Jade Ross,91537089.6075162
987,Clerk,Norah_Hastings9175@sveldo.biz,Norah Hastings,279705955.755745
988,Food Technologist,Michaela_Anderson5388@guentu.biz,Michaela Anderson,-315112604.578834
989,Fabricator,Abbey_Penn5001@elnee.tech,Abbey Penn,174515145.385515
990,Software Engineer,Gabriel_Ballard1267@cispeto.com,Gabriel Ballard,905295358.489668
991,Audiologist,Erick_Umney5967@bauros.biz,Erick Umney,830112711.023728
992,Inspector,Diane_Camden1732@twipet.com,Diane Camden,712474541.623665
993,Chef Manager,Danny_Locke1765@kideod.biz,Danny Locke,903169984.489748
994,Executive Director,Caleb_Horton6170@twipet.com,Caleb Horton,-375490199.249843
995,Healthcare Specialist,Bryon_Parker8689@zorer.org,Bryon Parker,-71932641.6372651
996,Food Technologist,Barney_Wright8068@joiniaa.com,Barney Wright,917158683.400819
997,Service Supervisor,Hazel_Furnell121@eirey.tech,Hazel Furnell,609319778.820521
998,Web Developer,Teagan_Emmott9974@hourpy.biz,Teagan Emmott,501830841.141109
999,Executive Director,Deborah_Connor9301@iatim.tech,Deborah Connor,256038969.091056
1000,HR Coordinator,Luke_Durrant426@sveldo.biz,Luke Durrant,277322068.276307

