ID,Job Title,Email Address,FirstName LastName,Salary,HiredDate
1,HR Specialist,Julian_Bayliss2098@nimogy.biz,Julian Bayliss,104329,"Thursday, May 7, 2020"
2,Audiologist,Callie_Martin1135@irrepsy.com,Callie Martin,494418,"Friday, November 13, 2020"
3,CNC Operator,Sylvia_Vernon3017@fuliss.net,Sylvia Vernon,123174,"Monday, December 21, 2020"
4,Design Engineer,Erick_Dubois26@grannar.com,Erick Dubois,390640,"Friday, July 3, 2020"
5,Paramedic,Bernadette_Sherry7968@ubusive.com,Bernadette Sherry,544461,"Monday, September 27, 2021"
6,Audiologist,Valerie_Robinson5094@mafthy.com,Valerie Robinson,653455,"Tuesday, June 8, 2021"
7,Laboratory Technician,Tiffany_Stevenson2975@bauros.biz,Tiffany Stevenson,737871,"Friday, October 2, 2020"
8,Ambulatory Nurse,Rufus_Wilkinson7964@joiniaa.com,Rufus Wilkinson,382487,"Monday, August 30, 2021"
9,Lecturer,Harvey_Rycroft1254@bungar.biz,Harvey Rycroft,550950,"Tuesday, February 16, 2021"
10,Physician,Ryan_Gunn2524@iatim.tech,Ryan Gunn,147691,"Monday, January 4, 2021"
11,Cook,Rosalyn_Graham1990@extex.org,Rosalyn Graham,419655,"Monday, February 10, 2020"
12,Staffing Consultant,Tyson_Wallace814@hourpy.biz,Tyson Wallace,506346,"Friday, November 20, 2020"
13,Ambulatory Nurse,Tom_Carson7682@gmail.com,Tom Carson,462452,"Friday, November 6, 2020"
14,Insurance Broker,Marvin_Doherty7698@sheye.org,Marvin Doherty,562571,"Monday, February 24, 2020"
15,Business Broker,Davina_Smith2045@acrit.org,Davina Smith,306935,"Sunday, June 14, 2020"
16,Insurance Broker,Fred_Stevens2822@acrit.org,Fred Stevens,80439,"Thursday, April 30, 2020"
17,Restaurant Manager,Colleen_Reading6283@dionrab.com,Colleen Reading,187145,"Friday, July 24, 2020"
18,Project Manager,Alexander_Weston8453@bretoux.com,Alexander Weston,13378,"Monday, June 15, 2020"
19,Executive Director,Vicky_Mcneill1701@bretoux.com,Vicky Mcneill,339782,"Sunday, September 26, 2021"
20,Treasurer,Tom_Upton3081@deons.tech,Tom Upton,72883,"Monday, February 22, 2021"
21,Audiologist,Sasha_Lucas4114@womeona.net,Sasha Lucas,232229,"Thursday, March 26, 2020"
22,Dentist,Celia_Wild8725@tonsy.org,Celia Wild,289511,"Wednesday, July 29, 2020"
23,Webmaster,Kassandra_Gordon7263@nanoff.biz,Kassandra Gordon,335179,"Wednesday, September 2, 2020"
24,Webmaster,Rufus_Farrant61@twace.org,Rufus Farrant,702215,"Saturday, February 22, 2020"
25,Biologist,Aiden_Davies4828@brety.org,Aiden Davies,485891,"Sunday, August 1, 2021"
26,Cash Manager,Johnny_Jackson502@eirey.tech,Johnny Jackson,6325,"Friday, August 6, 2021"
27,Design Engineer,Brad_Rust6274@typill.biz,Brad Rust,567030,"Sunday, August 9, 2020"
28,Investment  Advisor,Clint_Greenwood2401@womeona.net,Clint Greenwood,396326,"Monday, November 8, 2021"
29,Executive Director,Raquel_Underhill1420@jiman.org,Raquel Underhill,66283,"Tuesday, August 25, 2020"
30,Steward,Doug_Phillips9982@muall.tech,Doug Phillips,171499,"Monday, April 12, 2021"
31,Bellman,Alan_Swan9444@corti.com,Alan Swan,274101,"Wednesday, June 9, 2021"
32,Executive Director,Andie_Jenkin787@tonsy.org,Andie Jenkin,13062,"Monday, November 30, 2020"
33,Insurance Broker,Chester_Simpson8508@zorer.org,Chester Simpson,221721,"Tuesday, January 12, 2021"
34,Webmaster,Jules_James3004@muall.tech,Jules James,407579,"Monday, January 18, 2021"
35,Doctor,Mason_Robertson2070@vetan.org,Mason Robertson,119829,"Tuesday, February 16, 2021"
36,Front Desk Coordinator,Johnathan_Selby6041@guentu.biz,Johnathan Selby,466967,"Tuesday, December 22, 2020"
37,Steward,Liam_Dixon343@bretoux.com,Liam Dixon,504247,"Saturday, October 30, 2021"
38,HR Coordinator,Maya_Judd6938@zorer.org,Maya Judd,143965,"Monday, August 17, 2020"
39,Retail Trainee,Moira_Hogg8250@brety.org,Moira Hogg,552456,"Friday, August 28, 2020"
40,Baker,Camellia_Gonzales5056@elnee.tech,Camellia Gonzales,626617,"Tuesday, January 19, 2021"
41,Call Center Representative,Nancy_Shepherd1476@typill.biz,Nancy Shepherd,188202,"Sunday, November 28, 2021"
42,Software Engineer,Angelique_Shaw1923@irrepsy.com,Angelique Shaw,575215,"Friday, May 22, 2020"
43,Dentist,Jayden_Gray9046@acrit.org,Jayden Gray,648150,"Thursday, March 25, 2021"
44,Machine Operator,Mark_Goldsmith9871@bauros.biz,Mark Goldsmith,224889,"Thursday, July 23, 2020"
45,Bellman,Rose_Carpenter4572@bretoux.com,Rose Carpenter,517490,"Monday, May 10, 2021"
46,Paramedic,Esmeralda_Verdon7707@fuliss.net,Esmeralda Verdon,192519,"Monday, August 24, 2020"
47,Design Engineer,Denny_Thompson798@bungar.biz,Denny Thompson,49769,"Friday, December 4, 2020"
48,Dentist,Lynn_Baker1417@elnee.tech,Lynn Baker,492637,"Thursday, October 1, 2020"
49,Systems Administrator,Wade_Weldon281@kideod.biz,Wade Weldon,685806,"Wednesday, January 1, 2020"
50,Lecturer,Anthony_Vallory7472@grannar.com,Anthony Vallory,3717,"Wednesday, October 27, 2021"
51,Chef Manager,Matthew_Jacobs4669@liret.org,Matthew Jacobs,207482,"Wednesday, September 1, 2021"
52,Systems Administrator,Erin_Allen7591@iatim.tech,Erin Allen,50490,"Friday, July 9, 2021"
53,Operator,Angelina_Briggs9719@corti.com,Angelina Briggs,116155,"Wednesday, October 6, 2021"
54,Restaurant Manager,Chester_Vincent5016@zorer.org,Chester Vincent,404987,"Monday, May 18, 2020"
55,Business Broker,Morgan_Healy8311@twace.org,Morgan Healy,622415,"Wednesday, October 20, 2021"
56,Budget Analyst,Elijah_Dubois22@gembat.biz,Elijah Dubois,327216,"Wednesday, August 19, 2020"
57,Electrician,Clint_Andrews6018@corti.com,Clint Andrews,727711,"Thursday, February 11, 2021"
58,Biologist,Nicholas_Dubois9149@ubusive.com,Nicholas Dubois,327323,"Tuesday, June 9, 2020"
59,Electrician,Hank_Dyson5319@cispeto.com,Hank Dyson,710838,"Sunday, October 4, 2020"
60,Bookkeeper,Chadwick_Blackwall5859@gembat.biz,Chadwick Blackwall,167164,"Monday, December 28, 2020"
61,Project Manager,Zara_Avery1681@corti.com,Zara Avery,283402,"Monday, June 7, 2021"
62,IT Support Staff,Sloane_Pickard1277@womeona.net,Sloane Pickard,133290,"Sunday, October 10, 2021"
63,Fabricator,Eduardo_Shelton6402@grannar.com,Eduardo Shelton,181199,"Wednesday, April 15, 2020"
64,Restaurant Manager,Colleen_Lindop6096@supunk.biz,Colleen Lindop,538815,"Wednesday, June 23, 2021"
65,Associate Professor,Carl_White7913@vetan.org,Carl White,486616,"Sunday, June 7, 2020"
66,Call Center Representative,Bob_Olson4715@deavo.com,Bob Olson,258995,"Sunday, July 4, 2021"
67,Operator,Owen_Evans8157@gompie.com,Owen Evans,571667,"Friday, August 27, 2021"
68,Chef Manager,Logan_Kelly6018@guentu.biz,Logan Kelly,289841,"Monday, September 20, 2021"
69,Lecturer,Sebastian_Allen3373@hourpy.biz,Sebastian Allen,55346,"Thursday, February 18, 2021"
70,Front Desk Coordinator,Lauren_Long8356@muall.tech,Lauren Long,638708,"Sunday, July 4, 2021"
71,Stockbroker,Nick_Cassidy2008@cispeto.com,Nick Cassidy,408013,"Friday, October 16, 2020"
72,Web Developer,Kurt_Willis926@zorer.org,Kurt Willis,642603,"Tuesday, March 17, 2020"
73,Auditor,Bart_Wise9144@infotech44.tech,Bart Wise,728735,"Tuesday, October 27, 2020"
74,Assistant Buyer,Molly_Fields8921@deavo.com,Molly Fields,304164,"Sunday, March 14, 2021"
75,Ambulatory Nurse,Abdul_Windsor682@corti.com,Abdul Windsor,28827,"Monday, October 5, 2020"
76,Business Broker,Makenzie_Yoman8380@gmail.com,Makenzie Yoman,404127,"Wednesday, November 24, 2021"
77,Assistant Buyer,Joseph_Mcneill821@gompie.com,Joseph Mcneill,238210,"Saturday, July 18, 2020"
78,Mobile Developer,Emely_Salt6161@typill.biz,Emely Salt,410005,"Wednesday, January 22, 2020"
79,Fabricator,Henry_Richardson5636@muall.tech,Henry Richardson,55682,"Tuesday, December 8, 2020"
80,Lecturer,Barry_Foxley44@dionrab.com,Barry Foxley,590405,"Monday, March 9, 2020"
81,IT Support Staff,Ramon_Sloan159@brety.org,Ramon Sloan,254753,"Sunday, March 29, 2020"
82,Biologist,Maggie_Mcleod2136@acrit.org,Maggie Mcleod,623793,"Sunday, January 5, 2020"
83,Stockbroker,Gwenyth_Wright9018@zorer.org,Gwenyth Wright,31294,"Thursday, April 22, 2021"
84,Treasurer,Maia_Harris6954@mafthy.com,Maia Harris,428392,"Monday, September 14, 2020"
85,Machine Operator,Ethan_Brooks5698@iatim.tech,Ethan Brooks,723371,"Monday, January 13, 2020"
86,Paramedic,Francesca_Poole116@eirey.tech,Francesca Poole,588933,"Friday, May 22, 2020"
87,Food Technologist,Ronald_Shepherd1460@acrit.org,Ronald Shepherd,265118,"Friday, November 13, 2020"
88,Clerk,Nathan_Goodman9049@sveldo.biz,Nathan Goodman,572508,"Saturday, September 11, 2021"
89,Audiologist,Josh_Buckley7028@bungar.biz,Josh Buckley,376980,"Thursday, July 2, 2020"
90,Production Painter,Luke_White1306@tonsy.org,Luke White,383954,"Friday, March 6, 2020"
91,Inspector,Noah_Rainford5827@atink.com,Noah Rainford,480907,"Wednesday, May 6, 2020"
92,Systems Administrator,Melinda_Crawley5243@eirey.tech,Melinda Crawley,306783,"Tuesday, February 16, 2021"
93,Chef Manager,Boris_Martin5196@bauros.biz,Boris Martin,618444,"Tuesday, May 5, 2020"
94,Web Developer,Chris_Brooks6604@nanoff.biz,Chris Brooks,433670,"Thursday, June 17, 2021"
95,Service Supervisor,Logan_Herbert4884@eirey.tech,Logan Herbert,225235,"Saturday, May 15, 2021"
96,Bookkeeper,Bryon_Gavin5871@naiker.biz,Bryon Gavin,521313,"Wednesday, May 5, 2021"
97,Mobile Developer,Maxwell_Addison905@muall.tech,Maxwell Addison,295025,"Thursday, September 17, 2020"
98,Software Engineer,Angelique_Whitehouse9860@fuliss.net,Angelique Whitehouse,10844,"Thursday, December 19, 2019"
99,Mobile Developer,Gloria_Leigh3928@bauros.biz,Gloria Leigh,21107,"Thursday, August 5, 2021"
100,Operator,Ruth_Gilmour3879@cispeto.com,Ruth Gilmour,453862,"Sunday, September 27, 2020"
101,Bellman,Joyce_Andersson2432@irrepsy.com,Joyce Andersson,177469,"Wednesday, April 22, 2020"
102,Project Manager,Rae_Barrett2013@sveldo.biz,Rae Barrett,682332,"Friday, January 29, 2021"
103,Web Developer,Harriet_Clarke3021@hourpy.biz,Harriet Clarke,232052,"Wednesday, May 13, 2020"
104,Chef Manager,Shay_Shea1434@muall.tech,Shay Shea,12004,"Tuesday, March 17, 2020"
105,Bellman,Rosemary_Chapman3241@acrit.org,Rosemary Chapman,12188,"Tuesday, July 7, 2020"
106,Baker,Adela_Warner872@ovock.tech,Adela Warner,53791,"Thursday, November 18, 2021"
107,Executive Director,Keira_Potts7417@sheye.org,Keira Potts,282828,"Monday, September 27, 2021"
108,Associate Professor,Boris_Hunt6472@bulaffy.com,Boris Hunt,364035,"Wednesday, June 2, 2021"
109,Software Engineer,Morgan_Farmer2717@typill.biz,Morgan Farmer,296730,"Sunday, January 3, 2021"
110,Laboratory Technician,Mike_Ross9544@bauros.biz,Mike Ross,177276,"Saturday, October 9, 2021"
111,Budget Analyst,Cedrick_Harvey1654@nanoff.biz,Cedrick Harvey,165214,"Wednesday, September 30, 2020"
112,Banker,Bryon_Eyres9469@gembat.biz,Bryon Eyres,664715,"Tuesday, December 8, 2020"
113,Pharmacist,Evie_Rowan1175@sheye.org,Evie Rowan,595330,"Sunday, May 17, 2020"
114,Audiologist,Daniel_Summers9660@zorer.org,Daniel Summers,467954,"Tuesday, February 18, 2020"
115,Front Desk Coordinator,Ramon_Grey5287@corti.com,Ramon Grey,254545,"Thursday, December 3, 2020"
116,Executive Director,Rosemary_Warden2994@bulaffy.com,Rosemary Warden,201764,"Friday, November 5, 2021"
117,IT Support Staff,Rosalee_Knott6014@mafthy.com,Rosalee Knott,696520,"Sunday, January 26, 2020"
118,Fabricator,Elisabeth_Wilson9447@vetan.org,Elisabeth Wilson,5161,"Saturday, May 23, 2020"
119,Paramedic,Ramon_Zaoui3527@gembat.biz,Ramon Zaoui,446600,"Tuesday, November 9, 2021"
120,Global Logistics Supervisor,Chuck_Lane5533@liret.org,Chuck Lane,617497,"Monday, April 12, 2021"
121,Staffing Consultant,Ron_Gonzales5705@bulaffy.com,Ron Gonzales,190472,"Monday, November 2, 2020"
122,Doctor,Doris_Weldon1248@bungar.biz,Doris Weldon,322522,"Friday, November 26, 2021"
123,Doctor,Kieth_Connell5109@kideod.biz,Kieth Connell,666845,"Wednesday, July 7, 2021"
124,Banker,Diane_Edmonds2280@gembat.biz,Diane Edmonds,257276,"Sunday, September 20, 2020"
125,Cash Manager,Dasha_Jones7961@atink.com,Dasha Jones,6596,"Friday, November 19, 2021"
126,Healthcare Specialist,Dalia_Lindop742@guentu.biz,Dalia Lindop,536764,"Friday, November 6, 2020"
127,Dentist,Javier_Clifton5859@hourpy.biz,Javier Clifton,298182,"Friday, March 13, 2020"
128,Design Engineer,Katelyn_Jacobs3676@gmail.com,Katelyn Jacobs,482764,"Tuesday, March 24, 2020"
129,Business Broker,Cara_Edwards3865@womeona.net,Cara Edwards,350322,"Friday, September 24, 2021"
130,Loan Officer,Chad_Bailey1147@gembat.biz,Chad Bailey,685666,"Sunday, August 29, 2021"
131,Global Logistics Supervisor,Hayden_Rixon9269@twace.org,Hayden Rixon,141229,"Friday, August 6, 2021"
132,Service Supervisor,Sebastian_Hobson1477@bulaffy.com,Sebastian Hobson,519149,"Tuesday, April 6, 2021"
133,Retail Trainee,Roger_Smith1459@brety.org,Roger Smith,87233,"Thursday, March 4, 2021"
134,Web Developer,Nick_Weston2926@brety.org,Nick Weston,46201,"Friday, August 7, 2020"
135,Web Developer,Bryon_Coleman2925@womeona.net,Bryon Coleman,502421,"Thursday, September 23, 2021"
136,Bellman,Morgan_Lyon9913@corti.com,Morgan Lyon,623911,"Friday, August 21, 2020"
137,Accountant,Madelyn_Tait9081@elnee.tech,Madelyn Tait,481329,"Sunday, November 29, 2020"
138,Machine Operator,Zara_Moore1096@elnee.tech,Zara Moore,510477,"Sunday, September 13, 2020"
139,Bookkeeper,Alex_Truscott2181@brety.org,Alex Truscott,590250,"Saturday, June 12, 2021"
140,Insurance Broker,Ilona_Weldon7904@kideod.biz,Ilona Weldon,277734,"Sunday, August 15, 2021"
141,Cash Manager,Colleen_Fields7870@dionrab.com,Colleen Fields,214916,"Thursday, November 25, 2021"
142,Paramedic,Elijah_Dowson4359@naiker.biz,Elijah Dowson,561420,"Friday, January 1, 2021"
143,Software Engineer,Doug_Calderwood8248@naiker.biz,Doug Calderwood,709230,"Sunday, October 24, 2021"
144,CNC Operator,Rhea_Myatt4422@brety.org,Rhea Myatt,659072,"Monday, November 15, 2021"
145,CNC Operator,Danny_Kennedy1674@grannar.com,Danny Kennedy,124419,"Monday, May 18, 2020"
146,Clerk,Charlize_Chappell2345@muall.tech,Charlize Chappell,422216,"Thursday, October 22, 2020"
147,Accountant,Angelique_Radcliffe9444@gembat.biz,Angelique Radcliffe,353372,"Saturday, December 21, 2019"
148,HR Specialist,Phoebe_Gray5103@hourpy.biz,Phoebe Gray,723845,"Sunday, April 4, 2021"
149,Insurance Broker,Cameron_Roman2388@zorer.org,Cameron Roman,270190,"Wednesday, October 7, 2020"
150,Fabricator,Mandy_Spencer8711@deavo.com,Mandy Spencer,620256,"Monday, January 11, 2021"
151,Assistant Buyer,Amy_Morrison6854@iatim.tech,Amy Morrison,162950,"Friday, September 25, 2020"
152,Biologist,Barry_Plumb2179@eirey.tech,Barry Plumb,586720,"Friday, June 4, 2021"
153,Baker,Hank_Beal3324@iatim.tech,Hank Beal,52723,"Thursday, June 11, 2020"
154,Webmaster,Alex_Booth7413@naiker.biz,Alex Booth,606188,"Sunday, January 10, 2021"
155,Webmaster,Mason_Harper1961@dionrab.com,Mason Harper,599603,"Monday, February 10, 2020"
156,Loan Officer,Stella_Goodman5166@naiker.biz,Stella Goodman,630689,"Saturday, May 1, 2021"
157,Mobile Developer,Makena_Mullins56@sveldo.biz,Makena Mullins,697469,"Sunday, May 10, 2020"
158,Lecturer,Sarah_Dunbar6668@deons.tech,Sarah Dunbar,748886,"Thursday, January 9, 2020"
159,Health Educator,Vicky_Gosling1694@nickia.com,Vicky Gosling,500603,"Thursday, April 30, 2020"
160,Chef Manager,Caydence_Potter666@zorer.org,Caydence Potter,740013,"Thursday, March 18, 2021"
161,Investment  Advisor,Mark_Eagle9395@bretoux.com,Mark Eagle,546147,"Sunday, April 4, 2021"
162,Executive Director,Tyson_Purvis2010@qater.org,Tyson Purvis,522013,"Wednesday, August 18, 2021"
163,Cash Manager,Chloe_Bradley4297@gembat.biz,Chloe Bradley,522886,"Monday, September 27, 2021"
164,Budget Analyst,Hadley_Stewart8617@hourpy.biz,Hadley Stewart,550463,"Sunday, July 4, 2021"
165,Retail Trainee,Chuck_Gibbons6207@dionrab.com,Chuck Gibbons,558051,"Monday, September 14, 2020"
166,Chef Manager,Benny_Redden6530@elnee.tech,Benny Redden,157032,"Friday, January 17, 2020"
167,Production Painter,Julius_Swift9487@naiker.biz,Julius Swift,170083,"Saturday, August 15, 2020"
168,Service Supervisor,Francesca_Norburn4070@bretoux.com,Francesca Norburn,192915,"Thursday, September 10, 2020"
169,Insurance Broker,Doug_Drew9791@mafthy.com,Doug Drew,161530,"Friday, December 27, 2019"
170,HR Coordinator,Winnie_Reading7809@infotech44.tech,Winnie Reading,508567,"Friday, February 7, 2020"
171,Operator,Nate_Richards2215@infotech44.tech,Nate Richards,165747,"Tuesday, August 24, 2021"
172,Biologist,Ronald_Anderson4492@deavo.com,Ronald Anderson,128382,"Thursday, July 29, 2021"
173,Paramedic,Celina_Aldridge2818@twace.org,Celina Aldridge,219248,"Wednesday, March 17, 2021"
174,Project Manager,Eve_Walker9389@nickia.com,Eve Walker,58511,"Monday, November 30, 2020"
175,Insurance Broker,Havana_Abbot5680@guentu.biz,Havana Abbot,523081,"Monday, May 25, 2020"
176,Designer,John_Sheldon6651@deavo.com,John Sheldon,674093,"Monday, October 25, 2021"
177,Global Logistics Supervisor,Janice_Broomfield9883@elnee.tech,Janice Broomfield,526145,"Thursday, May 28, 2020"
178,Restaurant Manager,Stacy_Clifton9178@gmail.com,Stacy Clifton,118462,"Wednesday, November 11, 2020"
179,Production Painter,Barney_Vince664@yahoo.com,Barney Vince,618939,"Wednesday, March 3, 2021"
180,Baker,Rosemary_Jarvis932@sveldo.biz,Rosemary Jarvis,422857,"Tuesday, September 1, 2020"
181,Laboratory Technician,Hope_Brennan2697@bauros.biz,Hope Brennan,221939,"Monday, October 25, 2021"
182,Biologist,Matthew_John1405@liret.org,Matthew John,430878,"Sunday, May 16, 2021"
183,Chef Manager,Kieth_Rehman9371@guentu.biz,Kieth Rehman,287375,"Sunday, September 13, 2020"
184,Baker,Caleb_Uttridge3230@qater.org,Caleb Uttridge,624292,"Thursday, December 19, 2019"
185,Staffing Consultant,Josh_Beal2481@dionrab.com,Josh Beal,677563,"Sunday, March 21, 2021"
186,Healthcare Specialist,Rose_Taylor2949@sheye.org,Rose Taylor,348740,"Friday, September 10, 2021"
187,Budget Analyst,Felicity_Harper6707@gompie.com,Felicity Harper,48596,"Thursday, December 24, 2020"
188,Software Engineer,Bob_Needham4530@jiman.org,Bob Needham,433187,"Tuesday, January 12, 2021"
189,Treasurer,Julianna_Glynn8616@jiman.org,Julianna Glynn,57748,"Saturday, May 8, 2021"
190,Doctor,Daron_Goodman9587@guentu.biz,Daron Goodman,49887,"Thursday, February 11, 2021"
191,HR Specialist,Meredith_Malone9795@bretoux.com,Meredith Malone,390634,"Saturday, June 20, 2020"
192,Electrician,Stephanie_Brooks137@acrit.org,Stephanie Brooks,481567,"Saturday, April 25, 2020"
193,Design Engineer,Ronald_Cowan1885@infotech44.tech,Ronald Cowan,137417,"Friday, April 16, 2021"
194,IT Support Staff,Logan_Mould4123@liret.org,Logan Mould,633032,"Friday, September 11, 2020"
195,Associate Professor,Carl_Garcia3427@irrepsy.com,Carl Garcia,342450,"Tuesday, January 12, 2021"
196,Bookkeeper,Johnathan_Allen119@zorer.org,Johnathan Allen,140686,"Wednesday, August 18, 2021"
197,Retail Trainee,Jaylene_Lane8154@ovock.tech,Jaylene Lane,82046,"Sunday, June 21, 2020"
198,Physician,Alex_Stone1714@naiker.biz,Alex Stone,386744,"Tuesday, March 24, 2020"
199,Webmaster,Danny_James7458@guentu.biz,Danny James,559649,"Friday, January 24, 2020"
200,IT Support Staff,Oliver_Bryant9313@gmail.com,Oliver Bryant,387544,"Sunday, August 2, 2020"
201,Auditor,Adalie_Milner5183@eirey.tech,Adalie Milner,457534,"Wednesday, February 17, 2021"
202,Stockbroker,Gladys_Yoman1190@jiman.org,Gladys Yoman,143009,"Friday, February 14, 2020"
203,Doctor,Sharon_Murphy6124@gembat.biz,Sharon Murphy,315989,"Monday, January 11, 2021"
204,Associate Professor,Clint_Rogers9816@irrepsy.com,Clint Rogers,534012,"Saturday, June 20, 2020"
205,Associate Professor,Alexia_Taylor3520@deons.tech,Alexia Taylor,685506,"Sunday, May 17, 2020"
206,Chef Manager,Fiona_Irwin2439@qater.org,Fiona Irwin,136880,"Wednesday, November 10, 2021"
207,Insurance Broker,Josh_Huggins6576@deons.tech,Josh Huggins,588712,"Sunday, September 26, 2021"
208,Baker,Zoe_Crawford2999@typill.biz,Zoe Crawford,259534,"Tuesday, July 14, 2020"
209,Fabricator,Boris_Fisher6414@bretoux.com,Boris Fisher,350661,"Wednesday, May 12, 2021"
210,Chef Manager,Judith_Vernon5230@nickia.com,Judith Vernon,315484,"Friday, June 25, 2021"
211,Business Broker,Shelby_Latham3389@irrepsy.com,Shelby Latham,702123,"Monday, March 8, 2021"
212,Dentist,Nick_Hill3405@muall.tech,Nick Hill,738365,"Tuesday, August 18, 2020"
213,HR Coordinator,Maddison_Pearce4140@jiman.org,Maddison Pearce,737313,"Sunday, January 31, 2021"
214,Staffing Consultant,Matthew_Ebden4149@bulaffy.com,Matthew Ebden,219301,"Saturday, December 5, 2020"
215,Restaurant Manager,Manuel_Robertson7657@bauros.biz,Manuel Robertson,192194,"Thursday, April 8, 2021"
216,Retail Trainee,Audrey_Abbey3302@tonsy.org,Audrey Abbey,179441,"Tuesday, May 4, 2021"
217,Accountant,Sharon_Weston5219@ovock.tech,Sharon Weston,324986,"Sunday, May 10, 2020"
218,Assistant Buyer,Manuel_Thomson6892@gompie.com,Manuel Thomson,562553,"Wednesday, March 3, 2021"
219,Budget Analyst,Nicholas_Rust3929@extex.org,Nicholas Rust,510617,"Monday, March 1, 2021"
220,Lecturer,Penelope_Payne3361@yahoo.com,Penelope Payne,560533,"Wednesday, February 5, 2020"
221,Doctor,Kurt_Widdows281@sheye.org,Kurt Widdows,287273,"Friday, November 13, 2020"
222,Cashier,Nick_Fox2558@grannar.com,Nick Fox,684240,"Saturday, November 14, 2020"
223,Banker,Elise_Fields5585@infotech44.tech,Elise Fields,17384,"Tuesday, December 3, 2019"
224,Food Technologist,Lucas_Nash5939@qater.org,Lucas Nash,8607,"Monday, June 14, 2021"
225,Biologist,Aurelia_Mccormick2115@sheye.org,Aurelia Mccormick,604139,"Thursday, June 10, 2021"
226,Baker,Mike_Swift6722@typill.biz,Mike Swift,669331,"Friday, July 9, 2021"
227,Mobile Developer,Evelynn_Clarke9830@gompie.com,Evelynn Clarke,709723,"Monday, July 27, 2020"
228,Fabricator,Ryan_Styles475@irrepsy.com,Ryan Styles,600753,"Saturday, February 6, 2021"
229,Chef Manager,Russel_Snow1699@corti.com,Russel Snow,389550,"Friday, January 29, 2021"
230,Restaurant Manager,Jayden_Tutton6269@nanoff.biz,Jayden Tutton,503565,"Wednesday, September 30, 2020"
231,Paramedic,Brad_Higgs4613@elnee.tech,Brad Higgs,725694,"Monday, April 6, 2020"
232,Baker,Ramon_Ashwell1322@yahoo.com,Ramon Ashwell,157497,"Tuesday, August 11, 2020"
233,Machine Operator,Rick_James6926@liret.org,Rick James,369789,"Tuesday, July 13, 2021"
234,Baker,Maia_Sheldon6244@joiniaa.com,Maia Sheldon,467797,"Saturday, August 21, 2021"
235,Loan Officer,Bryce_Wright4152@grannar.com,Bryce Wright,698920,"Sunday, April 26, 2020"
236,Physician,Margaret_Selby9739@muall.tech,Margaret Selby,327192,"Sunday, May 24, 2020"
237,Treasurer,Tyler_Larsen6643@bauros.biz,Tyler Larsen,268674,"Wednesday, November 24, 2021"
238,Dentist,Ethan_Saunders2601@naiker.biz,Ethan Saunders,219613,"Sunday, October 18, 2020"
239,Call Center Representative,Josh_Douglas5506@ovock.tech,Josh Douglas,349778,"Thursday, February 20, 2020"
240,Laboratory Technician,Shannon_Lane194@fuliss.net,Shannon Lane,290703,"Monday, March 22, 2021"
241,Webmaster,Ethan_Townend5588@famism.biz,Ethan Townend,45877,"Sunday, January 17, 2021"
242,Treasurer,Mason_Lloyd8305@acrit.org,Mason Lloyd,301069,"Wednesday, April 15, 2020"
243,HR Specialist,Percy_Bradley9569@qater.org,Percy Bradley,571896,"Wednesday, February 5, 2020"
244,Cash Manager,Claire_Hunter9917@nickia.com,Claire Hunter,703426,"Tuesday, October 5, 2021"
245,Healthcare Specialist,Jules_Cooper4363@sveldo.biz,Jules Cooper,291501,"Wednesday, October 13, 2021"
246,Operator,Fiona_Connor1592@gompie.com,Fiona Connor,209931,"Tuesday, August 10, 2021"
247,Executive Director,Anabel_James2857@elnee.tech,Anabel James,116206,"Sunday, August 30, 2020"
248,Audiologist,Susan_Bingham9366@iatim.tech,Susan Bingham,610332,"Thursday, April 9, 2020"
249,Service Supervisor,Dalia_Morley2692@iatim.tech,Dalia Morley,89001,"Sunday, September 12, 2021"
250,Call Center Representative,Daniel_Woodley5488@cispeto.com,Daniel Woodley,3006,"Tuesday, December 1, 2020"
251,Retail Trainee,Percy_Locke1998@bungar.biz,Percy Locke,185872,"Saturday, January 18, 2020"
252,Web Developer,John_Dwyer6041@hourpy.biz,John Dwyer,185466,"Thursday, July 29, 2021"
253,Webmaster,Rae_Phillips5652@ubusive.com,Rae Phillips,203376,"Saturday, July 17, 2021"
254,Bellman,Roger_Nelson7475@deavo.com,Roger Nelson,89745,"Tuesday, January 14, 2020"
255,Cashier,Selena_Shaw8455@tonsy.org,Selena Shaw,551742,"Monday, April 5, 2021"
256,Staffing Consultant,Rosalee_Gunn7540@zorer.org,Rosalee Gunn,676030,"Thursday, August 12, 2021"
257,HR Specialist,Kaylee_Weatcroft9511@ubusive.com,Kaylee Weatcroft,638166,"Tuesday, December 24, 2019"
258,Call Center Representative,Georgia_Coll5029@nimogy.biz,Georgia Coll,242616,"Friday, July 3, 2020"
259,Assistant Buyer,Peyton_Emerson7191@sheye.org,Peyton Emerson,662018,"Friday, November 19, 2021"
260,Production Painter,Anais_Swan1456@supunk.biz,Anais Swan,685908,"Saturday, July 3, 2021"
261,Machine Operator,Cecilia_Lucas9578@corti.com,Cecilia Lucas,294612,"Tuesday, March 10, 2020"
262,Production Painter,Miriam_Lewin8@famism.biz,Miriam Lewin,700868,"Saturday, October 30, 2021"
263,Restaurant Manager,Stacy_Rose563@gmail.com,Stacy Rose,508573,"Monday, October 4, 2021"
264,Software Engineer,Sloane_Walsh4074@ovock.tech,Sloane Walsh,319687,"Tuesday, August 24, 2021"
265,Associate Professor,Selena_Penn582@liret.org,Selena Penn,561913,"Friday, October 1, 2021"
266,Insurance Broker,Julius_Dallas3253@supunk.biz,Julius Dallas,440447,"Sunday, November 15, 2020"
267,Ambulatory Nurse,Isabella_Wallace7040@dionrab.com,Isabella Wallace,408008,"Saturday, June 27, 2020"
268,Insurance Broker,Carina_Ventura8529@nimogy.biz,Carina Ventura,311495,"Wednesday, February 17, 2021"
269,Lecturer,Sydney_Crawley8535@hourpy.biz,Sydney Crawley,665679,"Wednesday, January 22, 2020"
270,Mobile Developer,Alan_Evans3572@bungar.biz,Alan Evans,243800,"Friday, May 28, 2021"
271,Loan Officer,Morgan_Harvey4572@fuliss.net,Morgan Harvey,4807,"Friday, April 9, 2021"
272,Audiologist,Jazmin_Robe9936@hourpy.biz,Jazmin Robe,296344,"Monday, November 9, 2020"
273,Global Logistics Supervisor,Chanelle_Pearce1966@eirey.tech,Chanelle Pearce,697757,"Friday, March 19, 2021"
274,Global Logistics Supervisor,Freya_Larkin2297@corti.com,Freya Larkin,147992,"Thursday, May 20, 2021"
275,Cash Manager,Daron_Lyon1053@gembat.biz,Daron Lyon,675188,"Sunday, January 17, 2021"
276,Chef Manager,Oliver_Rogan3376@ubusive.com,Oliver Rogan,731661,"Tuesday, January 21, 2020"
277,Associate Professor,Ilona_Ellwood311@infotech44.tech,Ilona Ellwood,14700,"Monday, September 6, 2021"
278,Chef Manager,Sara_Ogilvy8347@sveldo.biz,Sara Ogilvy,431978,"Sunday, July 4, 2021"
279,Bookkeeper,Bryon_Underhill382@sheye.org,Bryon Underhill,466751,"Saturday, May 22, 2021"
280,Web Developer,Mya_Russel1021@sveldo.biz,Mya Russel,683924,"Wednesday, September 30, 2020"
281,Software Engineer,Ramon_Knott6349@gmail.com,Ramon Knott,320230,"Sunday, July 5, 2020"
282,Fabricator,Mandy_Chadwick8481@elnee.tech,Mandy Chadwick,401688,"Sunday, August 2, 2020"
283,Project Manager,Mark_Mason6590@nimogy.biz,Mark Mason,418083,"Saturday, January 4, 2020"
284,Design Engineer,Morgan_Radley5099@yahoo.com,Morgan Radley,321018,"Sunday, August 30, 2020"
285,Staffing Consultant,Abbey_Nanton2337@sheye.org,Abbey Nanton,708800,"Tuesday, February 25, 2020"
286,Call Center Representative,Scarlett_Benson9808@deavo.com,Scarlett Benson,48891,"Tuesday, April 14, 2020"
287,Baker,Drew_Cartwright110@deavo.com,Drew Cartwright,457093,"Sunday, July 5, 2020"
288,Design Engineer,Alan_Dann9797@elnee.tech,Alan Dann,622760,"Tuesday, December 22, 2020"
289,Call Center Representative,Maxwell_Porter6245@hourpy.biz,Maxwell Porter,182552,"Wednesday, November 24, 2021"
290,Pharmacist,Noemi_Stewart7333@gembat.biz,Noemi Stewart,663429,"Wednesday, July 28, 2021"
291,Stockbroker,Dani_Chadwick6745@jiman.org,Dani Chadwick,530895,"Tuesday, January 7, 2020"
292,Restaurant Manager,Noah_Rivers8161@nanoff.biz,Noah Rivers,709401,"Monday, September 6, 2021"
293,Steward,Caleb_Wilkinson3595@womeona.net,Caleb Wilkinson,650178,"Sunday, May 30, 2021"
294,Physician,Elisabeth_Knott5575@bungar.biz,Elisabeth Knott,60069,"Tuesday, June 23, 2020"
295,Mobile Developer,Allison_Taylor3878@gompie.com,Allison Taylor,678055,"Monday, August 17, 2020"
296,Paramedic,Peyton_Baldwin4524@acrit.org,Peyton Baldwin,229494,"Saturday, June 20, 2020"
297,Lecturer,Liv_Thompson995@zorer.org,Liv Thompson,497398,"Friday, December 20, 2019"
298,Global Logistics Supervisor,Jocelyn_Groves2754@dionrab.com,Jocelyn Groves,691919,"Friday, August 14, 2020"
299,Production Painter,Christy_Murray3725@jiman.org,Christy Murray,493278,"Saturday, December 21, 2019"
300,IT Support Staff,Angelica_Lane6271@bungar.biz,Angelica Lane,487385,"Wednesday, November 17, 2021"
301,Production Painter,Ryan_Vane9661@muall.tech,Ryan Vane,438312,"Tuesday, June 22, 2021"
302,Software Engineer,Denny_Alexander9875@nanoff.biz,Denny Alexander,551988,"Saturday, January 2, 2021"
303,Steward,Martin_Umney6495@tonsy.org,Martin Umney,486126,"Friday, January 29, 2021"
304,Audiologist,Denis_Tyler7919@tonsy.org,Denis Tyler,713557,"Sunday, May 23, 2021"
305,Healthcare Specialist,Cedrick_Kirby5203@muall.tech,Cedrick Kirby,105988,"Tuesday, February 9, 2021"
306,Health Educator,Chloe_Mcgee5670@mafthy.com,Chloe Mcgee,574818,"Monday, October 11, 2021"
307,HR Specialist,Barry_Murphy3155@bretoux.com,Barry Murphy,466798,"Saturday, August 14, 2021"
308,Webmaster,Hayden_Williams3021@tonsy.org,Hayden Williams,347135,"Saturday, August 1, 2020"
309,Fabricator,Analise_Alcroft6270@brety.org,Analise Alcroft,169248,"Thursday, December 12, 2019"
310,Steward,Jack_Stone4191@gompie.com,Jack Stone,587582,"Sunday, December 20, 2020"
311,Executive Director,Domenic_Exton6732@gmail.com,Domenic Exton,693113,"Saturday, September 5, 2020"
312,Chef Manager,Jack_Kelly7780@nickia.com,Jack Kelly,354162,"Tuesday, June 29, 2021"
313,Laboratory Technician,Tom_Shaw510@vetan.org,Tom Shaw,25214,"Saturday, December 5, 2020"
314,IT Support Staff,Sydney_Lowe1577@muall.tech,Sydney Lowe,350329,"Saturday, November 6, 2021"
315,Physician,Lorraine_Edler7441@ovock.tech,Lorraine Edler,38410,"Wednesday, May 20, 2020"
316,Pharmacist,Carter_Owen9049@sveldo.biz,Carter Owen,507348,"Friday, September 10, 2021"
317,Staffing Consultant,Jacob_Warner7053@naiker.biz,Jacob Warner,374809,"Sunday, September 5, 2021"
318,HR Specialist,Brad_Connor2761@irrepsy.com,Brad Connor,642185,"Saturday, October 3, 2020"
319,Electrician,Leroy_Wigley7390@corti.com,Leroy Wigley,533485,"Saturday, July 24, 2021"
320,HR Specialist,Angelica_Wilcox5541@nimogy.biz,Angelica Wilcox,533667,"Friday, March 19, 2021"
321,Budget Analyst,Barry_Poulton1435@twace.org,Barry Poulton,103524,"Friday, April 2, 2021"
322,Treasurer,Carmella_Alexander3089@atink.com,Carmella Alexander,619569,"Wednesday, May 5, 2021"
323,HR Coordinator,Carl_Quinton5168@qater.org,Carl Quinton,383243,"Monday, September 13, 2021"
324,Webmaster,Hazel_Roman8750@gompie.com,Hazel Roman,103349,"Saturday, July 24, 2021"
325,Designer,William_Widdows1662@deons.tech,William Widdows,88488,"Friday, August 28, 2020"
326,Food Technologist,Rhea_Wheeler2659@eirey.tech,Rhea Wheeler,482402,"Friday, November 5, 2021"
327,Assistant Buyer,Michael_Gray4289@ovock.tech,Michael Gray,555030,"Sunday, October 4, 2020"
328,Biologist,Claire_Price9247@jiman.org,Claire Price,81310,"Monday, December 21, 2020"
329,Budget Analyst,Julius_Eastwood28@deavo.com,Julius Eastwood,694892,"Sunday, February 2, 2020"
330,HR Coordinator,Jade_Simmons4880@famism.biz,Jade Simmons,676265,"Thursday, December 17, 2020"
331,Cash Manager,Chester_Walsh187@zorer.org,Chester Walsh,171877,"Thursday, April 16, 2020"
332,Software Engineer,Selena_Rowe1068@kideod.biz,Selena Rowe,617192,"Friday, March 6, 2020"
333,Insurance Broker,Zara_Douglas2289@iatim.tech,Zara Douglas,92368,"Saturday, March 20, 2021"
334,Business Broker,Hayden_Nurton4148@fuliss.net,Hayden Nurton,744014,"Saturday, August 29, 2020"
335,Healthcare Specialist,Erick_Forester4680@muall.tech,Erick Forester,406944,"Tuesday, June 22, 2021"
336,Healthcare Specialist,Marilyn_Holmes5343@brety.org,Marilyn Holmes,533360,"Thursday, March 11, 2021"
337,Food Technologist,David_Rivers8976@naiker.biz,David Rivers,709390,"Friday, June 5, 2020"
338,Bellman,Michael_Newton8077@sheye.org,Michael Newton,679416,"Tuesday, May 26, 2020"
339,Accountant,Daniel_Slater1090@kideod.biz,Daniel Slater,723521,"Saturday, April 18, 2020"
340,Staffing Consultant,Cedrick_Walsh4466@gmail.com,Cedrick Walsh,196955,"Friday, October 15, 2021"
341,Stockbroker,Maxwell_Clifton769@atink.com,Maxwell Clifton,340096,"Thursday, September 16, 2021"
342,Biologist,Denis_Armstrong71@dionrab.com,Denis Armstrong,641141,"Monday, November 23, 2020"
343,Paramedic,Roger_Fields8861@hourpy.biz,Roger Fields,161470,"Wednesday, June 24, 2020"
344,Investment  Advisor,Gina_Redfern6282@sveldo.biz,Gina Redfern,492342,"Sunday, February 2, 2020"
345,Electrician,Georgia_Parr512@bungar.biz,Georgia Parr,95881,"Tuesday, February 11, 2020"
346,Machine Operator,Kaylee_Chapman4984@muall.tech,Kaylee Chapman,421297,"Monday, December 30, 2019"
347,Executive Director,Winnie_Hardwick3708@supunk.biz,Winnie Hardwick,46434,"Saturday, August 15, 2020"
348,Doctor,Caleb_Edwards6368@gompie.com,Caleb Edwards,578577,"Saturday, August 29, 2020"
349,Service Supervisor,Ronald_Miller8675@twipet.com,Ronald Miller,737883,"Sunday, November 15, 2020"
350,Business Broker,Bethany_Thomas3521@gembat.biz,Bethany Thomas,31196,"Sunday, March 7, 2021"
351,Chef Manager,Scarlett_Lynch1502@nickia.com,Scarlett Lynch,747441,"Saturday, July 24, 2021"
352,Staffing Consultant,Ivy_Sanchez5934@brety.org,Ivy Sanchez,162501,"Thursday, January 30, 2020"
353,Budget Analyst,Maya_Mccormick4971@gembat.biz,Maya Mccormick,153464,"Saturday, July 17, 2021"
354,Laboratory Technician,Samara_Ulyatt5354@yahoo.com,Samara Ulyatt,352177,"Wednesday, December 18, 2019"
355,Auditor,Danny_Mcguire1484@atink.com,Danny Mcguire,280113,"Tuesday, June 8, 2021"
356,Ambulatory Nurse,Bernadette_Seymour3536@liret.org,Bernadette Seymour,702646,"Thursday, February 13, 2020"
357,Design Engineer,Daron_Adler9447@qater.org,Daron Adler,179081,"Tuesday, August 11, 2020"
358,Cashier,Harry_Robinson2587@gompie.com,Harry Robinson,527447,"Monday, September 21, 2020"
359,Healthcare Specialist,Michael_Kent5995@qater.org,Michael Kent,69247,"Monday, October 4, 2021"
360,Design Engineer,Ronald_Wilde2935@supunk.biz,Ronald Wilde,274519,"Saturday, July 31, 2021"
361,Mobile Developer,Aileen_Durrant8696@supunk.biz,Aileen Durrant,211795,"Saturday, March 13, 2021"
362,Inspector,Helen_Abbot5762@cispeto.com,Helen Abbot,586847,"Tuesday, May 5, 2020"
363,Loan Officer,Ciara_Forester3598@bulaffy.com,Ciara Forester,649114,"Sunday, June 28, 2020"
364,Insurance Broker,Emerald_Plumb2035@nickia.com,Emerald Plumb,699895,"Saturday, April 17, 2021"
365,Chef Manager,Tony_Gray3951@gompie.com,Tony Gray,142363,"Monday, November 16, 2020"
366,Service Supervisor,Moira_Leigh3040@zorer.org,Moira Leigh,296506,"Monday, December 28, 2020"
367,Ambulatory Nurse,Matthew_Gilmore9736@ovock.tech,Matthew Gilmore,477716,"Wednesday, June 24, 2020"
368,Pharmacist,Daniel_Tennant8825@joiniaa.com,Daniel Tennant,304207,"Monday, January 18, 2021"
369,Stockbroker,Sage_London6733@grannar.com,Sage London,229427,"Tuesday, June 8, 2021"
370,HR Specialist,Sofia_Shaw8812@corti.com,Sofia Shaw,275491,"Thursday, February 13, 2020"
371,Accountant,Sydney_Stone7947@eirey.tech,Sydney Stone,555239,"Monday, July 20, 2020"
372,HR Coordinator,Mina_Lee1945@corti.com,Mina Lee,392243,"Tuesday, December 17, 2019"
373,Treasurer,Shay_Camden4144@iatim.tech,Shay Camden,569303,"Saturday, May 15, 2021"
374,Accountant,Oliver_Benson4601@nanoff.biz,Oliver Benson,339647,"Tuesday, March 2, 2021"
375,Baker,Chuck_Kirby2560@naiker.biz,Chuck Kirby,599342,"Saturday, October 2, 2021"
376,Fabricator,Adalind_Murphy961@typill.biz,Adalind Murphy,1364,"Tuesday, December 8, 2020"
377,Steward,Ryan_Morley7397@muall.tech,Ryan Morley,314570,"Wednesday, May 13, 2020"
378,HR Specialist,Gwen_Woodley3161@hourpy.biz,Gwen Woodley,150855,"Saturday, March 14, 2020"
379,Software Engineer,Hank_Whinter3854@sveldo.biz,Hank Whinter,562736,"Wednesday, February 3, 2021"
380,Cook,Enoch_Miller7220@nickia.com,Enoch Miller,427120,"Wednesday, November 11, 2020"
381,Bellman,Jazmin_Rosenbloom4011@grannar.com,Jazmin Rosenbloom,502341,"Wednesday, December 18, 2019"
382,Health Educator,Ronald_Addis9516@fuliss.net,Ronald Addis,77342,"Friday, July 16, 2021"
383,IT Support Staff,Emely_Martin7481@typill.biz,Emely Martin,443191,"Tuesday, June 23, 2020"
384,Software Engineer,Aurelia_Cassidy3425@mafthy.com,Aurelia Cassidy,459185,"Tuesday, October 26, 2021"
385,Machine Operator,Hank_Jackson6033@gompie.com,Hank Jackson,154928,"Wednesday, November 17, 2021"
386,Audiologist,Iris_Myatt1680@naiker.biz,Iris Myatt,542659,"Wednesday, June 24, 2020"
387,Service Supervisor,Morgan_Needham8281@elnee.tech,Morgan Needham,572614,"Thursday, May 27, 2021"
388,Electrician,Mike_Barrett8989@infotech44.tech,Mike Barrett,486944,"Tuesday, December 17, 2019"
389,Associate Professor,Nicholas_Graves7456@fuliss.net,Nicholas Graves,66921,"Wednesday, November 18, 2020"
390,Insurance Broker,Bob_Turner3364@eirey.tech,Bob Turner,547974,"Monday, July 20, 2020"
391,Audiologist,Denis_Allen6141@typill.biz,Denis Allen,662700,"Friday, October 16, 2020"
392,Lecturer,Henry_Stark9420@nanoff.biz,Henry Stark,494958,"Thursday, October 1, 2020"
393,Paramedic,Emmanuelle_Lane8034@muall.tech,Emmanuelle Lane,266496,"Thursday, February 13, 2020"
394,Dentist,Phillip_Mitchell5930@jiman.org,Phillip Mitchell,525350,"Thursday, March 4, 2021"
395,Business Broker,Shay_West6684@fuliss.net,Shay West,619390,"Tuesday, February 9, 2021"
396,Designer,Cherish_King9360@brety.org,Cherish King,534454,"Saturday, September 19, 2020"
397,Lecturer,Elisabeth_Cassidy1235@gompie.com,Elisabeth Cassidy,282198,"Friday, April 16, 2021"
398,Restaurant Manager,Alexia_Hale8109@cispeto.com,Alexia Hale,457637,"Wednesday, August 11, 2021"
399,Staffing Consultant,Parker_Allen6182@nickia.com,Parker Allen,614683,"Monday, May 3, 2021"
400,Lecturer,Benny_Graham5864@fuliss.net,Benny Graham,673600,"Tuesday, November 30, 2021"
401,Staffing Consultant,Aisha_Gallacher4106@hourpy.biz,Aisha Gallacher,608863,"Monday, April 6, 2020"
402,Clerk,Nate_Mcgee8013@eirey.tech,Nate Mcgee,170599,"Sunday, January 24, 2021"
403,Accountant,Jacob_Steer4086@ovock.tech,Jacob Steer,426205,"Saturday, April 11, 2020"
404,Associate Professor,Alison_Abbey1424@joiniaa.com,Alison Abbey,553845,"Sunday, April 26, 2020"
405,Call Center Representative,Angela_Thomson715@gmail.com,Angela Thomson,713681,"Saturday, April 25, 2020"
406,Dentist,Maribel_Fenton2101@bretoux.com,Maribel Fenton,7582,"Sunday, August 16, 2020"
407,Web Developer,Christine_Dubois7227@extex.org,Christine Dubois,481168,"Sunday, February 14, 2021"
408,Bellman,Tara_Davies6550@gmail.com,Tara Davies,38267,"Monday, February 1, 2021"
409,Investment  Advisor,Lillian_Adams7456@bauros.biz,Lillian Adams,192529,"Tuesday, September 21, 2021"
410,Healthcare Specialist,Tom_Dobson7517@twace.org,Tom Dobson,590279,"Tuesday, March 3, 2020"
411,Accountant,Bryon_Bayliss295@atink.com,Bryon Bayliss,716515,"Saturday, April 18, 2020"
412,Dentist,Oliver_Lewin8981@twace.org,Oliver Lewin,12884,"Wednesday, September 2, 2020"
413,Paramedic,Lucas_Pearson1821@bauros.biz,Lucas Pearson,356543,"Tuesday, May 25, 2021"
414,Business Broker,Molly_Walker6782@joiniaa.com,Molly Walker,353626,"Wednesday, March 10, 2021"
415,Mobile Developer,Peter_Bennett5072@irrepsy.com,Peter Bennett,209485,"Wednesday, October 27, 2021"
416,Auditor,Hayden_Hewitt7225@supunk.biz,Hayden Hewitt,344523,"Friday, May 1, 2020"
417,Lecturer,Dalia_Knight1890@nimogy.biz,Dalia Knight,733393,"Friday, July 30, 2021"
418,Physician,Tom_Stewart2477@mafthy.com,Tom Stewart,76554,"Tuesday, September 22, 2020"
419,Chef Manager,Luke_Kennedy5259@bungar.biz,Luke Kennedy,561122,"Thursday, February 6, 2020"
420,Inspector,Melody_Gallacher8602@nanoff.biz,Melody Gallacher,359198,"Thursday, November 4, 2021"
421,CNC Operator,Percy_Asher8946@mafthy.com,Percy Asher,236821,"Thursday, November 12, 2020"
422,Audiologist,Holly_Dixon9124@muall.tech,Holly Dixon,520321,"Thursday, July 15, 2021"
423,HR Coordinator,Goldie_Lane2639@typill.biz,Goldie Lane,396193,"Saturday, October 9, 2021"
424,Systems Administrator,Sara_Emmett3497@gompie.com,Sara Emmett,748134,"Sunday, October 18, 2020"
425,Fabricator,Felicity_Vollans6472@deavo.com,Felicity Vollans,317366,"Sunday, September 12, 2021"
426,Ambulatory Nurse,Livia_Buckley9538@elnee.tech,Livia Buckley,39200,"Wednesday, December 4, 2019"
427,Machine Operator,Tyson_Yarwood4242@ubusive.com,Tyson Yarwood,266815,"Friday, March 13, 2020"
428,IT Support Staff,Rosie_Faulkner4275@zorer.org,Rosie Faulkner,620479,"Wednesday, February 12, 2020"
429,IT Support Staff,Chadwick_Clarke5715@ubusive.com,Chadwick Clarke,585823,"Friday, May 28, 2021"
430,Cash Manager,Matt_Stone1676@nickia.com,Matt Stone,167569,"Sunday, May 24, 2020"
431,Pharmacist,Noemi_Baxter4782@hourpy.biz,Noemi Baxter,500070,"Wednesday, November 3, 2021"
432,Dentist,Elijah_Uttridge3939@supunk.biz,Elijah Uttridge,619239,"Tuesday, December 31, 2019"
433,Biologist,Celia_Preston8781@bungar.biz,Celia Preston,676088,"Saturday, October 17, 2020"
434,Dentist,Luna_Whitmore8587@elnee.tech,Luna Whitmore,267946,"Saturday, December 19, 2020"
435,Front Desk Coordinator,Percy_Morley7565@hourpy.biz,Percy Morley,480841,"Saturday, November 20, 2021"
436,Call Center Representative,Chuck_Hale6353@atink.com,Chuck Hale,149847,"Monday, July 5, 2021"
437,Associate Professor,Benny_Chapman4380@infotech44.tech,Benny Chapman,48484,"Wednesday, July 7, 2021"
438,Physician,Fred_King6848@sveldo.biz,Fred King,235703,"Thursday, December 24, 2020"
439,Steward,Camellia_Cobb7892@corti.com,Camellia Cobb,152203,"Wednesday, October 20, 2021"
440,Associate Professor,Eve_Clarke5824@gompie.com,Eve Clarke,520208,"Wednesday, April 1, 2020"
441,Restaurant Manager,Stephanie_Hill2691@tonsy.org,Stephanie Hill,642305,"Monday, July 20, 2020"
442,Electrician,Hayden_Ripley5769@famism.biz,Hayden Ripley,205823,"Wednesday, August 12, 2020"
443,Healthcare Specialist,Marigold_Potts7324@deons.tech,Marigold Potts,400517,"Monday, May 4, 2020"
444,Project Manager,Elijah_Parker8735@ubusive.com,Elijah Parker,283713,"Wednesday, March 3, 2021"
445,Fabricator,Brad_Evans825@nanoff.biz,Brad Evans,162159,"Friday, October 8, 2021"
446,Stockbroker,Christine_Graham1854@deons.tech,Christine Graham,240937,"Thursday, January 21, 2021"
447,Webmaster,Caitlyn_Lloyd7577@ubusive.com,Caitlyn Lloyd,80900,"Wednesday, June 16, 2021"
448,Web Developer,Bob_Nayler9240@acrit.org,Bob Nayler,263412,"Wednesday, November 10, 2021"
449,Assistant Buyer,Barney_Egerton7804@gompie.com,Barney Egerton,193150,"Monday, November 30, 2020"
450,Treasurer,Daniel_Welsch949@joiniaa.com,Daniel Welsch,213886,"Monday, October 19, 2020"
451,Investment  Advisor,Sofie_Eagle2946@womeona.net,Sofie Eagle,19585,"Saturday, May 29, 2021"
452,Steward,Chadwick_Barrett6506@deavo.com,Chadwick Barrett,596524,"Friday, November 12, 2021"
453,Electrician,Erica_Giles9160@cispeto.com,Erica Giles,597120,"Tuesday, July 27, 2021"
454,HR Specialist,Adalind_Chapman9406@ovock.tech,Adalind Chapman,257688,"Tuesday, March 30, 2021"
455,Cash Manager,Percy_Casey2057@yahoo.com,Percy Casey,344911,"Thursday, February 18, 2021"
456,Cashier,Drew_Ryan756@irrepsy.com,Drew Ryan,169348,"Friday, August 6, 2021"
457,Pharmacist,Piper_Owen5534@gmail.com,Piper Owen,273271,"Wednesday, February 26, 2020"
458,Retail Trainee,Josephine_Lewin2052@sheye.org,Josephine Lewin,33077,"Friday, September 10, 2021"
459,Call Center Representative,Helen_Matthews4079@sveldo.biz,Helen Matthews,730057,"Thursday, September 23, 2021"
460,Cook,Henry_Dallas3812@gompie.com,Henry Dallas,99102,"Thursday, July 30, 2020"
461,Web Developer,Rocco_Wood654@nimogy.biz,Rocco Wood,61488,"Tuesday, March 10, 2020"
462,Webmaster,Stephanie_Eastwood921@extex.org,Stephanie Eastwood,523931,"Sunday, April 4, 2021"
463,Cook,Crystal_Donnelly115@twace.org,Crystal Donnelly,157151,"Wednesday, July 29, 2020"
464,Software Engineer,Alan_Lewis637@sveldo.biz,Alan Lewis,181914,"Tuesday, May 5, 2020"
465,Ambulatory Nurse,Kimberly_Stanton601@zorer.org,Kimberly Stanton,729579,"Sunday, March 15, 2020"
466,Dentist,Ryan_Shields5750@sveldo.biz,Ryan Shields,343505,"Saturday, October 24, 2020"
467,Call Center Representative,Gladys_Shelton2843@hourpy.biz,Gladys Shelton,97537,"Saturday, June 27, 2020"
468,Health Educator,Madison_Nicolas2052@acrit.org,Madison Nicolas,723729,"Saturday, July 31, 2021"
469,Stockbroker,David_Tyler7951@nimogy.biz,David Tyler,704839,"Saturday, February 8, 2020"
470,Project Manager,Cedrick_Riley3779@infotech44.tech,Cedrick Riley,629702,"Tuesday, May 26, 2020"
471,Ambulatory Nurse,Martin_Denton4874@twipet.com,Martin Denton,680529,"Thursday, November 4, 2021"
472,Electrician,Cassandra_Slater3032@sheye.org,Cassandra Slater,281647,"Friday, April 23, 2021"
473,Business Broker,Melanie_Farrow4438@kideod.biz,Melanie Farrow,360637,"Monday, May 3, 2021"
474,Project Manager,Sofia_Carpenter9165@guentu.biz,Sofia Carpenter,729036,"Wednesday, November 4, 2020"
475,Lecturer,Luke_Hamilton3642@yahoo.com,Luke Hamilton,369858,"Sunday, March 14, 2021"
476,Staffing Consultant,Carmella_Vollans5125@twipet.com,Carmella Vollans,351430,"Monday, October 4, 2021"
477,Biologist,Allison_Nobbs3698@irrepsy.com,Allison Nobbs,555970,"Wednesday, December 18, 2019"
478,Treasurer,Melody_Hall2732@extex.org,Melody Hall,35700,"Saturday, October 30, 2021"
479,Lecturer,Kieth_Steer5293@sheye.org,Kieth Steer,657725,"Sunday, August 9, 2020"
480,Production Painter,Chadwick_Forth9792@gompie.com,Chadwick Forth,220049,"Sunday, September 27, 2020"
481,Assistant Buyer,Kurt_Eaton3506@nickia.com,Kurt Eaton,165965,"Monday, March 23, 2020"
482,Project Manager,Shay_Collingwood217@twace.org,Shay Collingwood,154872,"Saturday, September 4, 2021"
483,Fabricator,Marvin_Gates7104@guentu.biz,Marvin Gates,533574,"Friday, April 10, 2020"
484,Audiologist,Mike_Everett8541@kideod.biz,Mike Everett,232760,"Tuesday, January 26, 2021"
485,Machine Operator,Evelynn_Preston6442@twipet.com,Evelynn Preston,622526,"Tuesday, April 28, 2020"
486,Investment  Advisor,Chris_Lunt3240@gembat.biz,Chris Lunt,9871,"Monday, February 10, 2020"
487,Insurance Broker,Erin_Buckley1226@mafthy.com,Erin Buckley,670374,"Thursday, February 4, 2021"
488,Loan Officer,Tony_Tait8734@elnee.tech,Tony Tait,221230,"Sunday, January 5, 2020"
489,Service Supervisor,Josh_Noon4414@vetan.org,Josh Noon,521690,"Sunday, March 8, 2020"
490,Cash Manager,Chadwick_Boyle642@acrit.org,Chadwick Boyle,675540,"Tuesday, February 25, 2020"
491,Software Engineer,Mike_Mitchell2300@zorer.org,Mike Mitchell,562021,"Tuesday, September 28, 2021"
492,Ambulatory Nurse,Chad_Simmons790@ovock.tech,Chad Simmons,161518,"Wednesday, May 26, 2021"
493,Dentist,Lara_Pickard3232@gmail.com,Lara Pickard,564705,"Monday, November 15, 2021"
494,Auditor,Ron_Clayton6904@womeona.net,Ron Clayton,674764,"Monday, October 4, 2021"
495,Loan Officer,Rick_Warren8810@zorer.org,Rick Warren,291416,"Thursday, February 20, 2020"
496,Laboratory Technician,Hannah_Simpson2068@bulaffy.com,Hannah Simpson,389254,"Wednesday, January 8, 2020"
497,Cook,Tyler_Holt9500@infotech44.tech,Tyler Holt,323282,"Sunday, January 31, 2021"
498,Restaurant Manager,Hayden_Willis6988@guentu.biz,Hayden Willis,80998,"Friday, July 2, 2021"
499,Inspector,Maia_Richardson652@acrit.org,Maia Richardson,2435,"Thursday, September 30, 2021"
500,Project Manager,Rufus_Wright2291@elnee.tech,Rufus Wright,137291,"Friday, January 10, 2020"
501,Bookkeeper,Kirsten_Powell3489@typill.biz,Kirsten Powell,203991,"Sunday, September 12, 2021"
502,Steward,Maria_Hudson7733@liret.org,Maria Hudson,718755,"Wednesday, November 25, 2020"
503,Front Desk Coordinator,Willow_Dowson1088@bungar.biz,Willow Dowson,427189,"Monday, August 2, 2021"
504,Machine Operator,Jayden_Calderwood2092@famism.biz,Jayden Calderwood,70286,"Saturday, June 6, 2020"
505,Business Broker,Jolene_Wright6757@zorer.org,Jolene Wright,172481,"Friday, June 18, 2021"
506,Assistant Buyer,Mike_Roscoe8416@bretoux.com,Mike Roscoe,90053,"Wednesday, August 4, 2021"
507,Doctor,Owen_Weasley3209@sheye.org,Owen Weasley,230275,"Wednesday, February 17, 2021"
508,Project Manager,Elise_Brennan6266@guentu.biz,Elise Brennan,228604,"Friday, January 8, 2021"
509,Banker,Chuck_Mullins644@grannar.com,Chuck Mullins,687373,"Sunday, October 18, 2020"
510,Retail Trainee,Benjamin_Harris3486@ovock.tech,Benjamin Harris,568392,"Friday, July 16, 2021"
511,Restaurant Manager,Michaela_Clarke3680@twipet.com,Michaela Clarke,171064,"Saturday, September 26, 2020"
512,Healthcare Specialist,Leslie_Spencer8143@bretoux.com,Leslie Spencer,652552,"Thursday, July 1, 2021"
513,Global Logistics Supervisor,Sebastian_Hobson3591@corti.com,Sebastian Hobson,571990,"Thursday, February 25, 2021"
514,Call Center Representative,David_Bright826@bulaffy.com,David Bright,24909,"Thursday, November 25, 2021"
515,Machine Operator,Hayden_Gilmour2903@bungar.biz,Hayden Gilmour,717801,"Wednesday, March 31, 2021"
516,Investment  Advisor,Melanie_Dyson6341@cispeto.com,Melanie Dyson,140460,"Saturday, August 8, 2020"
517,Design Engineer,Carter_Cooper9468@ovock.tech,Carter Cooper,644412,"Friday, January 10, 2020"
518,Doctor,Makenzie_Moreno8171@ovock.tech,Makenzie Moreno,244083,"Sunday, November 14, 2021"
519,Executive Director,Sebastian_Gavin3548@sveldo.biz,Sebastian Gavin,340225,"Thursday, April 9, 2020"
520,Bookkeeper,Kaylee_Lyon5727@hourpy.biz,Kaylee Lyon,124060,"Tuesday, November 3, 2020"
521,Fabricator,Nathan_Campbell1250@naiker.biz,Nathan Campbell,492185,"Friday, February 7, 2020"
522,Webmaster,Emerald_Simpson7752@hourpy.biz,Emerald Simpson,166836,"Tuesday, April 6, 2021"
523,Chef Manager,Lucas_Sanchez512@ovock.tech,Lucas Sanchez,13843,"Thursday, September 23, 2021"
524,Paramedic,Gabriel_Graham7723@nimogy.biz,Gabriel Graham,1133,"Sunday, November 22, 2020"
525,Stockbroker,Marjorie_Bullock3669@corti.com,Marjorie Bullock,690874,"Sunday, December 29, 2019"
526,IT Support Staff,Nathan_Lakey453@irrepsy.com,Nathan Lakey,407783,"Wednesday, September 15, 2021"
527,Bellman,Denis_Allen4707@bauros.biz,Denis Allen,216844,"Thursday, January 16, 2020"
528,Inspector,Manuel_Walsh1101@irrepsy.com,Manuel Walsh,702895,"Monday, April 27, 2020"
529,Laboratory Technician,Lauren_Matthews6429@muall.tech,Lauren Matthews,142225,"Monday, August 9, 2021"
530,Front Desk Coordinator,Logan_Stevens1793@fuliss.net,Logan Stevens,140825,"Friday, January 31, 2020"
531,Systems Administrator,Maxwell_Rigg9183@fuliss.net,Maxwell Rigg,718010,"Monday, July 12, 2021"
532,Bellman,Phillip_Mcleod2927@supunk.biz,Phillip Mcleod,748168,"Monday, February 10, 2020"
533,Banker,Noah_Maxwell5200@mafthy.com,Noah Maxwell,660364,"Friday, April 9, 2021"
534,Global Logistics Supervisor,Boris_Lloyd3072@typill.biz,Boris Lloyd,130946,"Wednesday, February 26, 2020"
535,Bookkeeper,Danny_Watt90@nanoff.biz,Danny Watt,662347,"Monday, October 5, 2020"
536,CNC Operator,Payton_Sylvester7277@kideod.biz,Payton Sylvester,70303,"Friday, May 22, 2020"
537,Service Supervisor,Amy_Cooper8517@sheye.org,Amy Cooper,188993,"Saturday, October 17, 2020"
538,Physician,Harriet_Whitehouse7000@supunk.biz,Harriet Whitehouse,128451,"Monday, March 30, 2020"
539,Inspector,Chris_Terry9450@extex.org,Chris Terry,628795,"Saturday, February 29, 2020"
540,Baker,Bob_Driscoll6924@deons.tech,Bob Driscoll,440218,"Sunday, February 21, 2021"
541,CNC Operator,Natalie_Radley163@deavo.com,Natalie Radley,538773,"Wednesday, August 26, 2020"
542,Insurance Broker,Hank_Gibson3700@muall.tech,Hank Gibson,461578,"Friday, May 14, 2021"
543,Bookkeeper,Roger_Rodwell2580@brety.org,Roger Rodwell,485737,"Thursday, August 6, 2020"
544,Cashier,Maria_Martin5581@acrit.org,Maria Martin,45458,"Friday, March 13, 2020"
545,Call Center Representative,Hannah_Broomfield1322@gembat.biz,Hannah Broomfield,516677,"Saturday, April 4, 2020"
546,Production Painter,Kendra_Tate787@famism.biz,Kendra Tate,349149,"Sunday, June 6, 2021"
547,Mobile Developer,Camila_Plant1929@joiniaa.com,Camila Plant,273373,"Thursday, January 21, 2021"
548,Machine Operator,Benjamin_Rycroft4576@infotech44.tech,Benjamin Rycroft,727783,"Saturday, March 20, 2021"
549,Auditor,Rufus_Allwood7876@hourpy.biz,Rufus Allwood,526613,"Friday, May 22, 2020"
550,Electrician,Celia_Martin1106@hourpy.biz,Celia Martin,13888,"Friday, October 8, 2021"
551,Bookkeeper,Luke_Butler8733@fuliss.net,Luke Butler,435265,"Saturday, February 13, 2021"
552,Assistant Buyer,Camellia_Dyson9171@muall.tech,Camellia Dyson,698388,"Monday, April 27, 2020"
553,Machine Operator,Bart_Matthews3339@sveldo.biz,Bart Matthews,367999,"Wednesday, January 22, 2020"
554,Associate Professor,Ryan_Uttridge7958@brety.org,Ryan Uttridge,394943,"Saturday, May 2, 2020"
555,Clerk,Havana_Herbert7948@bungar.biz,Havana Herbert,489280,"Sunday, February 7, 2021"
556,Project Manager,Jackeline_Williams3994@fuliss.net,Jackeline Williams,345804,"Sunday, June 27, 2021"
557,Bookkeeper,Rocco_Hunter8835@corti.com,Rocco Hunter,86442,"Saturday, March 6, 2021"
558,Machine Operator,Logan_Willis7777@nickia.com,Logan Willis,104694,"Saturday, June 27, 2020"
559,Global Logistics Supervisor,Nick_Grady8478@womeona.net,Nick Grady,245032,"Thursday, January 28, 2021"
560,HR Coordinator,Jayden_Lambert2592@qater.org,Jayden Lambert,747642,"Thursday, March 19, 2020"
561,Cook,Benny_Antcliff6528@mafthy.com,Benny Antcliff,243876,"Thursday, May 27, 2021"
562,Banker,Rocco_Abbey5996@naiker.biz,Rocco Abbey,216252,"Friday, September 24, 2021"
563,Fabricator,Harmony_Rees1130@womeona.net,Harmony Rees,474901,"Wednesday, June 9, 2021"
564,Inspector,Ethan_Anderson4209@zorer.org,Ethan Anderson,393777,"Sunday, February 14, 2021"
565,Front Desk Coordinator,Phillip_Spencer6592@mafthy.com,Phillip Spencer,678393,"Friday, July 10, 2020"
566,Call Center Representative,William_Rigg456@elnee.tech,William Rigg,323657,"Monday, July 19, 2021"
567,Design Engineer,Carter_Porter2788@eirey.tech,Carter Porter,409477,"Sunday, February 14, 2021"
568,Assistant Buyer,Belinda_Mcleod8105@yahoo.com,Belinda Mcleod,159954,"Monday, September 13, 2021"
569,Assistant Buyer,Benjamin_Ogilvy6394@jiman.org,Benjamin Ogilvy,390746,"Monday, April 5, 2021"
570,Accountant,Lana_Larsen4043@jiman.org,Lana Larsen,55806,"Saturday, May 22, 2021"
571,Baker,Clint_Herbert1487@deons.tech,Clint Herbert,725678,"Friday, April 23, 2021"
572,Steward,Denis_Eaton6668@acrit.org,Denis Eaton,215024,"Monday, October 18, 2021"
573,Production Painter,Manuel_Thorne8387@infotech44.tech,Manuel Thorne,740997,"Sunday, October 11, 2020"
574,Front Desk Coordinator,Nate_Amstead2365@nanoff.biz,Nate Amstead,484004,"Saturday, September 11, 2021"
575,Front Desk Coordinator,Victoria_Matthews2330@naiker.biz,Victoria Matthews,579921,"Sunday, August 1, 2021"
576,Retail Trainee,Liam_Rees8670@vetan.org,Liam Rees,178856,"Thursday, October 1, 2020"
577,Cashier,Henry_Harrison4159@naiker.biz,Henry Harrison,429438,"Wednesday, December 9, 2020"
578,Food Technologist,Chloe_Anderson2244@gmail.com,Chloe Anderson,395740,"Monday, April 27, 2020"
579,Clerk,Abdul_Yarlett348@infotech44.tech,Abdul Yarlett,8625,"Thursday, November 11, 2021"
580,Food Technologist,Emma_Rosenbloom3641@gmail.com,Emma Rosenbloom,126348,"Thursday, August 13, 2020"
581,Associate Professor,Kimberly_Marshall5827@sheye.org,Kimberly Marshall,621363,"Saturday, August 22, 2020"
582,Loan Officer,Noah_Stone 7431@extex.org,Noah Stone ,669545,"Thursday, February 27, 2020"
583,Associate Professor,Hayden_Ward6026@nickia.com,Hayden Ward,473720,"Tuesday, August 4, 2020"
584,Lecturer,Liam_Daniells741@vetan.org,Liam Daniells,486321,"Friday, March 12, 2021"
585,Cashier,Stacy_Snow4206@guentu.biz,Stacy Snow,684290,"Wednesday, February 17, 2021"
586,Call Center Representative,Sharon_Olivier5346@nimogy.biz,Sharon Olivier,282350,"Monday, September 27, 2021"
587,Project Manager,Kieth_Warden6635@dionrab.com,Kieth Warden,96398,"Saturday, July 10, 2021"
588,Mobile Developer,Lillian_Bell2956@twipet.com,Lillian Bell,723212,"Tuesday, September 14, 2021"
589,Cook,Madison_Rogan7495@irrepsy.com,Madison Rogan,688369,"Sunday, August 8, 2021"
590,Bellman,Aisha_Yoman5215@gmail.com,Aisha Yoman,299140,"Wednesday, December 23, 2020"
591,Designer,Mark_Ellis291@famism.biz,Mark Ellis,729970,"Friday, June 4, 2021"
592,Software Engineer,Harry_Mullins1147@guentu.biz,Harry Mullins,359739,"Tuesday, May 19, 2020"
593,Webmaster,Chad_Lewis211@gembat.biz,Chad Lewis,475766,"Monday, November 8, 2021"
594,Call Center Representative,Brad_Doherty5991@vetan.org,Brad Doherty,734625,"Thursday, January 23, 2020"
595,Stockbroker,Kamila_Mcgregor2869@irrepsy.com,Kamila Mcgregor,74836,"Monday, January 18, 2021"
596,Budget Analyst,Nicholas_Heaton253@hourpy.biz,Nicholas Heaton,649664,"Friday, February 26, 2021"
597,Web Developer,Camila_Wellington2106@infotech44.tech,Camila Wellington,535775,"Thursday, June 11, 2020"
598,Electrician,Ryan_Sylvester5659@hourpy.biz,Ryan Sylvester,505067,"Saturday, August 1, 2020"
599,Electrician,Scarlett_Reid75@deons.tech,Scarlett Reid,571731,"Wednesday, July 29, 2020"
600,Food Technologist,Matt_Murray2414@dionrab.com,Matt Murray,337830,"Saturday, July 17, 2021"
601,Physician,George_James6945@tonsy.org,George James,328395,"Tuesday, January 7, 2020"
602,Laboratory Technician,Robyn_Coll9744@vetan.org,Robyn Coll,427811,"Wednesday, July 8, 2020"
603,Physician,Tony_Jeffery950@irrepsy.com,Tony Jeffery,561711,"Monday, October 18, 2021"
604,Project Manager,Priscilla_Phillips8908@sveldo.biz,Priscilla Phillips,704195,"Tuesday, June 23, 2020"
605,Webmaster,Alessandra_Lewis3172@deavo.com,Alessandra Lewis,479148,"Thursday, December 26, 2019"
606,Baker,Rose_Dwyer8461@nimogy.biz,Rose Dwyer,480164,"Monday, January 25, 2021"
607,Health Educator,Phoebe_Casey7869@eirey.tech,Phoebe Casey,560630,"Monday, May 18, 2020"
608,Systems Administrator,Aiden_Lindsay1313@supunk.biz,Aiden Lindsay,692158,"Monday, August 23, 2021"
609,Treasurer,Fiona_Coleman1440@bauros.biz,Fiona Coleman,173454,"Saturday, January 25, 2020"
610,Laboratory Technician,Nate_Taylor8081@bauros.biz,Nate Taylor,473458,"Friday, January 3, 2020"
611,Biologist,Nathan_Nurton7902@nimogy.biz,Nathan Nurton,674783,"Tuesday, May 19, 2020"
612,Software Engineer,Enoch_Gunn4031@sveldo.biz,Enoch Gunn,12274,"Thursday, July 9, 2020"
613,Business Broker,Andrea_Ring2871@muall.tech,Andrea Ring,250839,"Sunday, February 7, 2021"
614,Executive Director,Barry_Irwin244@sheye.org,Barry Irwin,423195,"Wednesday, March 31, 2021"
615,Physician,Colleen_Stanley9622@gompie.com,Colleen Stanley,288834,"Friday, October 30, 2020"
616,Service Supervisor,Harvey_Gray8414@jiman.org,Harvey Gray,739442,"Wednesday, April 8, 2020"
617,Steward,Domenic_Holt7186@tonsy.org,Domenic Holt,56102,"Saturday, September 19, 2020"
618,Stockbroker,Liliana_Davies9172@bulaffy.com,Liliana Davies,294021,"Sunday, June 28, 2020"
619,Cook,Marvin_Chappell7705@vetan.org,Marvin Chappell,206591,"Thursday, February 6, 2020"
620,Budget Analyst,Chloe_Jones2059@naiker.biz,Chloe Jones,334425,"Monday, February 1, 2021"
621,Investment  Advisor,Adeline_Cann7221@corti.com,Adeline Cann,543352,"Sunday, December 29, 2019"
622,Cashier,Tom_Harris5516@joiniaa.com,Tom Harris,392504,"Monday, June 15, 2020"
623,Design Engineer,Josh_Uttridge1064@typill.biz,Josh Uttridge,608030,"Wednesday, April 15, 2020"
624,Business Broker,Chloe_Rodwell7821@extex.org,Chloe Rodwell,205161,"Thursday, May 28, 2020"
625,Insurance Broker,Sienna_Swift7517@ovock.tech,Sienna Swift,171450,"Sunday, June 14, 2020"
626,Healthcare Specialist,Brad_Quinton9517@gompie.com,Brad Quinton,59761,"Wednesday, December 4, 2019"
627,Front Desk Coordinator,Fred_Yang4990@eirey.tech,Fred Yang,70985,"Sunday, October 3, 2021"
628,Bookkeeper,Harriet_Irving488@cispeto.com,Harriet Irving,304841,"Tuesday, August 3, 2021"
629,Paramedic,Amelia_Pitt769@iatim.tech,Amelia Pitt,237100,"Tuesday, August 11, 2020"
630,Associate Professor,Lucas_Vince6552@typill.biz,Lucas Vince,349441,"Saturday, October 24, 2020"
631,Call Center Representative,Carolyn_Mooney9603@irrepsy.com,Carolyn Mooney,36152,"Tuesday, December 17, 2019"
632,Mobile Developer,Mackenzie_Grant3165@vetan.org,Mackenzie Grant,653494,"Wednesday, March 17, 2021"
633,Cashier,Beatrice_Bradley2387@vetan.org,Beatrice Bradley,258238,"Sunday, March 15, 2020"
634,Investment  Advisor,Phillip_Robinson202@eirey.tech,Phillip Robinson,43376,"Saturday, September 26, 2020"
635,Call Center Representative,Tyler_Patel969@ovock.tech,Tyler Patel,531983,"Sunday, October 24, 2021"
636,Health Educator,Mabel_Squire2819@twace.org,Mabel Squire,457704,"Friday, June 19, 2020"
637,Lecturer,Luna_Power3936@iatim.tech,Luna Power,156761,"Monday, September 14, 2020"
638,Web Developer,Cherish_Anderson677@sheye.org,Cherish Anderson,362374,"Sunday, January 3, 2021"
639,Biologist,Chad_Varndell3716@bauros.biz,Chad Varndell,67391,"Sunday, June 6, 2021"
640,Paramedic,Ruth_Lewin1321@vetan.org,Ruth Lewin,9294,"Friday, August 6, 2021"
641,Software Engineer,Erick_Randall7957@bungar.biz,Erick Randall,368260,"Wednesday, February 10, 2021"
642,CNC Operator,Caleb_Boden991@deons.tech,Caleb Boden,537195,"Wednesday, December 9, 2020"
643,Healthcare Specialist,Esmeralda_Heaton7651@cispeto.com,Esmeralda Heaton,209139,"Wednesday, January 29, 2020"
644,Cook,Julian_Atkinson3890@famism.biz,Julian Atkinson,493519,"Thursday, September 16, 2021"
645,Front Desk Coordinator,Sloane_Norton1502@typill.biz,Sloane Norton,403018,"Friday, July 30, 2021"
646,Production Painter,Cherish_Lakey5785@supunk.biz,Cherish Lakey,69553,"Saturday, April 17, 2021"
647,Designer,Wendy_James3363@twipet.com,Wendy James,662199,"Monday, December 16, 2019"
648,HR Coordinator,Benny_Yarlett8231@grannar.com,Benny Yarlett,489091,"Sunday, June 13, 2021"
649,Associate Professor,Paula_Matthews223@cispeto.com,Paula Matthews,650284,"Wednesday, February 24, 2021"
650,Stockbroker,Owen_Shaw3450@extex.org,Owen Shaw,341924,"Wednesday, March 25, 2020"
651,Business Broker,Jayden_Shelton2472@joiniaa.com,Jayden Shelton,547309,"Wednesday, February 10, 2021"
652,Web Developer,Bob_Victor8142@ubusive.com,Bob Victor,518396,"Tuesday, January 5, 2021"
653,Physician,Susan_Murphy6992@liret.org,Susan Murphy,628848,"Monday, July 5, 2021"
654,Auditor,Rylee_Flack7650@eirey.tech,Rylee Flack,76416,"Sunday, January 31, 2021"
655,Lecturer,Erick_Moore7238@deavo.com,Erick Moore,459690,"Monday, July 6, 2020"
656,Service Supervisor,Ethan_Clarkson3941@jiman.org,Ethan Clarkson,603832,"Saturday, May 2, 2020"
657,Physician,Carter_Widdows2020@womeona.net,Carter Widdows,444904,"Tuesday, August 10, 2021"
658,Retail Trainee,Zoe_Kelly1723@deavo.com,Zoe Kelly,32325,"Wednesday, January 6, 2021"
659,Ambulatory Nurse,Renee_Reynolds3740@atink.com,Renee Reynolds,585420,"Friday, October 22, 2021"
660,HR Coordinator,Lily_Ripley5718@gmail.com,Lily Ripley,534211,"Saturday, March 13, 2021"
661,Assistant Buyer,Alma_Young7525@atink.com,Alma Young,83512,"Thursday, November 25, 2021"
662,Business Broker,Dorothy_Swan9734@twipet.com,Dorothy Swan,559506,"Friday, December 11, 2020"
663,Pharmacist,Daniel_Crawley5353@ovock.tech,Daniel Crawley,537788,"Wednesday, September 1, 2021"
664,Business Broker,Harvey_Kennedy6892@irrepsy.com,Harvey Kennedy,719989,"Monday, January 13, 2020"
665,Banker,Bart_Shaw5287@gembat.biz,Bart Shaw,86114,"Saturday, October 30, 2021"
666,Doctor,Jack_Clarkson1675@infotech44.tech,Jack Clarkson,493633,"Wednesday, July 15, 2020"
667,HR Coordinator,Barney_Watt8469@qater.org,Barney Watt,478134,"Monday, August 30, 2021"
668,Steward,Jessica_Morris8336@eirey.tech,Jessica Morris,738944,"Tuesday, May 18, 2021"
669,Associate Professor,Shay_Ulyatt2364@liret.org,Shay Ulyatt,437548,"Thursday, August 6, 2020"
670,Executive Director,Gil_Reid3792@nanoff.biz,Gil Reid,648578,"Friday, February 28, 2020"
671,HR Specialist,Manuel_Barrett6765@yahoo.com,Manuel Barrett,102857,"Monday, November 2, 2020"
672,Machine Operator,Alan_Plant9686@vetan.org,Alan Plant,297875,"Saturday, November 7, 2020"
673,Pharmacist,Carl_Gaynor8180@vetan.org,Carl Gaynor,88355,"Saturday, November 6, 2021"
674,Call Center Representative,Mike_Wood7869@hourpy.biz,Mike Wood,234632,"Monday, July 6, 2020"
675,Dentist,Tom_Rowan9567@acrit.org,Tom Rowan,632054,"Wednesday, June 3, 2020"
676,Restaurant Manager,Luna_Kidd2509@gembat.biz,Luna Kidd,65917,"Monday, October 12, 2020"
677,Baker,Nathan_Williams7355@twace.org,Nathan Williams,419677,"Friday, August 13, 2021"
678,Operator,Estrella_Farmer8838@bulaffy.com,Estrella Farmer,112999,"Tuesday, March 24, 2020"
679,Webmaster,Alexa_Nash5042@extex.org,Alexa Nash,639456,"Saturday, December 5, 2020"
680,Designer,Kurt_Alexander9132@bulaffy.com,Kurt Alexander,597694,"Friday, February 28, 2020"
681,Designer,Cadence_Mills6713@kideod.biz,Cadence Mills,60038,"Saturday, June 27, 2020"
682,IT Support Staff,Naomi_Yarwood141@guentu.biz,Naomi Yarwood,208093,"Friday, May 21, 2021"
683,Health Educator,Anthony_Oakley1284@extex.org,Anthony Oakley,696650,"Tuesday, June 9, 2020"
684,Biologist,Melania_Calderwood4001@hourpy.biz,Melania Calderwood,523769,"Monday, September 7, 2020"
685,Web Developer,Kimberly_Patel3306@dionrab.com,Kimberly Patel,455675,"Tuesday, December 3, 2019"
686,Design Engineer,Wendy_Santos4943@iatim.tech,Wendy Santos,622019,"Sunday, June 14, 2020"
687,Baker,Ramon_Cavanagh9192@mafthy.com,Ramon Cavanagh,613069,"Tuesday, December 17, 2019"
688,Bookkeeper,Carl_Roberts5583@ovock.tech,Carl Roberts,144899,"Thursday, April 22, 2021"
689,Project Manager,Sage_Graham6455@nickia.com,Sage Graham,349331,"Wednesday, June 9, 2021"
690,Associate Professor,Caydence_Ellis1298@liret.org,Caydence Ellis,204660,"Sunday, July 11, 2021"
691,Executive Director,Caleb_Ralph961@bungar.biz,Caleb Ralph,51918,"Thursday, July 15, 2021"
692,Restaurant Manager,Olivia_Verdon8714@joiniaa.com,Olivia Verdon,119839,"Wednesday, October 27, 2021"
693,Operator,Tyler_Wright2266@gompie.com,Tyler Wright,187163,"Monday, June 8, 2020"
694,Call Center Representative,Doug_Hobson5793@fuliss.net,Doug Hobson,297157,"Monday, May 18, 2020"
695,Electrician,Faith_Summers870@dionrab.com,Faith Summers,742278,"Saturday, November 14, 2020"
696,Electrician,Carl_Archer5475@twipet.com,Carl Archer,744252,"Tuesday, January 26, 2021"
697,Dentist,Julian_Robinson4689@tonsy.org,Julian Robinson,264723,"Thursday, November 5, 2020"
698,Budget Analyst,Gil_Terry5615@vetan.org,Gil Terry,629387,"Tuesday, September 28, 2021"
699,IT Support Staff,Rose_Villiger1824@cispeto.com,Rose Villiger,195432,"Sunday, May 31, 2020"
700,Pharmacist,Rosie_Parker1233@muall.tech,Rosie Parker,211500,"Friday, February 26, 2021"
701,Restaurant Manager,Hayden_Cork5577@deavo.com,Hayden Cork,18034,"Thursday, September 23, 2021"
702,Chef Manager,Jack_Wilkinson5224@mafthy.com,Jack Wilkinson,700567,"Wednesday, March 25, 2020"
703,Operator,Bart_Pitt9466@eirey.tech,Bart Pitt,38848,"Friday, April 16, 2021"
704,Service Supervisor,Angel_Tennant9477@zorer.org,Angel Tennant,608845,"Sunday, July 25, 2021"
705,Treasurer,Caleb_Strong5835@nickia.com,Caleb Strong,398911,"Thursday, June 25, 2020"
706,Cash Manager,Makenzie_Reid4096@tonsy.org,Makenzie Reid,195620,"Saturday, April 11, 2020"
707,Insurance Broker,Noah_Burnley4410@nickia.com,Noah Burnley,559982,"Thursday, July 8, 2021"
708,Software Engineer,Courtney_Shelton1392@supunk.biz,Courtney Shelton,151707,"Friday, January 3, 2020"
709,Web Developer,Jolene_Hobbs130@jiman.org,Jolene Hobbs,170296,"Thursday, July 15, 2021"
710,Health Educator,Johnny_Clayton7971@mafthy.com,Johnny Clayton,342865,"Friday, September 11, 2020"
711,Bellman,Rocco_Cox9205@elnee.tech,Rocco Cox,392673,"Tuesday, February 9, 2021"
712,Restaurant Manager,Chad_Stevenson5528@nimogy.biz,Chad Stevenson,744501,"Wednesday, October 28, 2020"
713,Doctor,Zara_Kaur7396@guentu.biz,Zara Kaur,185363,"Sunday, April 26, 2020"
714,Webmaster,Tom_Mcgee1018@cispeto.com,Tom Mcgee,523650,"Friday, May 7, 2021"
715,Cook,Roger_Harrison1715@infotech44.tech,Roger Harrison,502731,"Sunday, January 5, 2020"
716,Webmaster,Tony_Vince6625@bungar.biz,Tony Vince,163803,"Tuesday, June 1, 2021"
717,Web Developer,Courtney_Rees1725@iatim.tech,Courtney Rees,164855,"Sunday, May 3, 2020"
718,Cashier,Andie_Stewart8652@kideod.biz,Andie Stewart,740540,"Monday, December 21, 2020"
719,Paramedic,Julian_Rehman6948@guentu.biz,Julian Rehman,383287,"Friday, June 26, 2020"
720,Dentist,Barney_Eastwood7410@sveldo.biz,Barney Eastwood,94229,"Friday, September 3, 2021"
721,Production Painter,Benjamin_Wren7068@irrepsy.com,Benjamin Wren,447820,"Wednesday, June 16, 2021"
722,Dentist,Caitlyn_Fields6604@bretoux.com,Caitlyn Fields,164644,"Monday, March 29, 2021"
723,Operator,Chad_Daniells693@sveldo.biz,Chad Daniells,672688,"Tuesday, February 9, 2021"
724,Budget Analyst,Rufus_Blythe8977@guentu.biz,Rufus Blythe,287166,"Wednesday, January 13, 2021"
725,CNC Operator,Hadley_Robinson3888@bungar.biz,Hadley Robinson,710062,"Thursday, August 27, 2020"
726,Machine Operator,Megan_Young5870@kideod.biz,Megan Young,668745,"Friday, August 20, 2021"
727,Restaurant Manager,Danny_Noach7031@corti.com,Danny Noach,249197,"Sunday, December 8, 2019"
728,Ambulatory Nurse,Angelica_Wren2478@ovock.tech,Angelica Wren,286183,"Wednesday, January 8, 2020"
729,Pharmacist,Javier_Gilmour8204@twace.org,Javier Gilmour,566630,"Monday, October 5, 2020"
730,Bellman,Harvey_Blackwall1915@elnee.tech,Harvey Blackwall,574559,"Saturday, January 16, 2021"
731,Lecturer,Claire_Rivers8582@infotech44.tech,Claire Rivers,183840,"Wednesday, April 22, 2020"
732,Machine Operator,Nicole_Ellwood8120@hourpy.biz,Nicole Ellwood,412174,"Saturday, April 11, 2020"
733,Chef Manager,Joyce_Radcliffe4440@iatim.tech,Joyce Radcliffe,292721,"Tuesday, April 27, 2021"
734,Associate Professor,Chloe_Callan3391@hourpy.biz,Chloe Callan,156090,"Sunday, March 15, 2020"
735,Ambulatory Nurse,Havana_Savage7127@guentu.biz,Havana Savage,16259,"Thursday, January 21, 2021"
736,Insurance Broker,Monica_Sawyer5495@typill.biz,Monica Sawyer,347795,"Sunday, November 14, 2021"
737,Stockbroker,Candice_Ulyatt1551@naiker.biz,Candice Ulyatt,520153,"Saturday, April 17, 2021"
738,Biologist,Alexander_Mould342@deavo.com,Alexander Mould,167671,"Thursday, January 16, 2020"
739,Audiologist,Jade_Nayler6137@hourpy.biz,Jade Nayler,449251,"Tuesday, September 29, 2020"
740,Electrician,Elijah_Stewart617@jiman.org,Elijah Stewart,108823,"Tuesday, May 18, 2021"
741,Loan Officer,Carol_Walsh8597@irrepsy.com,Carol Walsh,429678,"Friday, July 2, 2021"
742,Budget Analyst,Stephanie_Seymour9373@nimogy.biz,Stephanie Seymour,58264,"Friday, July 16, 2021"
743,Fabricator,Brad_Campbell3027@fuliss.net,Brad Campbell,615486,"Thursday, November 19, 2020"
744,Insurance Broker,Denis_Kaur8143@corti.com,Denis Kaur,386909,"Saturday, January 2, 2021"
745,Electrician,Jacob_Coates9734@joiniaa.com,Jacob Coates,304729,"Saturday, July 31, 2021"
746,Chef Manager,Chester_Willis3184@joiniaa.com,Chester Willis,587310,"Saturday, September 25, 2021"
747,Fabricator,Chadwick_Thorpe4766@joiniaa.com,Chadwick Thorpe,669854,"Monday, May 31, 2021"
748,Global Logistics Supervisor,Claire_Gilbert2422@nickia.com,Claire Gilbert,523421,"Monday, September 6, 2021"
749,Design Engineer,Anthony_Phillips4456@ubusive.com,Anthony Phillips,312118,"Friday, November 26, 2021"
750,Food Technologist,Julius_Addley351@bungar.biz,Julius Addley,732202,"Tuesday, September 22, 2020"
751,Business Broker,Dakota_Nielson5187@hourpy.biz,Dakota Nielson,140237,"Sunday, June 14, 2020"
752,Doctor,Domenic_Grey3543@sveldo.biz,Domenic Grey,295643,"Wednesday, March 4, 2020"
753,Auditor,Sloane_Callan1732@yahoo.com,Sloane Callan,731395,"Friday, July 17, 2020"
754,Doctor,Renee_Radley1872@guentu.biz,Renee Radley,231418,"Tuesday, November 2, 2021"
755,Inspector,Danny_Kirby3169@hourpy.biz,Danny Kirby,337762,"Monday, August 3, 2020"
756,Doctor,Marissa_Pickard6343@grannar.com,Marissa Pickard,388121,"Thursday, July 8, 2021"
757,Baker,Nicole_Purvis4620@acrit.org,Nicole Purvis,339466,"Sunday, April 25, 2021"
758,Baker,Courtney_Campbell626@deons.tech,Courtney Campbell,255655,"Wednesday, January 15, 2020"
759,Paramedic,David_Carson1508@guentu.biz,David Carson,175784,"Friday, January 15, 2021"
760,Service Supervisor,Chadwick_Upton9810@nimogy.biz,Chadwick Upton,370468,"Sunday, May 16, 2021"
761,Accountant,Valerie_Gaynor1224@yahoo.com,Valerie Gaynor,730827,"Wednesday, September 16, 2020"
762,Executive Director,Hope_Dempsey4405@deavo.com,Hope Dempsey,277871,"Saturday, October 3, 2020"
763,Design Engineer,Gladys_Benfield8161@womeona.net,Gladys Benfield,551090,"Friday, July 2, 2021"
764,Restaurant Manager,Boris_Long4457@deons.tech,Boris Long,474835,"Saturday, June 27, 2020"
765,Design Engineer,Martin_Victor3403@extex.org,Martin Victor,285367,"Thursday, January 14, 2021"
766,Associate Professor,Carrie_Nicholls9442@ubusive.com,Carrie Nicholls,121498,"Thursday, July 15, 2021"
767,Assistant Buyer,Gil_Palmer5718@typill.biz,Gil Palmer,546999,"Tuesday, February 2, 2021"
768,Food Technologist,Anabelle_Ward9133@gompie.com,Anabelle Ward,275341,"Sunday, August 22, 2021"
769,Design Engineer,Marie_Yarwood9782@zorer.org,Marie Yarwood,165026,"Thursday, October 28, 2021"
770,Insurance Broker,Sasha_Franks4097@acrit.org,Sasha Franks,413113,"Saturday, November 6, 2021"
771,Baker,Erin_Willson7612@twipet.com,Erin Willson,204394,"Sunday, March 8, 2020"
772,Front Desk Coordinator,Clint_Talbot425@bulaffy.com,Clint Talbot,708265,"Tuesday, May 18, 2021"
773,Assistant Buyer,Melody_Neville7754@bulaffy.com,Melody Neville,283532,"Friday, August 7, 2020"
774,Chef Manager,Gina_Campbell8848@extex.org,Gina Campbell,31392,"Tuesday, September 8, 2020"
775,Service Supervisor,Leslie_Gates8402@liret.org,Leslie Gates,31094,"Saturday, September 26, 2020"
776,Ambulatory Nurse,Emery_Tanner2916@mafthy.com,Emery Tanner,129850,"Thursday, May 21, 2020"
777,Laboratory Technician,Audrey_Waterson9349@deons.tech,Audrey Waterson,214612,"Wednesday, June 9, 2021"
778,Laboratory Technician,Hadley_Garner5020@sveldo.biz,Hadley Garner,320959,"Monday, March 29, 2021"
779,Design Engineer,Courtney_Rycroft1850@joiniaa.com,Courtney Rycroft,536539,"Monday, February 17, 2020"
780,Insurance Broker,Julianna_Franks4025@mafthy.com,Julianna Franks,331569,"Sunday, July 4, 2021"
781,Food Technologist,Logan_Davies9400@sveldo.biz,Logan Davies,472642,"Thursday, August 5, 2021"
782,Mobile Developer,Sabrina_Harrington1646@yahoo.com,Sabrina Harrington,746782,"Saturday, November 13, 2021"
783,HR Specialist,Carrie_Clifton9846@sheye.org,Carrie Clifton,642897,"Monday, September 7, 2020"
784,Cashier,Remy_James4754@joiniaa.com,Remy James,101917,"Tuesday, June 15, 2021"
785,CNC Operator,Trisha_Vallins5116@infotech44.tech,Trisha Vallins,720423,"Thursday, August 6, 2020"
786,Clerk,Russel_Mcgee6017@tonsy.org,Russel Mcgee,605422,"Wednesday, October 7, 2020"
787,Clerk,Henry_Hall7016@bauros.biz,Henry Hall,74567,"Wednesday, March 31, 2021"
788,Stockbroker,Beatrice_Lewis4490@famism.biz,Beatrice Lewis,212732,"Thursday, February 25, 2021"
789,Budget Analyst,Cynthia_Reese3410@guentu.biz,Cynthia Reese,402684,"Tuesday, December 24, 2019"
790,Banker,Nicholas_Knott1952@elnee.tech,Nicholas Knott,193704,"Wednesday, February 3, 2021"
791,Executive Director,Daniel_Shea940@fuliss.net,Daniel Shea,210183,"Tuesday, November 3, 2020"
792,Fabricator,Logan_Harrison7898@nanoff.biz,Logan Harrison,700260,"Friday, April 23, 2021"
793,Treasurer,Peter_Whatson8539@iatim.tech,Peter Whatson,68220,"Saturday, January 4, 2020"
794,Ambulatory Nurse,Matthew_Murray9005@jiman.org,Matthew Murray,666396,"Friday, September 11, 2020"
795,Cashier,Wade_Russel207@deavo.com,Wade Russel,561363,"Wednesday, March 3, 2021"
796,Chef Manager,Gabriel_Abbey3976@ubusive.com,Gabriel Abbey,441444,"Friday, August 14, 2020"
797,Audiologist,Gil_Andrews2641@ubusive.com,Gil Andrews,602860,"Wednesday, March 3, 2021"
798,Physician,Cedrick_Woodcock5744@elnee.tech,Cedrick Woodcock,175064,"Sunday, November 29, 2020"
799,Pharmacist,Adalie_Andrews8896@nickia.com,Adalie Andrews,602553,"Sunday, March 15, 2020"
800,Paramedic,Aileen_Walton2815@famism.biz,Aileen Walton,604816,"Sunday, October 10, 2021"
801,Insurance Broker,Analise_Lynn1775@grannar.com,Analise Lynn,285714,"Wednesday, July 21, 2021"
802,Ambulatory Nurse,Leroy_Lakey8013@elnee.tech,Leroy Lakey,62576,"Saturday, October 24, 2020"
803,Banker,Rufus_Paterson1750@liret.org,Rufus Paterson,161447,"Sunday, May 17, 2020"
804,Call Center Representative,Kimberly_Adams6321@bretoux.com,Kimberly Adams,104406,"Saturday, January 25, 2020"
805,Call Center Representative,Courtney_Hunter9323@muall.tech,Courtney Hunter,378876,"Wednesday, December 25, 2019"
806,Audiologist,Roger_Devonport8913@eirey.tech,Roger Devonport,630615,"Saturday, October 31, 2020"
807,Global Logistics Supervisor,Sydney_Cowan9765@supunk.biz,Sydney Cowan,243508,"Tuesday, September 21, 2021"
808,Electrician,Caydence_Moss4172@typill.biz,Caydence Moss,606893,"Tuesday, September 14, 2021"
809,Associate Professor,Meredith_Power8147@yahoo.com,Meredith Power,615835,"Sunday, September 19, 2021"
810,Stockbroker,Doug_Heaton3299@extex.org,Doug Heaton,610697,"Friday, February 21, 2020"
811,Health Educator,Rosemary_Weatcroft2803@muall.tech,Rosemary Weatcroft,383610,"Saturday, December 12, 2020"
812,Insurance Broker,Eduardo_Morris4006@guentu.biz,Eduardo Morris,469538,"Sunday, April 5, 2020"
813,Bellman,Cara_Bayliss4819@gmail.com,Cara Bayliss,92916,"Friday, September 10, 2021"
814,Front Desk Coordinator,Marina_Mould4020@yahoo.com,Marina Mould,712814,"Thursday, December 5, 2019"
815,IT Support Staff,Denis_Whatson4787@twipet.com,Denis Whatson,467306,"Saturday, February 6, 2021"
816,Baker,Nicholas_Parsons6993@tonsy.org,Nicholas Parsons,659100,"Saturday, January 11, 2020"
817,IT Support Staff,Nicholas_Mann1839@bretoux.com,Nicholas Mann,613215,"Saturday, August 7, 2021"
818,Operator,Anabel_Griffiths10@sheye.org,Anabel Griffiths,205553,"Thursday, August 20, 2020"
819,Pharmacist,Maddison_Bell3704@ubusive.com,Maddison Bell,393201,"Wednesday, July 14, 2021"
820,Executive Director,Destiny_Griffiths924@guentu.biz,Destiny Griffiths,255104,"Saturday, June 6, 2020"
821,Pharmacist,Hayden_Lee9604@fuliss.net,Hayden Lee,666994,"Tuesday, February 9, 2021"
822,Clerk,Ellen_Davies255@typill.biz,Ellen Davies,44229,"Tuesday, September 7, 2021"
823,Stockbroker,Tania_Bell2129@brety.org,Tania Bell,676270,"Thursday, October 7, 2021"
824,Investment  Advisor,William_Eastwood3949@joiniaa.com,William Eastwood,552189,"Saturday, January 23, 2021"
825,CNC Operator,Mason_Hopkins2767@irrepsy.com,Mason Hopkins,531943,"Sunday, October 24, 2021"
826,Call Center Representative,Tyler_Michael536@liret.org,Tyler Michael,711978,"Wednesday, August 12, 2020"
827,Steward,Rosemary_Vallory1203@acrit.org,Rosemary Vallory,351565,"Tuesday, July 21, 2020"
828,Production Painter,Chad_Rose3919@acrit.org,Chad Rose,62667,"Monday, June 14, 2021"
829,Auditor,Benny_Hobson581@gompie.com,Benny Hobson,11884,"Thursday, September 10, 2020"
830,Production Painter,Rae_Irwin5535@ubusive.com,Rae Irwin,588003,"Tuesday, June 8, 2021"
831,Dentist,William_Groves7565@zorer.org,William Groves,533866,"Wednesday, November 25, 2020"
832,Insurance Broker,Chris_Miller1249@kideod.biz,Chris Miller,547320,"Saturday, July 17, 2021"
833,Global Logistics Supervisor,Julian_Moss1800@gompie.com,Julian Moss,40970,"Sunday, March 29, 2020"
834,IT Support Staff,Alexander_Nurton7968@bauros.biz,Alexander Nurton,731123,"Friday, November 5, 2021"
835,Bellman,Maya_Townend5939@nickia.com,Maya Townend,605559,"Thursday, April 22, 2021"
836,Accountant,Gil_Oliver1965@eirey.tech,Gil Oliver,513660,"Wednesday, July 21, 2021"
837,Business Broker,Carol_Oldfield5920@supunk.biz,Carol Oldfield,23124,"Saturday, February 15, 2020"
838,Staffing Consultant,Bart_James12@ubusive.com,Bart James,490877,"Saturday, March 21, 2020"
839,Dentist,Gladys_Strong8642@extex.org,Gladys Strong,487989,"Friday, May 21, 2021"
840,Assistant Buyer,Isabella_Osmond7350@nickia.com,Isabella Osmond,65293,"Monday, May 11, 2020"
841,Design Engineer,Luke_Willis1197@nickia.com,Luke Willis,38523,"Monday, March 16, 2020"
842,Chef Manager,Maribel_Murray1356@twace.org,Maribel Murray,202455,"Sunday, June 7, 2020"
843,Treasurer,Kieth_Reynolds5310@ovock.tech,Kieth Reynolds,550078,"Thursday, September 2, 2021"
844,Banker,Jacqueline_Button2661@muall.tech,Jacqueline Button,232473,"Wednesday, March 3, 2021"
845,Insurance Broker,Marvin_Fisher3045@jiman.org,Marvin Fisher,302223,"Wednesday, September 8, 2021"
846,Electrician,Savannah_Jarvis8497@deons.tech,Savannah Jarvis,500899,"Tuesday, December 3, 2019"
847,Restaurant Manager,Alexia_Hepburn6248@joiniaa.com,Alexia Hepburn,142429,"Sunday, April 11, 2021"
848,Assistant Buyer,Anais_Ebden8208@deavo.com,Anais Ebden,312927,"Wednesday, September 22, 2021"
849,Mobile Developer,Callie_Chester3485@joiniaa.com,Callie Chester,246689,"Tuesday, August 25, 2020"
850,Project Manager,Julian_Rose317@famism.biz,Julian Rose,654045,"Monday, April 6, 2020"
851,Investment  Advisor,Amy_Mitchell2949@hourpy.biz,Amy Mitchell,400238,"Monday, April 12, 2021"
852,Business Broker,Ciara_Simpson6508@yahoo.com,Ciara Simpson,84242,"Sunday, October 25, 2020"
853,HR Coordinator,Kurt_Stark1551@gembat.biz,Kurt Stark,602078,"Friday, November 5, 2021"
854,Webmaster,Alan_Hopkins6957@ovock.tech,Alan Hopkins,257509,"Saturday, September 19, 2020"
855,Operator,Carter_Selby8624@atink.com,Carter Selby,242507,"Friday, February 21, 2020"
856,Cashier,Mona_Higgs6233@gmail.com,Mona Higgs,727350,"Friday, December 11, 2020"
857,Inspector,Wendy_Jones1810@guentu.biz,Wendy Jones,441761,"Thursday, September 30, 2021"
858,Cook,Rocco_Wren3255@iatim.tech,Rocco Wren,694752,"Friday, September 10, 2021"
859,Production Painter,Owen_Lakey3560@bulaffy.com,Owen Lakey,715415,"Monday, January 13, 2020"
860,Retail Trainee,Kieth_Hobson6460@liret.org,Kieth Hobson,485214,"Monday, May 18, 2020"
861,Ambulatory Nurse,Camellia_Andersson4736@deavo.com,Camellia Andersson,348122,"Tuesday, April 6, 2021"
862,Assistant Buyer,Callie_Griffiths3262@supunk.biz,Callie Griffiths,529696,"Sunday, May 23, 2021"
863,Treasurer,Denny_Brown7094@yahoo.com,Denny Brown,675811,"Saturday, October 31, 2020"
864,Doctor,Iris_Grey4113@gmail.com,Iris Grey,76992,"Sunday, April 19, 2020"
865,Designer,Charlotte_Ashwell1437@nickia.com,Charlotte Ashwell,459863,"Saturday, April 10, 2021"
866,Project Manager,Jacob_Watt1336@joiniaa.com,Jacob Watt,259361,"Thursday, December 31, 2020"
867,Project Manager,Boris_Morrison6977@hourpy.biz,Boris Morrison,546610,"Tuesday, November 9, 2021"
868,Ambulatory Nurse,Janelle_Harvey2727@grannar.com,Janelle Harvey,203238,"Saturday, April 4, 2020"
869,Health Educator,Bristol_Strong5014@nanoff.biz,Bristol Strong,449664,"Saturday, October 31, 2020"
870,Call Center Representative,Alex_Brooks6864@hourpy.biz,Alex Brooks,409571,"Friday, July 23, 2021"
871,Service Supervisor,Enoch_Underhill1833@twace.org,Enoch Underhill,56711,"Tuesday, April 13, 2021"
872,Retail Trainee,Hank_Nobbs4701@irrepsy.com,Hank Nobbs,516404,"Wednesday, April 28, 2021"
873,Investment  Advisor,Helen_Khan4748@zorer.org,Helen Khan,650404,"Wednesday, January 20, 2021"
874,Loan Officer,Clint_Willson4495@sheye.org,Clint Willson,741510,"Friday, September 24, 2021"
875,Bookkeeper,Anthony_Greenwood4451@nanoff.biz,Anthony Greenwood,469516,"Thursday, October 15, 2020"
876,Steward,Bryce_Powell4850@naiker.biz,Bryce Powell,730127,"Sunday, July 5, 2020"
877,Project Manager,Gemma_Vernon1720@iatim.tech,Gemma Vernon,662247,"Friday, September 10, 2021"
878,IT Support Staff,Doug_Jones4450@atink.com,Doug Jones,91201,"Monday, September 28, 2020"
879,Cash Manager,Vivian_Stone 4885@atink.com,Vivian Stone ,273802,"Friday, August 6, 2021"
880,Production Painter,Susan_Collis2457@dionrab.com,Susan Collis,314333,"Sunday, May 10, 2020"
881,Banker,Tyson_Jordan2477@joiniaa.com,Tyson Jordan,557743,"Wednesday, August 19, 2020"
882,Inspector,Tony_Palmer1667@elnee.tech,Tony Palmer,319408,"Wednesday, January 13, 2021"
883,Pharmacist,Rebecca_Freeburn248@twipet.com,Rebecca Freeburn,466188,"Thursday, December 3, 2020"
884,Service Supervisor,Barry_Irwin4752@bungar.biz,Barry Irwin,667241,"Tuesday, December 17, 2019"
885,Accountant,Sharon_Warden119@sveldo.biz,Sharon Warden,529153,"Monday, April 6, 2020"
886,HR Specialist,Maya_Campbell655@liret.org,Maya Campbell,22099,"Tuesday, October 20, 2020"
887,Operator,Ivette_Phillips154@kideod.biz,Ivette Phillips,568835,"Saturday, May 1, 2021"
888,Treasurer,Laila_Nicolas9326@vetan.org,Laila Nicolas,648307,"Wednesday, February 17, 2021"
889,Health Educator,Alessia_Gregory4700@jiman.org,Alessia Gregory,406158,"Tuesday, June 16, 2020"
890,Assistant Buyer,Nate_Tailor6259@mafthy.com,Nate Tailor,234594,"Saturday, March 14, 2020"
891,Global Logistics Supervisor,Ramon_Norris6995@jiman.org,Ramon Norris,291583,"Tuesday, November 3, 2020"
892,Investment  Advisor,Kendra_Crawford2657@bulaffy.com,Kendra Crawford,130714,"Sunday, July 26, 2020"
893,Budget Analyst,Morgan_Irving5511@bretoux.com,Morgan Irving,184018,"Saturday, August 1, 2020"
894,Physician,John_Holmes2060@mafthy.com,John Holmes,39388,"Friday, May 8, 2020"
895,Health Educator,Penelope_May4958@tonsy.org,Penelope May,75233,"Monday, August 31, 2020"
896,Restaurant Manager,Iris_Wright8898@deons.tech,Iris Wright,270838,"Tuesday, December 24, 2019"
897,Dentist,Agnes_Salt9991@nickia.com,Agnes Salt,261952,"Thursday, March 19, 2020"
898,Physician,Jack_Price5759@deons.tech,Jack Price,323847,"Monday, January 11, 2021"
899,Stockbroker,Carter_Hunter998@hourpy.biz,Carter Hunter,155563,"Friday, January 10, 2020"
900,Cashier,Ivy_Ebden4345@typill.biz,Ivy Ebden,520360,"Thursday, February 18, 2021"
901,Accountant,Jenna_Russell5553@acrit.org,Jenna Russell,687389,"Thursday, April 9, 2020"
902,Investment  Advisor,Johnny_Clifford5533@ubusive.com,Johnny Clifford,101691,"Friday, January 24, 2020"
903,Fabricator,Caleb_Hill9129@grannar.com,Caleb Hill,650475,"Thursday, May 7, 2020"
904,Staffing Consultant,Hailey_Marshall3147@typill.biz,Hailey Marshall,715651,"Wednesday, October 21, 2020"
905,Insurance Broker,Erick_Yarlett6394@bauros.biz,Erick Yarlett,364578,"Tuesday, September 15, 2020"
906,Webmaster,Enoch_Jordan3551@twace.org,Enoch Jordan,659695,"Thursday, May 21, 2020"
907,Cook,Denis_May5920@typill.biz,Denis May,346505,"Wednesday, July 15, 2020"
908,HR Specialist,Anabelle_Dickson62@hourpy.biz,Anabelle Dickson,252844,"Thursday, December 10, 2020"
909,Electrician,Bryon_Kelly318@gompie.com,Bryon Kelly,636401,"Monday, April 20, 2020"
910,Loan Officer,Juliette_Malone3667@womeona.net,Juliette Malone,62798,"Friday, June 18, 2021"
911,Loan Officer,Jade_Wilkinson1665@grannar.com,Jade Wilkinson,12369,"Wednesday, July 8, 2020"
912,Food Technologist,Cristal_Pickard3124@vetan.org,Cristal Pickard,14351,"Friday, January 29, 2021"
913,IT Support Staff,Benjamin_Rose319@grannar.com,Benjamin Rose,246550,"Friday, April 10, 2020"
914,Dentist,Nicholas_Edley6739@jiman.org,Nicholas Edley,524016,"Tuesday, February 18, 2020"
915,Baker,Tony_Isaac905@dionrab.com,Tony Isaac,536221,"Wednesday, November 4, 2020"
916,Software Engineer,Vanessa_Hunt4427@mafthy.com,Vanessa Hunt,21553,"Wednesday, September 16, 2020"
917,Loan Officer,Bart_Stark1133@deavo.com,Bart Stark,170764,"Saturday, December 19, 2020"
918,Paramedic,Harry_Emerson4314@elnee.tech,Harry Emerson,498799,"Thursday, October 14, 2021"
919,Baker,Bernadette_Herbert9804@nanoff.biz,Bernadette Herbert,299264,"Wednesday, November 4, 2020"
920,Banker,Audrey_Drew7463@muall.tech,Audrey Drew,688052,"Sunday, June 14, 2020"
921,Staffing Consultant,Clarissa_Villiger5867@eirey.tech,Clarissa Villiger,391059,"Thursday, October 7, 2021"
922,Cash Manager,Britney_Dyson2830@bulaffy.com,Britney Dyson,423324,"Saturday, October 24, 2020"
923,Biologist,Rhea_Radley7723@naiker.biz,Rhea Radley,310571,"Tuesday, October 13, 2020"
924,IT Support Staff,Joy_Groves7780@bulaffy.com,Joy Groves,365410,"Wednesday, September 23, 2020"
925,Restaurant Manager,Moira_Jobson6903@acrit.org,Moira Jobson,318519,"Monday, August 17, 2020"
926,Clerk,Penny_Simpson3538@infotech44.tech,Penny Simpson,428800,"Thursday, May 14, 2020"
927,Banker,Johnathan_Lunt9145@iatim.tech,Johnathan Lunt,436268,"Saturday, March 21, 2020"
928,Software Engineer,Rufus_Denton2741@tonsy.org,Rufus Denton,106819,"Tuesday, March 2, 2021"
929,Operator,Iris_Norburn1525@extex.org,Iris Norburn,418162,"Thursday, April 29, 2021"
930,CNC Operator,Daniel_Gilmore5738@bauros.biz,Daniel Gilmore,662591,"Tuesday, August 18, 2020"
931,Clerk,Mike_Morrow7759@tonsy.org,Mike Morrow,717478,"Wednesday, July 7, 2021"
932,Web Developer,Logan_Higgs3857@jiman.org,Logan Higgs,96931,"Thursday, December 5, 2019"
933,IT Support Staff,Michael_Randall7478@cispeto.com,Michael Randall,168716,"Sunday, September 13, 2020"
934,Budget Analyst,Sienna_Thomson1071@zorer.org,Sienna Thomson,680308,"Monday, June 21, 2021"
935,IT Support Staff,Kamila_Alcroft6450@infotech44.tech,Kamila Alcroft,704007,"Friday, May 28, 2021"
936,Assistant Buyer,Isabella_Robertson6577@infotech44.tech,Isabella Robertson,658989,"Thursday, February 27, 2020"
937,Retail Trainee,Liam_Egerton4199@brety.org,Liam Egerton,151365,"Tuesday, November 9, 2021"
938,Staffing Consultant,Mason_Simmons6796@womeona.net,Mason Simmons,203220,"Saturday, July 10, 2021"
939,Stockbroker,Teagan_Radley7781@vetan.org,Teagan Radley,569732,"Monday, December 7, 2020"
940,Loan Officer,Faith_Silva9322@dionrab.com,Faith Silva,635990,"Wednesday, January 6, 2021"
941,Business Broker,Carissa_Mitchell287@joiniaa.com,Carissa Mitchell,163504,"Friday, February 28, 2020"
942,Fabricator,Zoe_Dyson2779@typill.biz,Zoe Dyson,624032,"Sunday, May 2, 2021"
943,Dentist,Russel_Smith5373@infotech44.tech,Russel Smith,359246,"Tuesday, March 17, 2020"
944,HR Specialist,Stephanie_Hunt5585@irrepsy.com,Stephanie Hunt,456091,"Sunday, June 14, 2020"
945,Inspector,Tom_Moore3668@tonsy.org,Tom Moore,46287,"Wednesday, March 10, 2021"
946,Call Center Representative,Rufus_Parker4743@bretoux.com,Rufus Parker,639712,"Monday, March 29, 2021"
947,Inspector,Maggie_Lane1493@muall.tech,Maggie Lane,234156,"Saturday, December 7, 2019"
948,Insurance Broker,Harry_Noon3494@acrit.org,Harry Noon,528436,"Wednesday, August 18, 2021"
949,Front Desk Coordinator,Nick_Dempsey9796@hourpy.biz,Nick Dempsey,139354,"Wednesday, December 2, 2020"
950,Production Painter,Megan_Ralph7536@twipet.com,Megan Ralph,708759,"Sunday, August 29, 2021"
951,Treasurer,Johnny_Plant6859@typill.biz,Johnny Plant,91797,"Thursday, January 7, 2021"
952,Software Engineer,Lynn_Gallacher3781@infotech44.tech,Lynn Gallacher,476789,"Sunday, June 28, 2020"
953,Inspector,Peter_Anderson7621@infotech44.tech,Peter Anderson,70030,"Wednesday, July 22, 2020"
954,Ambulatory Nurse,Rocco_Radley2028@womeona.net,Rocco Radley,744051,"Monday, October 5, 2020"
955,Biologist,Marvin_Thatcher8039@joiniaa.com,Marvin Thatcher,471389,"Thursday, November 19, 2020"
956,Healthcare Specialist,Dalia_Clarke8620@sheye.org,Dalia Clarke,357349,"Monday, April 27, 2020"
957,Investment  Advisor,Molly_Anderson9988@sveldo.biz,Molly Anderson,387997,"Tuesday, June 15, 2021"
958,Web Developer,Angela_Doherty8018@brety.org,Angela Doherty,245554,"Wednesday, February 3, 2021"
959,Cash Manager,Nicholas_Ellis6949@grannar.com,Nicholas Ellis,454788,"Wednesday, April 29, 2020"
960,HR Coordinator,Harvey_Brennan1121@bulaffy.com,Harvey Brennan,472676,"Saturday, February 8, 2020"
961,Assistant Buyer,Julian_Fisher2335@brety.org,Julian Fisher,535724,"Tuesday, March 23, 2021"
962,Design Engineer,Abdul_Ventura9094@grannar.com,Abdul Ventura,142748,"Friday, October 22, 2021"
963,IT Support Staff,Jayden_Kelly7300@ubusive.com,Jayden Kelly,615805,"Sunday, November 7, 2021"
964,Global Logistics Supervisor,Kendra_Harvey8982@bretoux.com,Kendra Harvey,619644,"Saturday, May 9, 2020"
965,Clerk,Rosalee_Clarke7614@tonsy.org,Rosalee Clarke,642442,"Wednesday, February 24, 2021"
966,Health Educator,Cedrick_Brown637@extex.org,Cedrick Brown,136615,"Thursday, August 5, 2021"
967,Restaurant Manager,Piper_Cowan5611@sveldo.biz,Piper Cowan,533634,"Monday, December 16, 2019"
968,Physician,David_James2265@guentu.biz,David James,456807,"Monday, February 17, 2020"
969,Biologist,Phoebe_Ingram5045@ovock.tech,Phoebe Ingram,325042,"Tuesday, July 7, 2020"
970,Electrician,Lara_Mason5614@gmail.com,Lara Mason,519663,"Sunday, April 25, 2021"
971,Audiologist,Nick_Bloom3646@acrit.org,Nick Bloom,32466,"Sunday, May 31, 2020"
972,Bookkeeper,Sharon_Jefferson8379@deons.tech,Sharon Jefferson,47107,"Thursday, February 11, 2021"
973,Laboratory Technician,Moira_Nobbs3928@zorer.org,Moira Nobbs,438669,"Friday, July 16, 2021"
974,Mobile Developer,Erin_Farrant5561@dionrab.com,Erin Farrant,98006,"Thursday, May 27, 2021"
975,Treasurer,Morgan_Franks1390@sheye.org,Morgan Franks,331619,"Thursday, February 25, 2021"
976,Baker,Bryon_Stone 7940@bauros.biz,Bryon Stone ,38580,"Monday, January 6, 2020"
977,HR Specialist,Amy_Lewis6496@joiniaa.com,Amy Lewis,485088,"Friday, May 21, 2021"
978,Baker,Ronald_Lewis3655@iatim.tech,Ronald Lewis,704518,"Monday, March 22, 2021"
979,Laboratory Technician,Chanelle_Morris9813@womeona.net,Chanelle Morris,132683,"Tuesday, November 16, 2021"
980,Designer,Kimberly_Garcia7249@bungar.biz,Kimberly Garcia,365386,"Thursday, April 16, 2020"
981,Service Supervisor,Chester_Shepherd5963@nanoff.biz,Chester Shepherd,118516,"Saturday, May 9, 2020"
982,Dentist,Josephine_Terry5851@elnee.tech,Josephine Terry,547829,"Sunday, August 15, 2021"
983,Web Developer,Denis_Eyres5140@jiman.org,Denis Eyres,16281,"Saturday, May 9, 2020"
984,Executive Director,Doug_Wellington2593@twace.org,Doug Wellington,444750,"Sunday, July 18, 2021"
985,Auditor,Judith_Allen3817@supunk.biz,Judith Allen,480569,"Sunday, August 9, 2020"
986,Machine Operator,Benny_Garner5941@kideod.biz,Benny Garner,109934,"Sunday, September 19, 2021"
987,Electrician,Catherine_Bell2143@joiniaa.com,Catherine Bell,347820,"Saturday, May 16, 2020"
988,Global Logistics Supervisor,Carina_Willis5778@brety.org,Carina Willis,460971,"Thursday, April 2, 2020"
989,Healthcare Specialist,Emely_Overson2616@bretoux.com,Emely Overson,424154,"Tuesday, May 26, 2020"
990,Web Developer,Wade_Isaac7180@corti.com,Wade Isaac,420435,"Wednesday, May 5, 2021"
991,Chef Manager,Kieth_Flett3394@elnee.tech,Kieth Flett,89019,"Friday, March 27, 2020"
992,Web Developer,Bernadette_Mccall1195@bulaffy.com,Bernadette Mccall,465284,"Wednesday, August 25, 2021"
993,Accountant,Christy_Gordon8248@elnee.tech,Christy Gordon,414367,"Monday, August 2, 2021"
994,Baker,Hannah_Pearson6882@irrepsy.com,Hannah Pearson,639462,"Tuesday, December 10, 2019"
995,Insurance Broker,Ivy_Rogers2449@nickia.com,Ivy Rogers,401213,"Monday, April 27, 2020"
996,Inspector,Leah_Dyson4093@extex.org,Leah Dyson,687108,"Thursday, May 28, 2020"
997,Cook,Michael_Egerton3914@twipet.com,Michael Egerton,251975,"Monday, April 20, 2020"
998,Design Engineer,Mason_Price8259@typill.biz,Mason Price,2439,"Saturday, May 29, 2021"
999,Dentist,Angelica_Mcgregor681@naiker.biz,Angelica Mcgregor,333330,"Friday, April 17, 2020"
1000,Inspector,Ron_Whitmore2912@joiniaa.com,Ron Whitmore,272446,"Friday, January 31, 2020"

