ID,Job Title,Email Address,FirstName LastName
1,Associate Professor,Chanelle_Farrell8430@typill.biz,Chanelle Farrell
2,Treasurer,Harry_Nobbs1790@muall.tech,Harry Nobbs
3,Inspector,Candice_Gilmour6062@kideod.biz,Candice Gilmour
4,Cook,Lindsay_Roberts679@infotech44.tech,Lindsay Roberts
5,Banker,Boris_Veale3150@bauros.biz,Boris Veale
6,Insurance Broker,Rocco_Brett1076@gmail.com,Rocco Brett
7,Restaurant Manager,Destiny_Stone8858@yahoo.com,Destiny Stone
8,Front Desk Coordinator,Roger_Douglas2297@joiniaa.com,Roger Douglas
9,Webmaster,Denny_Smith6792@twipet.com,Denny Smith
10,Cashier,Mason_Widdows5761@typill.biz,Mason Widdows
11,Bookkeeper,Julian_Ramsey9165@sheye.org,Julian Ramsey
12,Accountant,Oliver_Bowen4254@ubusive.com,Oliver Bowen
13,HR Coordinator,Manuel_Williams9141@eirey.tech,Manuel Williams
14,Webmaster,Elijah_Nurton8772@grannar.com,Elijah Nurton
15,Audiologist,Chester_Webster6210@naiker.biz,Chester Webster
16,Service Supervisor,Emery_Shaw8418@iatim.tech,Emery Shaw
17,Executive Director,Chester_Quinton184@nickia.com,Chester Quinton
18,Web Developer,Florence_Walsh5510@guentu.biz,Florence Walsh
19,Machine Operator,Janelle_Duvall1005@ovock.tech,Janelle Duvall
20,Banker,Benjamin_Stewart6803@eirey.tech,Benjamin Stewart
21,Operator,Doug_Curtis1973@womeona.net,Doug Curtis
22,Fabricator,Josh_Fowler8757@infotech44.tech,Josh Fowler
23,Health Educator,Liam_Thomson3602@iatim.tech,Liam Thomson
24,HR Coordinator,Nick_Gordon8780@deons.tech,Nick Gordon
25,Baker,Doug_Thomson7182@zorer.org,Doug Thomson
26,Cash Manager,Harvey_Welsch6832@supunk.biz,Harvey Welsch
27,Treasurer,Fred_Norburn3989@irrepsy.com,Fred Norburn
28,Ambulatory Nurse,Cristal_Woodcock3533@liret.org,Cristal Woodcock
29,Operator,Britney_Walsh11@twipet.com,Britney Walsh
30,Investment  Advisor,Carissa_Hogg9260@brety.org,Carissa Hogg
31,Restaurant Manager,Jacob_York4276@muall.tech,Jacob York
32,Healthcare Specialist,Anabel_Jones5237@dionrab.com,Anabel Jones
33,Doctor,Abdul_Rust8991@atink.com,Abdul Rust
34,Steward,Ronald_Rosenbloom974@dionrab.com,Ronald Rosenbloom
35,Doctor,Liv_Stubbs1042@iatim.tech,Liv Stubbs
36,Inspector,Angelique_Shields6309@eirey.tech,Angelique Shields
37,Budget Analyst,Molly_Harrison3863@twipet.com,Molly Harrison
38,Retail Trainee,Judith_Driscoll8967@gmail.com,Judith Driscoll
39,Steward,Barry_Richards8080@nickia.com,Barry Richards
40,Accountant,Beatrice_Driscoll172@atink.com,Beatrice Driscoll
41,Accountant,Isabel_Drake9752@atink.com,Isabel Drake
42,Staffing Consultant,Kate_Yoman2210@liret.org,Kate Yoman
43,HR Coordinator,Dalia_Tyler5473@ovock.tech,Dalia Tyler
44,HR Specialist,Samara_Tyrrell9645@ovock.tech,Samara Tyrrell
45,Cash Manager,Tom_Vallory4677@joiniaa.com,Tom Vallory
46,Baker,Alan_Bailey6451@elnee.tech,Alan Bailey
47,Paramedic,Tyson_Callan2207@bungar.biz,Tyson Callan
48,Retail Trainee,Leah_Allen9620@joiniaa.com,Leah Allen
49,Business Broker,Roger_Lowe5404@mafthy.com,Roger Lowe
50,Paramedic,Cedrick_Freeburn8724@yahoo.com,Cedrick Freeburn
51,Front Desk Coordinator,Sarah_Flanders3751@typill.biz,Sarah Flanders
52,Clerk,Morgan_Bryson2740@infotech44.tech,Morgan Bryson
53,Audiologist,Percy_Ainsworth392@bungar.biz,Percy Ainsworth
54,Assistant Buyer,Tom_Long3297@muall.tech,Tom Long
55,HR Specialist,Ryan_Niles3062@nickia.com,Ryan Niles
56,Webmaster,Abdul_Redwood8879@twipet.com,Abdul Redwood
57,Production Painter,Leroy_Graham1803@bretoux.com,Leroy Graham
58,Dentist,Caleb_Owen8716@zorer.org,Caleb Owen
59,Electrician,Penelope_Collingwood6274@gompie.com,Penelope Collingwood
60,Doctor,Barney_Stanley3243@dionrab.com,Barney Stanley
61,Dentist,Andie_Clark2800@joiniaa.com,Andie Clark
62,Steward,Callie_Gray6399@irrepsy.com,Callie Gray
63,Auditor,Rose_Swan1166@jiman.org,Rose Swan
64,Web Developer,Ellen_Larkin8020@guentu.biz,Ellen Larkin
65,Clerk,Ethan_Villiger5201@elnee.tech,Ethan Villiger
66,Auditor,Thea_Brock5876@bulaffy.com,Thea Brock
67,Banker,Charlotte_Stone2008@infotech44.tech,Charlotte Stone
68,Design Engineer,Camila_Oliver2165@gembat.biz,Camila Oliver
69,Accountant,Sebastian_Rainford586@joiniaa.com,Sebastian Rainford
70,Machine Operator,Chuck_Palmer5973@bretoux.com,Chuck Palmer
71,Assistant Buyer,Oliver_Kelly1617@elnee.tech,Oliver Kelly
72,Baker,Evelynn_Rixon2441@deavo.com,Evelynn Rixon
73,Associate Professor,Analise_Powell1764@cispeto.com,Analise Powell
74,Loan Officer,Maggie_Lloyd2267@deons.tech,Maggie Lloyd
75,Doctor,Sebastian_Lomax7090@guentu.biz,Sebastian Lomax
76,Steward,Samantha_Bentley5796@nimogy.biz,Samantha Bentley
77,Cashier,Jacob_Shea4895@twace.org,Jacob Shea
78,Insurance Broker,Leilani_Thompson4346@nanoff.biz,Leilani Thompson
79,Call Center Representative,Colleen_Stark7032@guentu.biz,Colleen Stark
80,Paramedic,Dalia_Edley1369@yahoo.com,Dalia Edley
81,Machine Operator,Mark_Morris370@dionrab.com,Mark Morris
82,Auditor,Sonya_Davies9904@jiman.org,Sonya Davies
83,Operator,Logan_Quinn4088@gembat.biz,Logan Quinn
84,Doctor,Emma_Hope4780@muall.tech,Emma Hope
85,Physician,Hayden_Michael4107@bretoux.com,Hayden Michael
86,Chef Manager,Sara_Wren5422@twipet.com,Sara Wren
87,Bellman,Alexander_Holmes2485@naiker.biz,Alexander Holmes
88,Budget Analyst,Stephanie_Tait1603@joiniaa.com,Stephanie Tait
89,Production Painter,Marvin_Adams1083@qater.org,Marvin Adams
90,Restaurant Manager,Josh_Marshall6841@eirey.tech,Josh Marshall
91,Laboratory Technician,Sage_Stevenson4924@mafthy.com,Sage Stevenson
92,Service Supervisor,Adelaide_Hope2095@gompie.com,Adelaide Hope
93,Machine Operator,Jennifer_Penn6312@liret.org,Jennifer Penn
94,Steward,Nate_Speed5752@hourpy.biz,Nate Speed
95,Baker,Boris_Robinson8486@extex.org,Boris Robinson
96,Webmaster,Julius_Hopkinson1278@fuliss.net,Julius Hopkinson
97,HR Coordinator,Elijah_Watson3685@ubusive.com,Elijah Watson
98,Cash Manager,Bree_Warden4243@twace.org,Bree Warden
99,Healthcare Specialist,Elise_Carter4130@nickia.com,Elise Carter
100,Retail Trainee,Daniel_Dixon9194@atink.com,Daniel Dixon
101,Accountant,Elle_Shea8921@deons.tech,Elle Shea
102,Fabricator,Leroy_Umney9693@infotech44.tech,Leroy Umney
103,Design Engineer,Gwen_Hammond6529@elnee.tech,Gwen Hammond
104,Front Desk Coordinator,Domenic_Lucas5127@sheye.org,Domenic Lucas
105,Machine Operator,Leroy_Healy4826@nanoff.biz,Leroy Healy
106,Auditor,Fred_Fowler5494@ovock.tech,Fred Fowler
107,Front Desk Coordinator,Cedrick_Steer2303@muall.tech,Cedrick Steer
108,Investment  Advisor,Matt_Shields9522@eirey.tech,Matt Shields
109,Steward,Aiden_Lyon3745@infotech44.tech,Aiden Lyon
110,Cook,Jack_Lane7208@liret.org,Jack Lane
111,Accountant,Lucy_Stark9512@brety.org,Lucy Stark
112,Laboratory Technician,Felicity_Quinton512@nimogy.biz,Felicity Quinton
113,Chef Manager,Jolene_Addison586@jiman.org,Jolene Addison
114,Dentist,Harry_Button8328@sheye.org,Harry Button
115,Software Engineer,Gil_Paterson7297@zorer.org,Gil Paterson
116,Inspector,Faith_Lindop407@ovock.tech,Faith Lindop
117,Call Center Representative,Carmella_Morley8556@tonsy.org,Carmella Morley
118,Doctor,William_Wilcox4013@cispeto.com,William Wilcox
119,Treasurer,Charlotte_Mccall8390@sheye.org,Charlotte Mccall
120,Assistant Buyer,Phillip_Neville7149@sheye.org,Phillip Neville
121,Service Supervisor,Dasha_Benson6424@grannar.com,Dasha Benson
122,Operator,Bryon_Rose6773@twipet.com,Bryon Rose
123,Executive Director,Faith_Graham9658@dionrab.com,Faith Graham
124,Associate Professor,Benny_Verdon239@tonsy.org,Benny Verdon
125,IT Support Staff,Benjamin_Lloyd6992@bauros.biz,Benjamin Lloyd
126,Budget Analyst,Analise_Reid3723@naiker.biz,Analise Reid
127,Loan Officer,Mason_Parker8083@gembat.biz,Mason Parker
128,Doctor,Hank_Cameron3553@deons.tech,Hank Cameron
129,Chef Manager,Jamie_Ellis4181@bungar.biz,Jamie Ellis
130,Biologist,Alexia_Gilmour2008@elnee.tech,Alexia Gilmour
131,Bookkeeper,Phillip_Fowler5210@mafthy.com,Phillip Fowler
132,Paramedic,Dorothy_Jeffery3836@yahoo.com,Dorothy Jeffery
133,Clerk,Bart_Allcott8510@mafthy.com,Bart Allcott
134,Steward,Kurt_Dempsey246@sveldo.biz,Kurt Dempsey
135,Systems Administrator,Callie_Shaw4806@ubusive.com,Callie Shaw
136,Health Educator,Josh_Eagle1356@gembat.biz,Josh Eagle
137,Budget Analyst,Marissa_Vince5272@eirey.tech,Marissa Vince
138,Accountant,Roger_Mould3115@dionrab.com,Roger Mould
139,Front Desk Coordinator,Matthew_Clark9694@extex.org,Matthew Clark
140,Design Engineer,Callie_Hope2540@jiman.org,Callie Hope
141,Operator,Mike_Talbot3182@bretoux.com,Mike Talbot
142,Banker,Rocco_Latham4884@zorer.org,Rocco Latham
143,Banker,Matthew_Reading5891@bauros.biz,Matthew Reading
144,Global Logistics Supervisor,Kieth_Stevens2770@nanoff.biz,Kieth Stevens
145,Mobile Developer,Willow_Moore7187@jiman.org,Willow Moore
146,Food Technologist,Harvey_Bishop7528@sheye.org,Harvey Bishop
147,Bookkeeper,Ada_Power6138@twace.org,Ada Power
148,Auditor,Abdul_Strong2601@nimogy.biz,Abdul Strong
149,Staffing Consultant,Bob_Penn5637@irrepsy.com,Bob Penn
150,Cashier,Vera_Thompson7058@tonsy.org,Vera Thompson
151,Electrician,Macy_Sheldon8089@naiker.biz,Macy Sheldon
152,Production Painter,Phoebe_Jones9111@sveldo.biz,Phoebe Jones
153,Assistant Buyer,Peyton_Wright3183@deons.tech,Peyton Wright
154,Dentist,Karla_Connor25@bungar.biz,Karla Connor
155,Webmaster,Rae_Hopkinson488@muall.tech,Rae Hopkinson
156,Webmaster,Michael_Lindsay7413@womeona.net,Michael Lindsay
157,Associate Professor,Gemma_Richardson9356@ubusive.com,Gemma Richardson
158,Baker,Bethany_Rivers3338@bungar.biz,Bethany Rivers
159,Mobile Developer,Amy_Darcy9839@tonsy.org,Amy Darcy
160,Machine Operator,Percy_Lyon9485@irrepsy.com,Percy Lyon
161,Lecturer,Adelaide_Middleton269@extex.org,Adelaide Middleton
162,Fabricator,Nicole_Evans2900@twace.org,Nicole Evans
163,Physician,Doug_Everett7604@womeona.net,Doug Everett
164,Executive Director,Sienna_Brennan4258@dionrab.com,Sienna Brennan
165,Banker,Benny_Moran7677@vetan.org,Benny Moran
166,Physician,Monica_Yoman2923@joiniaa.com,Monica Yoman
167,Assistant Buyer,Ryan_Edley6530@jiman.org,Ryan Edley
168,IT Support Staff,Chuck_Jacobs6836@gmail.com,Chuck Jacobs
169,Bookkeeper,Russel_Gonzales8384@grannar.com,Russel Gonzales
170,Executive Director,Lynn_Vaughn6748@bauros.biz,Lynn Vaughn
171,Investment  Advisor,Javier_Brooks939@bulaffy.com,Javier Brooks
172,Pharmacist,Ronald_Gilbert3840@gembat.biz,Ronald Gilbert
173,Operator,Ivy_Bell5848@nickia.com,Ivy Bell
174,Software Engineer,Shelby_Wood6685@qater.org,Shelby Wood
175,Production Painter,Russel_Price9528@dionrab.com,Russel Price
176,Inspector,Ember_Salt667@extex.org,Ember Salt
177,Design Engineer,Cadence_Tobin3423@hourpy.biz,Cadence Tobin
178,HR Coordinator,Carmen_Gray8223@sheye.org,Carmen Gray
179,Assistant Buyer,Mason_Ianson9753@nimogy.biz,Mason Ianson
180,Call Center Representative,Destiny_Ring5861@jiman.org,Destiny Ring
181,Machine Operator,Matthew_Sherry3718@vetan.org,Matthew Sherry
182,Fabricator,Gwen_Thomas7906@guentu.biz,Gwen Thomas
183,Chef Manager,Dasha_Dobson532@joiniaa.com,Dasha Dobson
184,Investment  Advisor,Hayden_Sloan7086@ubusive.com,Hayden Sloan
185,Health Educator,Mike_Speed158@nanoff.biz,Mike Speed
186,Insurance Broker,Sebastian_Bingham2875@bungar.biz,Sebastian Bingham
187,Laboratory Technician,Gabriel_Knight6689@corti.com,Gabriel Knight
188,Lecturer,Daniel_Drake2027@typill.biz,Daniel Drake
189,Systems Administrator,Domenic_Locke5391@muall.tech,Domenic Locke
190,Ambulatory Nurse,Johnathan_Reynolds9617@guentu.biz,Johnathan Reynolds
191,Call Center Representative,Vanessa_Niles2522@extex.org,Vanessa Niles
192,Accountant,William_Marshall4022@joiniaa.com,William Marshall
193,Banker,George_Gardner8667@hourpy.biz,George Gardner
194,Web Developer,Ethan_Knight3205@yahoo.com,Ethan Knight
195,Mobile Developer,Julian_Clark3471@guentu.biz,Julian Clark
196,Budget Analyst,Keira_Hill6256@qater.org,Keira Hill
197,Machine Operator,Lucas_Jenkins7717@nanoff.biz,Lucas Jenkins
198,Healthcare Specialist,Ally_Simmons4730@muall.tech,Ally Simmons
199,Retail Trainee,Skylar_Cattell6243@sveldo.biz,Skylar Cattell
200,Inspector,Lexi_Leslie3100@dionrab.com,Lexi Leslie
201,Systems Administrator,Harmony_Reid7983@bauros.biz,Harmony Reid
202,Audiologist,Kendra_Ainsworth9952@bauros.biz,Kendra Ainsworth
203,Electrician,Anthony_Redwood3975@eirey.tech,Anthony Redwood
204,Accountant,Jayden_Wright1795@vetan.org,Jayden Wright
205,Service Supervisor,Isabel_Holt4121@zorer.org,Isabel Holt
206,Restaurant Manager,Courtney_Vangness8140@womeona.net,Courtney Vangness
207,Front Desk Coordinator,Wendy_Wilkinson2372@zorer.org,Wendy Wilkinson
208,Staffing Consultant,Abdul_Nelson8795@bauros.biz,Abdul Nelson
209,Paramedic,Alexia_Nielson2026@naiker.biz,Alexia Nielson
210,Loan Officer,Kurt_Wigley3831@bungar.biz,Kurt Wigley
211,Budget Analyst,Ron_Cowan3876@eirey.tech,Ron Cowan
212,Auditor,Shannon_Bishop9573@vetan.org,Shannon Bishop
213,Systems Administrator,Caleb_Windsor7243@eirey.tech,Caleb Windsor
214,Healthcare Specialist,Shay_Ingram9184@nanoff.biz,Shay Ingram
215,Fabricator,Ron_Tindall2898@gembat.biz,Ron Tindall
216,Software Engineer,Alexander_Walsh2328@extex.org,Alexander Walsh
217,Mobile Developer,Jaylene_Wooldridge5927@deavo.com,Jaylene Wooldridge
218,Auditor,Elijah_Rycroft7032@fuliss.net,Elijah Rycroft
219,Inspector,Barney_Baxter668@supunk.biz,Barney Baxter
220,Baker,Fiona_Davies172@nickia.com,Fiona Davies
221,Bookkeeper,Fred_Campbell2572@ovock.tech,Fred Campbell
222,Software Engineer,Chanelle_Thorne9227@ubusive.com,Chanelle Thorne
223,Cashier,Angelique_Kaur8129@eirey.tech,Angelique Kaur
224,Health Educator,Jack_Ryan5599@ubusive.com,Jack Ryan
225,Associate Professor,Doug_Uttley785@bulaffy.com,Doug Uttley
226,HR Coordinator,Rufus_Reyes1185@acrit.org,Rufus Reyes
227,Restaurant Manager,Camellia_Greenwood8075@gmail.com,Camellia Greenwood
228,Call Center Representative,Julia_Roberts7149@atink.com,Julia Roberts
229,Operator,Michaela_Watt6281@nickia.com,Michaela Watt
230,Cook,Daron_Cox3197@guentu.biz,Daron Cox
231,Steward,Phillip_Rose209@sheye.org,Phillip Rose
232,Electrician,Ivette_Powell8030@atink.com,Ivette Powell
233,Inspector,David_Gray2243@nickia.com,David Gray
234,Baker,Rae_Brennan806@bretoux.com,Rae Brennan
235,Systems Administrator,Alice_Kidd848@infotech44.tech,Alice Kidd
236,Healthcare Specialist,Tyler_Campbell4327@twace.org,Tyler Campbell
237,Restaurant Manager,Regina_Baldwin9136@joiniaa.com,Regina Baldwin
238,Fabricator,Nathan_Power2626@muall.tech,Nathan Power
239,Designer,Peter_Clifford6224@tonsy.org,Peter Clifford
240,Investment  Advisor,Regina_Camden7886@iatim.tech,Regina Camden
241,Associate Professor,Jayden_Ashley4320@atink.com,Jayden Ashley
242,Call Center Representative,Rowan_Cartwright7556@famism.biz,Rowan Cartwright
243,Software Engineer,Carmen_Spencer4714@kideod.biz,Carmen Spencer
244,Healthcare Specialist,Michelle_Rivers3782@bungar.biz,Michelle Rivers
245,Auditor,Bryce_Jordan3452@supunk.biz,Bryce Jordan
246,Systems Administrator,Judith_Franks2697@kideod.biz,Judith Franks
247,Baker,Owen_Ellis6814@ubusive.com,Owen Ellis
248,Doctor,Eryn_Jackson8540@liret.org,Eryn Jackson
249,Call Center Representative,Luke_Jackson6468@ubusive.com,Luke Jackson
250,Insurance Broker,Trisha_Williams6929@sveldo.biz,Trisha Williams
251,Systems Administrator,Zara_Mcnally516@womeona.net,Zara Mcnally
252,Production Painter,Lexi_Weston234@twace.org,Lexi Weston
253,Audiologist,Ron_Williams3869@jiman.org,Ron Williams
254,Restaurant Manager,Ilona_Gardner966@typill.biz,Ilona Gardner
255,Cash Manager,Gemma_Driscoll3557@twace.org,Gemma Driscoll
256,Bookkeeper,Johnathan_Rogan9229@joiniaa.com,Johnathan Rogan
257,Cook,Ryan_Gunn2256@yahoo.com,Ryan Gunn
258,Food Technologist,Rhea_Snow3128@cispeto.com,Rhea Snow
259,Call Center Representative,Tyler_Patel524@twipet.com,Tyler Patel
260,Loan Officer,Vanessa_Giles9402@fuliss.net,Vanessa Giles
261,Insurance Broker,Kassandra_Jacobs3417@cispeto.com,Kassandra Jacobs
262,Health Educator,Nathan_Mason4755@sveldo.biz,Nathan Mason
263,Budget Analyst,Iris_Saunders6795@dionrab.com,Iris Saunders
264,Paramedic,Abdul_Simpson8445@qater.org,Abdul Simpson
265,HR Specialist,Nathan_Moreno6393@hourpy.biz,Nathan Moreno
266,Cash Manager,Harry_Redden818@atink.com,Harry Redden
267,Assistant Buyer,Wade_Eaton3851@irrepsy.com,Wade Eaton
268,Loan Officer,Leroy_Pearce8465@liret.org,Leroy Pearce
269,Inspector,Aisha_Moore4125@naiker.biz,Aisha Moore
270,Doctor,Bob_Robe6254@zorer.org,Bob Robe
271,Cash Manager,Leah_Abbot3400@eirey.tech,Leah Abbot
272,Pharmacist,Wade_King7433@guentu.biz,Wade King
273,Electrician,Callie_Matthews9221@infotech44.tech,Callie Matthews
274,Call Center Representative,Hayden_Radley1688@supunk.biz,Hayden Radley
275,Design Engineer,Gina_Rixon6706@tonsy.org,Gina Rixon
276,Physician,Melody_Partridge6060@joiniaa.com,Melody Partridge
277,Inspector,Gil_Mooney3808@kideod.biz,Gil Mooney
278,Budget Analyst,Emmanuelle_Yarwood1413@gembat.biz,Emmanuelle Yarwood
279,Ambulatory Nurse,Ema_Latham3938@gembat.biz,Ema Latham
280,CNC Operator,Analise_Parsons4500@guentu.biz,Analise Parsons
281,Call Center Representative,Cara_Gray9830@womeona.net,Cara Gray
282,Stockbroker,Harvey_Attwood3712@deavo.com,Harvey Attwood
283,Inspector,Francesca_Gordon1072@twipet.com,Francesca Gordon
284,CNC Operator,Ethan_Walter4885@atink.com,Ethan Walter
285,Business Broker,Mason_Dowson921@guentu.biz,Mason Dowson
286,Clerk,Michael_Stanley5923@deons.tech,Michael Stanley
287,Call Center Representative,Nathan_Craig3671@extex.org,Nathan Craig
288,Global Logistics Supervisor,Julian_Dale9772@cispeto.com,Julian Dale
289,Insurance Broker,Tyson_Morgan8529@acrit.org,Tyson Morgan
290,Food Technologist,Zara_Jarrett61@extex.org,Zara Jarrett
291,Healthcare Specialist,Barney_Mcguire2979@zorer.org,Barney Mcguire
292,Paramedic,Bob_Wilcox5622@bauros.biz,Bob Wilcox
293,Bookkeeper,Fred_Plant6847@cispeto.com,Fred Plant
294,HR Coordinator,Matt_Evans7968@liret.org,Matt Evans
295,HR Coordinator,Bart_Connor839@hourpy.biz,Bart Connor
296,Auditor,Candice_Lynch5232@zorer.org,Candice Lynch
297,Restaurant Manager,Jenna_Robertson9568@bauros.biz,Jenna Robertson
298,Cook,Carina_Bailey4955@fuliss.net,Carina Bailey
299,Cash Manager,Alba_Forth4255@atink.com,Alba Forth
300,Accountant,Scarlett_Exton1079@grannar.com,Scarlett Exton
301,Insurance Broker,Ethan_Tyler3365@grannar.com,Ethan Tyler
302,Systems Administrator,Danny_Parker8021@grannar.com,Danny Parker
303,Design Engineer,Noemi_Bell4892@eirey.tech,Noemi Bell
304,Service Supervisor,Julian_Graves3722@womeona.net,Julian Graves
305,Doctor,Barry_Lewis3566@extex.org,Barry Lewis
306,Food Technologist,Alex_Groves6396@deavo.com,Alex Groves
307,Project Manager,Sienna_Ebbs3456@ovock.tech,Sienna Ebbs
308,Business Broker,Gil_Stone7397@kideod.biz,Gil Stone
309,Software Engineer,Camila_Vollans3278@joiniaa.com,Camila Vollans
310,Banker,Tom_Hunter4686@supunk.biz,Tom Hunter
311,Cashier,Jenna_Uddin8832@acrit.org,Jenna Uddin
312,Web Developer,Felicity_Farrell7212@deons.tech,Felicity Farrell
313,Cash Manager,Noah_Jacobs7666@extex.org,Noah Jacobs
314,Steward,Aiden_Stevenson4133@extex.org,Aiden Stevenson
315,Stockbroker,Marvin_Jones9583@grannar.com,Marvin Jones
316,Doctor,Britney_Rigg7014@acrit.org,Britney Rigg
317,Webmaster,Rose_Fowler3615@bauros.biz,Rose Fowler
318,Cashier,Vera_Vass9144@sheye.org,Vera Vass
319,Treasurer,Elly_Burge84@sveldo.biz,Elly Burge
320,Chef Manager,Danny_Morgan5646@atink.com,Danny Morgan
321,Steward,Julius_Knight5477@ovock.tech,Julius Knight
322,Chef Manager,Peter_Riley32@muall.tech,Peter Riley
323,Designer,Domenic_West7236@jiman.org,Domenic West
324,Physician,Rachael_Wills8134@fuliss.net,Rachael Wills
325,Project Manager,Matthew_Becker7933@famism.biz,Matthew Becker
326,Designer,Carl_Rowlands575@deons.tech,Carl Rowlands
327,Health Educator,Hank_Michael3231@bulaffy.com,Hank Michael
328,HR Coordinator,Tyler_Dillon3560@ovock.tech,Tyler Dillon
329,Service Supervisor,Mark_Chapman8887@irrepsy.com,Mark Chapman
330,Dentist,Daniel_Gosling3841@muall.tech,Daniel Gosling
331,Investment  Advisor,Chadwick_Moore4040@famism.biz,Chadwick Moore
332,Business Broker,Josh_Stone6594@eirey.tech,Josh Stone
333,Audiologist,George_Rogers578@nanoff.biz,George Rogers
334,Fabricator,Julius_Reese9606@bauros.biz,Julius Reese
335,Healthcare Specialist,Mark_Fields4071@typill.biz,Mark Fields
336,Bookkeeper,Manuel_Lane94@atink.com,Manuel Lane
337,Doctor,Elijah_Edwards4954@vetan.org,Elijah Edwards
338,IT Support Staff,Renee_Morris2277@deons.tech,Renee Morris
339,Fabricator,Rebecca_Vangness6092@liret.org,Rebecca Vangness
340,Front Desk Coordinator,Moira_Farmer5218@naiker.biz,Moira Farmer
341,Physician,Jazmin_Jarrett5290@gompie.com,Jazmin Jarrett
342,Retail Trainee,Analise_Mills9036@hourpy.biz,Analise Mills
343,Pharmacist,Bernadette_Wood2087@nanoff.biz,Bernadette Wood
344,Software Engineer,Mya_Tobin8371@hourpy.biz,Mya Tobin
345,Mobile Developer,George_West7652@tonsy.org,George West
346,Chef Manager,Sofie_Rosenbloom1179@ubusive.com,Sofie Rosenbloom
347,Designer,Mya_Boden951@supunk.biz,Mya Boden
348,Web Developer,Naomi_Spencer4824@elnee.tech,Naomi Spencer
349,Machine Operator,Vanessa_Giles9228@tonsy.org,Vanessa Giles
350,Project Manager,Matthew_Middleton8548@twace.org,Matthew Middleton
351,Accountant,Rick_Hopkins8225@irrepsy.com,Rick Hopkins
352,Healthcare Specialist,Alexander_Stanton7169@fuliss.net,Alexander Stanton
353,Webmaster,Marina_Gibson4858@deavo.com,Marina Gibson
354,CNC Operator,Carter_Noach7261@twipet.com,Carter Noach
355,Service Supervisor,Willow_West8477@deons.tech,Willow West
356,Clerk,Quinn_Hill7359@supunk.biz,Quinn Hill
357,Stockbroker,Monica_Bradley9446@tonsy.org,Monica Bradley
358,Associate Professor,Tony_Sylvester6467@hourpy.biz,Tony Sylvester
359,Restaurant Manager,Lily_Gordon5920@irrepsy.com,Lily Gordon
360,Inspector,Regina_Utterson6092@iatim.tech,Regina Utterson
361,Staffing Consultant,Marvin_Bryson9422@guentu.biz,Marvin Bryson
362,Healthcare Specialist,Mandy_Knight8053@fuliss.net,Mandy Knight
363,Dentist,Lindsay_Vincent3888@deons.tech,Lindsay Vincent
364,Inspector,Olivia_Wills6061@ovock.tech,Olivia Wills
365,Production Painter,Clarissa_Hall5236@deavo.com,Clarissa Hall
366,Healthcare Specialist,Piper_Judd2049@qater.org,Piper Judd
367,HR Specialist,Kassandra_Powell725@nimogy.biz,Kassandra Powell
368,Executive Director,Johnny_Saunders8925@zorer.org,Johnny Saunders
369,Webmaster,Alison_Sylvester8150@sheye.org,Alison Sylvester
370,Webmaster,Doug_Brown797@eirey.tech,Doug Brown
371,Bellman,Carolyn_Stone5993@bungar.biz,Carolyn Stone
372,Chef Manager,Gabriel_Nayler875@iatim.tech,Gabriel Nayler
373,Healthcare Specialist,Liv_Porter3630@acrit.org,Liv Porter
374,Design Engineer,Phillip_Nicolas1793@mafthy.com,Phillip Nicolas
375,Bellman,Sebastian_Paterson2834@mafthy.com,Sebastian Paterson
376,Fabricator,Julia_Pope3317@deavo.com,Julia Pope
377,Steward,William_Oldfield8049@twipet.com,William Oldfield
378,Food Technologist,Leroy_Brown3947@liret.org,Leroy Brown
379,Pharmacist,Michelle_Harrison1176@gmail.com,Michelle Harrison
380,Front Desk Coordinator,Julia_Bayliss9506@bretoux.com,Julia Bayliss
381,Bellman,Ethan_Lakey8451@qater.org,Ethan Lakey
382,Stockbroker,Mavis_Holt1449@extex.org,Mavis Holt
383,Fabricator,Callie_Bishop1219@zorer.org,Callie Bishop
384,Electrician,Holly_Fisher8215@elnee.tech,Holly Fisher
385,Laboratory Technician,Jacob_Powell1206@ubusive.com,Jacob Powell
386,Project Manager,Raquel_Glass1342@bungar.biz,Raquel Glass
387,Staffing Consultant,Tony_Wellington5656@infotech44.tech,Tony Wellington
388,Executive Director,Julius_Potts5758@naiker.biz,Julius Potts
389,Bellman,Oliver_Morris5630@yahoo.com,Oliver Morris
390,Healthcare Specialist,Vicky_Thomson749@guentu.biz,Vicky Thomson
391,Laboratory Technician,Marvin_Adams7309@acrit.org,Marvin Adams
392,Healthcare Specialist,Adeline_Drew3971@deons.tech,Adeline Drew
393,Budget Analyst,Kurt_Edwards5303@ovock.tech,Kurt Edwards
394,Call Center Representative,Ramon_Drew9634@sheye.org,Ramon Drew
395,Fabricator,Camila_Yoman6729@yahoo.com,Camila Yoman
396,Auditor,Adelaide_Salt1201@iatim.tech,Adelaide Salt
397,Stockbroker,Mayleen_Adams8447@typill.biz,Mayleen Adams
398,Treasurer,Clint_Ainsworth2592@womeona.net,Clint Ainsworth
399,Loan Officer,Logan_Spencer4044@kideod.biz,Logan Spencer
400,Budget Analyst,Tyson_Kerr1169@bulaffy.com,Tyson Kerr
401,Associate Professor,Beatrice_Walsh1540@zorer.org,Beatrice Walsh
402,Laboratory Technician,Maggie_Vallory9222@deons.tech,Maggie Vallory
403,Staffing Consultant,Rebecca_Farrow2969@famism.biz,Rebecca Farrow
404,Bellman,Nathan_Everett1833@typill.biz,Nathan Everett
405,Global Logistics Supervisor,Tom_Grady8838@yahoo.com,Tom Grady
406,Chef Manager,Oliver_Bradley9760@naiker.biz,Oliver Bradley
407,Physician,Tyson_Redfern842@kideod.biz,Tyson Redfern
408,Ambulatory Nurse,Chuck_Higgs2016@gmail.com,Chuck Higgs
409,Mobile Developer,Tom_Ring8933@bretoux.com,Tom Ring
410,Baker,Rocco_Farrell1919@nimogy.biz,Rocco Farrell
411,Budget Analyst,Chester_Gavin5038@grannar.com,Chester Gavin
412,Audiologist,Luna_Evans2184@infotech44.tech,Luna Evans
413,Cook,Elijah_Preston303@corti.com,Elijah Preston
414,Cook,Naomi_Speed4843@ubusive.com,Naomi Speed
415,Retail Trainee,Hannah_Ianson3752@extex.org,Hannah Ianson
416,Baker,Alessandra_Payne2674@mafthy.com,Alessandra Payne
417,Auditor,Erick_Antcliff1114@zorer.org,Erick Antcliff
418,Lecturer,Owen_Garcia4525@guentu.biz,Owen Garcia
419,Biologist,David_Quinn1941@mafthy.com,David Quinn
420,Cook,Sydney_Holmes2621@iatim.tech,Sydney Holmes
421,Executive Director,Hailey_Samuel9380@ubusive.com,Hailey Samuel
422,Health Educator,Chelsea_Hilton7249@elnee.tech,Chelsea Hilton
423,Service Supervisor,Stephanie_Waterhouse3101@qater.org,Stephanie Waterhouse
424,Dentist,Lillian_Glass2810@famism.biz,Lillian Glass
425,Design Engineer,Doug_Franks7808@hourpy.biz,Doug Franks
426,Doctor,Tony_Cobb893@eirey.tech,Tony Cobb
427,Cook,Natalie_Bailey4465@joiniaa.com,Natalie Bailey
428,Doctor,Mason_Reese5365@gmail.com,Mason Reese
429,Baker,Eryn_Dubois6691@fuliss.net,Eryn Dubois
430,Chef Manager,Rufus_Jenkins3689@womeona.net,Rufus Jenkins
431,Web Developer,Angelina_Stevens3531@gmail.com,Angelina Stevens
432,Staffing Consultant,Peter_Nielson1643@bretoux.com,Peter Nielson
433,Inspector,Ryan_Bennett7008@bauros.biz,Ryan Bennett
434,Ambulatory Nurse,Andrea_Adams260@joiniaa.com,Andrea Adams
435,Doctor,Joseph_Johnson8056@naiker.biz,Joseph Johnson
436,Mobile Developer,Davina_Jobson8789@deavo.com,Davina Jobson
437,Auditor,Benjamin_Ashwell7045@sveldo.biz,Benjamin Ashwell
438,Call Center Representative,Miriam_Victor9769@guentu.biz,Miriam Victor
439,Lecturer,Sadie_Thomson3333@nickia.com,Sadie Thomson
440,Business Broker,Benny_Janes9838@liret.org,Benny Janes
441,Loan Officer,Hayden_Graves163@twipet.com,Hayden Graves
442,Fabricator,Aiden_Brett8682@yahoo.com,Aiden Brett
443,Banker,Alex_Collis2882@naiker.biz,Alex Collis
444,Design Engineer,Summer_Kent1268@womeona.net,Summer Kent
445,Ambulatory Nurse,Regina_Tutton1110@qater.org,Regina Tutton
446,Chef Manager,Barney_Franks1063@bulaffy.com,Barney Franks
447,Insurance Broker,Jayden_Corbett1114@kideod.biz,Jayden Corbett
448,Steward,Bob_Lloyd4136@corti.com,Bob Lloyd
449,Global Logistics Supervisor,Janelle_Cunningham2458@dionrab.com,Janelle Cunningham
450,Cook,Owen_Matthews1242@gompie.com,Owen Matthews
451,Global Logistics Supervisor,Cameron_Miller6327@gmail.com,Cameron Miller
452,Operator,Emma_Noon9987@gembat.biz,Emma Noon
453,Call Center Representative,Danny_Shaw3971@gompie.com,Danny Shaw
454,Retail Trainee,Bryce_Campbell2809@brety.org,Bryce Campbell
455,Cash Manager,Vera_Thomas3804@guentu.biz,Vera Thomas
456,Accountant,Robyn_Cork7062@grannar.com,Robyn Cork
457,Assistant Buyer,Sloane_Carter2656@nimogy.biz,Sloane Carter
458,Associate Professor,Vanessa_Hopkins8091@acrit.org,Vanessa Hopkins
459,Banker,Elise_Brock592@gompie.com,Elise Brock
460,Call Center Representative,Chad_Khan6829@ovock.tech,Chad Khan
461,Associate Professor,Rick_Mcgregor8254@muall.tech,Rick Mcgregor
462,Lecturer,Daphne_Osman5360@hourpy.biz,Daphne Osman
463,Mobile Developer,Emerald_Reid4176@ubusive.com,Emerald Reid
464,Business Broker,Ron_Fall6304@brety.org,Ron Fall
465,Treasurer,Javier_Clarke1506@guentu.biz,Javier Clarke
466,Global Logistics Supervisor,Louise_Barclay183@bungar.biz,Louise Barclay
467,Bellman,Destiny_Spencer9239@dionrab.com,Destiny Spencer
468,Paramedic,Abdul_Swift8031@nanoff.biz,Abdul Swift
469,Mobile Developer,Julius_Potter1491@bauros.biz,Julius Potter
470,Retail Trainee,Carol_Blackwall4448@bauros.biz,Carol Blackwall
471,Software Engineer,Elly_Saunders9477@gmail.com,Elly Saunders
472,Machine Operator,Denis_Mitchell4712@nickia.com,Denis Mitchell
473,Healthcare Specialist,Mona_Saunders6957@zorer.org,Mona Saunders
474,Executive Director,Ramon_Logan3464@naiker.biz,Ramon Logan
475,Mobile Developer,Cedrick_Downing2056@acrit.org,Cedrick Downing
476,Auditor,Oliver_Redden3908@famism.biz,Oliver Redden
477,Accountant,Cedrick_Price8309@fuliss.net,Cedrick Price
478,Insurance Broker,Ilona_Benfield5646@typill.biz,Ilona Benfield
479,Operator,Oliver_Brennan1328@supunk.biz,Oliver Brennan
480,Cashier,Stephanie_Victor1544@bungar.biz,Stephanie Victor
481,Insurance Broker,Roger_Harrington4303@nickia.com,Roger Harrington
482,Machine Operator,Ron_Varndell229@twipet.com,Ron Varndell
483,Systems Administrator,Daniel_Alexander299@joiniaa.com,Daniel Alexander
484,Production Painter,Russel_Evans5248@womeona.net,Russel Evans
485,Biologist,Alan_Kaur3917@deons.tech,Alan Kaur
486,Restaurant Manager,Luke_Rainford5523@joiniaa.com,Luke Rainford
487,Retail Trainee,Joyce_Vollans2070@yahoo.com,Joyce Vollans
488,Insurance Broker,Cameron_Dickson8682@famism.biz,Cameron Dickson
489,Biologist,Cedrick_Sherry6856@brety.org,Cedrick Sherry
490,Design Engineer,Nick_Johnson9099@joiniaa.com,Nick Johnson
491,Cook,Sage_Ingham3021@extex.org,Sage Ingham
492,IT Support Staff,Irene_Morrow606@twipet.com,Irene Morrow
493,Auditor,Marvin_Ebden8667@twace.org,Marvin Ebden
494,Mobile Developer,Michelle_Baldwin1299@joiniaa.com,Michelle Baldwin
495,Webmaster,Brad_Allen832@eirey.tech,Brad Allen
496,Service Supervisor,Alba_Verdon59@deons.tech,Alba Verdon
497,Web Developer,Daria_Reid446@kideod.biz,Daria Reid
498,Loan Officer,Chadwick_Riley5475@elnee.tech,Chadwick Riley
499,Cash Manager,Brad_Hill2041@hourpy.biz,Brad Hill
500,Global Logistics Supervisor,John_Dunbar4547@qater.org,John Dunbar
501,Banker,Maddison_Fall7316@iatim.tech,Maddison Fall
502,Inspector,Martin_Roscoe445@yahoo.com,Martin Roscoe
503,Service Supervisor,Alessandra_Crawley2855@twipet.com,Alessandra Crawley
504,Healthcare Specialist,Lillian_Alldridge4027@kideod.biz,Lillian Alldridge
505,Doctor,Wade_Morley81@infotech44.tech,Wade Morley
506,Clerk,Carter_Raven5781@bauros.biz,Carter Raven
507,Budget Analyst,Rufus_Nayler3579@deons.tech,Rufus Nayler
508,Design Engineer,Alba_Callan4000@liret.org,Alba Callan
509,Ambulatory Nurse,Rocco_Brennan6846@nimogy.biz,Rocco Brennan
510,Production Painter,Leanne_Cavanagh7836@iatim.tech,Leanne Cavanagh
511,Baker,Kirsten_Vernon3325@typill.biz,Kirsten Vernon
512,Bookkeeper,Sabrina_Cooper5561@mafthy.com,Sabrina Cooper
513,Call Center Representative,Rocco_Robinson3384@sheye.org,Rocco Robinson
514,Fabricator,Noemi_Rogers60@gembat.biz,Noemi Rogers
515,Restaurant Manager,Michael_Daniells4561@extex.org,Michael Daniells
516,Budget Analyst,Sara_Morgan9017@mafthy.com,Sara Morgan
517,Insurance Broker,Matt_Garner9207@tonsy.org,Matt Garner
518,Global Logistics Supervisor,Denis_Cartwright8036@nimogy.biz,Denis Cartwright
519,Dentist,Josh_Owen9525@tonsy.org,Josh Owen
520,CNC Operator,Melody_Curtis7923@twace.org,Melody Curtis
521,Ambulatory Nurse,Jade_Campbell2053@qater.org,Jade Campbell
522,Clerk,Joseph_Turner6073@atink.com,Joseph Turner
523,Global Logistics Supervisor,Courtney_Benson7207@zorer.org,Courtney Benson
524,Audiologist,Alan_Tate7094@mafthy.com,Alan Tate
525,Mobile Developer,Harvey_Evans3388@bauros.biz,Harvey Evans
526,Call Center Representative,Ellen_Chester8360@famism.biz,Ellen Chester
527,CNC Operator,Erica_Woods1963@gembat.biz,Erica Woods
528,Project Manager,Jessica_Gordon1584@tonsy.org,Jessica Gordon
529,Production Painter,Marie_Rycroft4892@bauros.biz,Marie Rycroft
530,Chef Manager,Hannah_Flanders9304@extex.org,Hannah Flanders
531,Inspector,Nicholas_Torres1724@joiniaa.com,Nicholas Torres
532,Auditor,Julian_Goodman5206@infotech44.tech,Julian Goodman
533,Baker,Angelica_Reese4894@deavo.com,Angelica Reese
534,Bellman,Alexa_Hopkins2191@bungar.biz,Alexa Hopkins
535,Designer,Celia_Rosenbloom4818@qater.org,Celia Rosenbloom
536,HR Specialist,Hazel_Fowler9326@corti.com,Hazel Fowler
537,Executive Director,Belinda_Haines2770@liret.org,Belinda Haines
538,Banker,Johnathan_Wills8850@iatim.tech,Johnathan Wills
539,Machine Operator,Kieth_Gilmour5707@kideod.biz,Kieth Gilmour
540,IT Support Staff,Tony_Neal9803@ovock.tech,Tony Neal
541,Dentist,Elijah_Stevenson5254@guentu.biz,Elijah Stevenson
542,Health Educator,Nathan_Clarkson1586@famism.biz,Nathan Clarkson
543,Food Technologist,Josh_James5739@jiman.org,Josh James
544,Software Engineer,Cassandra_Kelly391@mafthy.com,Cassandra Kelly
545,Webmaster,Mary_Willis6219@guentu.biz,Mary Willis
546,Insurance Broker,Morgan_Moss1323@extex.org,Morgan Moss
547,Treasurer,Aleksandra_Glass4025@twipet.com,Aleksandra Glass
548,Accountant,Maddison_Jacobs4825@nimogy.biz,Maddison Jacobs
549,Physician,Phillip_Santos4759@extex.org,Phillip Santos
550,Fabricator,Barney_Tailor8858@liret.org,Barney Tailor
551,Stockbroker,Jaylene_Gavin9610@irrepsy.com,Jaylene Gavin
552,Food Technologist,Callie_Exton1379@mafthy.com,Callie Exton
553,Operator,Gemma_Savage7399@typill.biz,Gemma Savage
554,HR Coordinator,Alexia_Oldfield224@atink.com,Alexia Oldfield
555,Bellman,Makena_Wilcox735@grannar.com,Makena Wilcox
556,Health Educator,Leroy_Lynch3298@mafthy.com,Leroy Lynch
557,Bellman,Elena_Coll9892@ubusive.com,Elena Coll
558,Health Educator,Gil_Locke8485@bungar.biz,Gil Locke
559,Healthcare Specialist,Hannah_Wilson8086@twipet.com,Hannah Wilson
560,Banker,Angel_Emerson3845@iatim.tech,Angel Emerson
561,Retail Trainee,Carter_Malone1192@gembat.biz,Carter Malone
562,Cashier,Nancy_Reid160@kideod.biz,Nancy Reid
563,Electrician,Sharon_Vallory8710@supunk.biz,Sharon Vallory
564,Pharmacist,Aeris_Clayton7138@zorer.org,Aeris Clayton
565,Steward,Russel_Olivier1431@guentu.biz,Russel Olivier
566,Food Technologist,Harvey_Carter9667@mafthy.com,Harvey Carter
567,Design Engineer,Mark_Smith1068@infotech44.tech,Mark Smith
568,Staffing Consultant,Elly_Reynolds7933@bungar.biz,Elly Reynolds
569,Budget Analyst,Carl_Little5129@naiker.biz,Carl Little
570,Machine Operator,Daniel_Bingham4154@atink.com,Daniel Bingham
571,Mobile Developer,Aiden_Knight8272@deons.tech,Aiden Knight
572,Executive Director,Michael_Beal1925@dionrab.com,Michael Beal
573,Design Engineer,Bridget_Cox4792@gompie.com,Bridget Cox
574,Food Technologist,Harry_Bowen8058@famism.biz,Harry Bowen
575,Software Engineer,Alice_Broomfield2435@guentu.biz,Alice Broomfield
576,Auditor,Valerie_Wilson6918@womeona.net,Valerie Wilson
577,Chef Manager,Jackeline_Duvall4441@brety.org,Jackeline Duvall
578,Cash Manager,Penelope_Blackburn9997@iatim.tech,Penelope Blackburn
579,Audiologist,Amelia_Simpson583@guentu.biz,Amelia Simpson
580,Front Desk Coordinator,Owen_Hammond2633@deons.tech,Owen Hammond
581,Retail Trainee,Maribel_Dunbar9685@gompie.com,Maribel Dunbar
582,Lecturer,Alex_Silva2990@mafthy.com,Alex Silva
583,Machine Operator,Nate_Khan4845@deavo.com,Nate Khan
584,Designer,Gina_Cunningham8784@nickia.com,Gina Cunningham
585,Inspector,Gloria_Gates6375@deons.tech,Gloria Gates
586,Designer,Henry_Harris5869@brety.org,Henry Harris
587,Baker,Sonya_Jefferson4033@ubusive.com,Sonya Jefferson
588,Healthcare Specialist,Summer_Edwards3444@infotech44.tech,Summer Edwards
589,Dentist,Josephine_Santos8386@womeona.net,Josephine Santos
590,Restaurant Manager,Chuck_Flynn8604@muall.tech,Chuck Flynn
591,Budget Analyst,Vanessa_Morley8173@ubusive.com,Vanessa Morley
592,Investment  Advisor,Jack_Overson3291@ovock.tech,Jack Overson
593,Front Desk Coordinator,Maxwell_Martin3296@liret.org,Maxwell Martin
594,Staffing Consultant,Mandy_Bingham2211@bretoux.com,Mandy Bingham
595,Inspector,Matthew_Weston3932@iatim.tech,Matthew Weston
596,Service Supervisor,Maxwell_Broomfield5834@nanoff.biz,Maxwell Broomfield
597,Steward,Bob_Hunter2655@famism.biz,Bob Hunter
598,Machine Operator,Anais_Sherry5279@gembat.biz,Anais Sherry
599,HR Specialist,Cassandra_Lyon931@nimogy.biz,Cassandra Lyon
600,Auditor,Sabrina_Myatt723@sheye.org,Sabrina Myatt
601,Retail Trainee,Jolene_Gallacher8961@twace.org,Jolene Gallacher
602,Stockbroker,Lorraine_Power2925@iatim.tech,Lorraine Power
603,Bookkeeper,Alessia_Ellery6779@kideod.biz,Alessia Ellery
604,Inspector,Gabriel_Morgan7583@jiman.org,Gabriel Morgan
605,Project Manager,Russel_Ross5538@ovock.tech,Russel Ross
606,Paramedic,Martin_Woodley9329@hourpy.biz,Martin Woodley
607,Operator,Adelaide_Gray8730@jiman.org,Adelaide Gray
608,Production Painter,Renee_Abbot5770@atink.com,Renee Abbot
609,Business Broker,John_Kelly6819@eirey.tech,John Kelly
610,Executive Director,Clint_Nash9267@iatim.tech,Clint Nash
611,Executive Director,Quinn_Stark4830@atink.com,Quinn Stark
612,Laboratory Technician,Rowan_Ring4435@elnee.tech,Rowan Ring
613,Dentist,Jack_Stuart194@twace.org,Jack Stuart
614,Software Engineer,Stephanie_Eyres6485@joiniaa.com,Stephanie Eyres
615,Treasurer,Jasmine_May9631@cispeto.com,Jasmine May
616,Web Developer,Lucas_Brooks3579@bauros.biz,Lucas Brooks
617,Web Developer,Rosa_Barclay1822@nanoff.biz,Rosa Barclay
618,Inspector,Mya_John6625@nanoff.biz,Mya John
619,Cashier,Josephine_Stevenson1968@nanoff.biz,Josephine Stevenson
620,Dentist,Manuel_Shaw3887@bretoux.com,Manuel Shaw
621,Loan Officer,Christine_Bennett1653@jiman.org,Christine Bennett
622,Biologist,Hailey_Murphy2706@qater.org,Hailey Murphy
623,Auditor,Erick_Crawford4940@ubusive.com,Erick Crawford
624,Restaurant Manager,Phoebe_Lindop6390@nimogy.biz,Phoebe Lindop
625,Associate Professor,Lorraine_Lee9566@cispeto.com,Lorraine Lee
626,Front Desk Coordinator,Nathan_Davies1836@qater.org,Nathan Davies
627,Loan Officer,Angelica_Watt8348@infotech44.tech,Angelica Watt
628,Laboratory Technician,Noah_Rodgers3320@nickia.com,Noah Rodgers
629,HR Specialist,Cadence_Patel4110@grannar.com,Cadence Patel
630,Fabricator,Chadwick_Hamilton1798@tonsy.org,Chadwick Hamilton
631,Banker,Julian_Riley8182@mafthy.com,Julian Riley
632,Insurance Broker,Wade_Neal7692@ovock.tech,Wade Neal
633,Web Developer,Samara_Thornton1969@kideod.biz,Samara Thornton
634,Webmaster,Amelia_Griffiths4363@gmail.com,Amelia Griffiths
635,Doctor,Charlize_Fowler8829@liret.org,Charlize Fowler
636,Call Center Representative,Charlize_Hall1512@supunk.biz,Charlize Hall
637,Retail Trainee,Willow_Dunbar5950@infotech44.tech,Willow Dunbar
638,CNC Operator,Hayden_Mann3170@tonsy.org,Hayden Mann
639,Operator,Matt_Lowe8990@naiker.biz,Matt Lowe
640,Accountant,Nate_Thompson1651@qater.org,Nate Thompson
641,Software Engineer,Noah_Flett2902@mafthy.com,Noah Flett
642,HR Specialist,Ethan_Baker4587@joiniaa.com,Ethan Baker
643,Stockbroker,Gwen_Mcguire4778@mafthy.com,Gwen Mcguire
644,Retail Trainee,Mara_Calderwood4907@twipet.com,Mara Calderwood
645,Food Technologist,Nick_Eaton7320@bauros.biz,Nick Eaton
646,Food Technologist,Estrella_Norburn7855@fuliss.net,Estrella Norburn
647,Lecturer,Mason_Vaughn4179@yahoo.com,Mason Vaughn
648,Budget Analyst,Paige_Woodcock4462@atink.com,Paige Woodcock
649,Ambulatory Nurse,Sloane_Kidd6751@atink.com,Sloane Kidd
650,Web Developer,Kieth_Norris8964@jiman.org,Kieth Norris
651,Operator,Anabelle_Walter1604@twipet.com,Anabelle Walter
652,Electrician,Caleb_Fields3895@ubusive.com,Caleb Fields
653,Baker,Barry_Allcott9251@liret.org,Barry Allcott
654,CNC Operator,Nate_Hall3691@elnee.tech,Nate Hall
655,Software Engineer,Elise_Lane1409@irrepsy.com,Elise Lane
656,HR Specialist,Jacob_Goldsmith1172@tonsy.org,Jacob Goldsmith
657,Ambulatory Nurse,Jocelyn_Russell1151@fuliss.net,Jocelyn Russell
658,Systems Administrator,Celia_Welsch6685@gembat.biz,Celia Welsch
659,IT Support Staff,Harvey_Veale7410@deavo.com,Harvey Veale
660,Operator,Martin_Hardwick5753@atink.com,Martin Hardwick
661,Designer,Joseph_Clayton6968@nanoff.biz,Joseph Clayton
662,Electrician,Eden_Sanchez7173@liret.org,Eden Sanchez
663,Doctor,Callie_Smith2031@liret.org,Callie Smith
664,Production Painter,Bethany_Norton9726@infotech44.tech,Bethany Norton
665,Doctor,Chad_Bishop4875@guentu.biz,Chad Bishop
666,Global Logistics Supervisor,Bart_Santos3894@guentu.biz,Bart Santos
667,Bookkeeper,Liam_Morley6550@deavo.com,Liam Morley
668,Pharmacist,Ronald_Rowe3068@qater.org,Ronald Rowe
669,Clerk,Erick_Connor6590@nimogy.biz,Erick Connor
670,Fabricator,Daron_Gordon2395@extex.org,Daron Gordon
671,HR Specialist,Carla_Vallory1118@zorer.org,Carla Vallory
672,Design Engineer,Luke_Noon6357@womeona.net,Luke Noon
673,Baker,Sloane_Owen3384@extex.org,Sloane Owen
674,Health Educator,Diane_Kennedy8479@vetan.org,Diane Kennedy
675,Banker,Aisha_Woodley2865@zorer.org,Aisha Woodley
676,Laboratory Technician,Ruby_Gavin9994@nickia.com,Ruby Gavin
677,Health Educator,Shannon_Vinton99@nimogy.biz,Shannon Vinton
678,Staffing Consultant,Lexi_Gibson4221@naiker.biz,Lexi Gibson
679,Webmaster,Mason_Morris4162@gompie.com,Mason Morris
680,CNC Operator,Clint_Warner6956@elnee.tech,Clint Warner
681,Cashier,Penelope_Bennett2124@qater.org,Penelope Bennett
682,Pharmacist,Hanna_Becker807@sheye.org,Hanna Becker
683,Biologist,Cedrick_Ralph439@elnee.tech,Cedrick Ralph
684,Bookkeeper,Rocco_Richardson1943@kideod.biz,Rocco Richardson
685,Associate Professor,Havana_Harrington2937@liret.org,Havana Harrington
686,Staffing Consultant,Erica_Turner2250@mafthy.com,Erica Turner
687,CNC Operator,Phillip_Kelly2036@extex.org,Phillip Kelly
688,Laboratory Technician,Gloria_Ryan6380@tonsy.org,Gloria Ryan
689,Ambulatory Nurse,Alice_Crawford1674@sveldo.biz,Alice Crawford
690,Fabricator,Esmeralda_Furnell8118@liret.org,Esmeralda Furnell
691,Bellman,Elle_Yard7261@guentu.biz,Elle Yard
692,Assistant Buyer,Javier_Hunter9964@bungar.biz,Javier Hunter
693,Baker,Percy_Funnell4996@infotech44.tech,Percy Funnell
694,Executive Director,Brad_Brennan3910@joiniaa.com,Brad Brennan
695,Service Supervisor,Johnny_Pond3335@twipet.com,Johnny Pond
696,Stockbroker,Jane_Owen4300@liret.org,Jane Owen
697,Baker,Holly_Sloan1528@liret.org,Holly Sloan
698,Laboratory Technician,Henry_Weston8473@zorer.org,Henry Weston
699,Chef Manager,Monica_Funnell7451@gompie.com,Monica Funnell
700,Ambulatory Nurse,Natalie_Burge119@corti.com,Natalie Burge
701,Software Engineer,Martin_Nelson8627@twace.org,Martin Nelson
702,Bookkeeper,Maddison_Edmonds9089@bungar.biz,Maddison Edmonds
703,Healthcare Specialist,Clint_Carpenter2475@guentu.biz,Clint Carpenter
704,Systems Administrator,Vanessa_Kidd9386@gembat.biz,Vanessa Kidd
705,Biologist,Sara_Ashwell945@cispeto.com,Sara Ashwell
706,Project Manager,Maria_Benfield5813@eirey.tech,Maria Benfield
707,Inspector,Emmanuelle_Newton7165@iatim.tech,Emmanuelle Newton
708,Steward,Adelaide_Chapman5592@eirey.tech,Adelaide Chapman
709,Paramedic,Clint_Weatcroft5678@bauros.biz,Clint Weatcroft
710,Designer,Beatrice_Gray7951@liret.org,Beatrice Gray
711,Laboratory Technician,Henry_Jenkins9062@nickia.com,Henry Jenkins
712,Designer,Joseph_Hewitt5527@corti.com,Joseph Hewitt
713,Dentist,Gabriel_Harvey143@deavo.com,Gabriel Harvey
714,Inspector,Michael_Nelson4880@elnee.tech,Michael Nelson
715,HR Specialist,Stacy_Kidd1780@deons.tech,Stacy Kidd
716,HR Coordinator,Jolene_Hamilton2465@fuliss.net,Jolene Hamilton
717,Operator,Michael_Butler3926@twace.org,Michael Butler
718,Baker,Logan_Connor2698@irrepsy.com,Logan Connor
719,Biologist,Leroy_Knight1312@naiker.biz,Leroy Knight
720,Physician,Logan_Underhill8199@sheye.org,Logan Underhill
721,Designer,Andrea_Quinton7924@dionrab.com,Andrea Quinton
722,Insurance Broker,Rocco_Phillips7175@liret.org,Rocco Phillips
723,Health Educator,Sabina_Greenwood6914@deavo.com,Sabina Greenwood
724,Bookkeeper,Luke_Parr177@sveldo.biz,Luke Parr
725,Business Broker,Alba_Hunter3328@yahoo.com,Alba Hunter
726,Design Engineer,Ruby_Eyres4918@nickia.com,Ruby Eyres
727,Webmaster,Anthony_Denton6918@nanoff.biz,Anthony Denton
728,Bookkeeper,Michael_Lee3746@sveldo.biz,Michael Lee
729,Fabricator,Rosalee_Weldon4000@atink.com,Rosalee Weldon
730,Paramedic,Rebecca_Wilson3518@iatim.tech,Rebecca Wilson
731,Stockbroker,Sharon_Nicholls9462@vetan.org,Sharon Nicholls
732,Steward,Luke_Aldridge2580@grannar.com,Luke Aldridge
733,Designer,Benny_Burge8945@supunk.biz,Benny Burge
734,Electrician,Cedrick_Chapman6650@brety.org,Cedrick Chapman
735,Executive Director,Celia_Tyler6249@ovock.tech,Celia Tyler
736,Auditor,Adalie_Clarke4393@twipet.com,Adalie Clarke
737,Cashier,Josh_Jackson9733@muall.tech,Josh Jackson
738,Accountant,Peyton_Crawford762@kideod.biz,Peyton Crawford
739,Systems Administrator,Carter_Fulton8248@famism.biz,Carter Fulton
740,Systems Administrator,Brooklyn_Lloyd2154@twipet.com,Brooklyn Lloyd
741,Paramedic,Juliet_Taylor5897@naiker.biz,Juliet Taylor
742,Associate Professor,Maia_Burge3242@qater.org,Maia Burge
743,Doctor,Madison_Watt6654@gmail.com,Madison Watt
744,Banker,Alexander_Sylvester2249@hourpy.biz,Alexander Sylvester
745,Chef Manager,Mason_Wise4834@mafthy.com,Mason Wise
746,Banker,Benny_Khan33@vetan.org,Benny Khan
747,Front Desk Coordinator,Aiden_Cameron9554@eirey.tech,Aiden Cameron
748,Pharmacist,Carl_Allen9280@liret.org,Carl Allen
749,Webmaster,Analise_Martin5421@vetan.org,Analise Martin
750,Inspector,Lara_Swan2820@acrit.org,Lara Swan
751,HR Specialist,Percy_Drummond2215@deons.tech,Percy Drummond
752,Chef Manager,Kieth_Jarvis8048@famism.biz,Kieth Jarvis
753,IT Support Staff,Jazmin_Leigh3964@guentu.biz,Jazmin Leigh
754,Service Supervisor,Dani_James5735@supunk.biz,Dani James
755,Banker,Greta_Watson7376@ovock.tech,Greta Watson
756,Systems Administrator,Erick_Roth1554@dionrab.com,Erick Roth
757,Global Logistics Supervisor,Angelina_Andrews5608@grannar.com,Angelina Andrews
758,Insurance Broker,Eden_Chadwick6481@mafthy.com,Eden Chadwick
759,Investment  Advisor,Marvin_Woods1475@gembat.biz,Marvin Woods
760,Physician,Brad_Simpson5496@nickia.com,Brad Simpson
761,Ambulatory Nurse,Manuel_Mackenzie7117@gembat.biz,Manuel Mackenzie
762,Project Manager,Emery_Campbell3834@tonsy.org,Emery Campbell
763,Fabricator,Maribel_Gunn35@guentu.biz,Maribel Gunn
764,Pharmacist,Roger_Williams4909@womeona.net,Roger Williams
765,Associate Professor,Claire_Wright5797@infotech44.tech,Claire Wright
766,Staffing Consultant,Leah_Parker5643@nickia.com,Leah Parker
767,Machine Operator,Mason_Mason5302@twace.org,Mason Mason
768,Dentist,Samara_Ellison8427@nanoff.biz,Samara Ellison
769,Doctor,Dalia_Coates9828@guentu.biz,Dalia Coates
770,Production Painter,Jules_Wilson4438@mafthy.com,Jules Wilson
771,Call Center Representative,Rosemary_Thomson2842@gembat.biz,Rosemary Thomson
772,Inspector,Harvey_Ellis7784@sveldo.biz,Harvey Ellis
773,IT Support Staff,Jaylene_Calderwood5314@bulaffy.com,Jaylene Calderwood
774,Clerk,Grace_Matthews3980@gmail.com,Grace Matthews
775,Banker,Ron_Whatson2078@kideod.biz,Ron Whatson
776,Bellman,Lucas_Hooper586@iatim.tech,Lucas Hooper
777,Treasurer,Rita_Fall669@irrepsy.com,Rita Fall
778,Baker,Luna_Giles722@womeona.net,Luna Giles
779,Designer,Crystal_Hood2063@typill.biz,Crystal Hood
780,Bellman,Kaylee_Ellery7740@typill.biz,Kaylee Ellery
781,Staffing Consultant,Makena_Anderson2371@eirey.tech,Makena Anderson
782,Cook,Leroy_Bright6156@deavo.com,Leroy Bright
783,Software Engineer,Gabriel_Broomfield8678@mafthy.com,Gabriel Broomfield
784,Biologist,Clint_Cox5984@infotech44.tech,Clint Cox
785,Audiologist,Abdul_Mackenzie2258@acrit.org,Abdul Mackenzie
786,Bookkeeper,Mike_Porter2729@corti.com,Mike Porter
787,IT Support Staff,Hayden_Logan8957@sveldo.biz,Hayden Logan
788,Physician,Lorraine_Brooks6669@zorer.org,Lorraine Brooks
789,Ambulatory Nurse,Sebastian_Skinner8528@twipet.com,Sebastian Skinner
790,Electrician,Benjamin_Kelly4230@twace.org,Benjamin Kelly
791,Machine Operator,Carl_Rust7595@bauros.biz,Carl Rust
792,Front Desk Coordinator,Luke_Bingham9942@gompie.com,Luke Bingham
793,Budget Analyst,Rosalee_Stevenson9343@irrepsy.com,Rosalee Stevenson
794,Cook,Nicholas_Kennedy2154@irrepsy.com,Nicholas Kennedy
795,Cook,Karla_Rodgers2678@nimogy.biz,Karla Rodgers
796,Software Engineer,Nick_Robinson2506@elnee.tech,Nick Robinson
797,Bookkeeper,Javier_Appleton112@tonsy.org,Javier Appleton
798,Health Educator,William_Mullins103@atink.com,William Mullins
799,Loan Officer,Barry_Hardwick9801@extex.org,Barry Hardwick
800,Designer,George_Thompson187@gompie.com,George Thompson
801,Ambulatory Nurse,Johnny_Bennett7391@hourpy.biz,Johnny Bennett
802,Dentist,Sarah_Jarrett3083@ovock.tech,Sarah Jarrett
803,Operator,Maggie_Tanner7198@muall.tech,Maggie Tanner
804,Designer,Bristol_Bryson2922@elnee.tech,Bristol Bryson
805,Health Educator,Nicholas_Nelson2662@bretoux.com,Nicholas Nelson
806,Associate Professor,Gladys_Flett9445@gmail.com,Gladys Flett
807,Fabricator,Maxwell_Eyres9228@gompie.com,Maxwell Eyres
808,Ambulatory Nurse,Liliana_Vallory7810@nickia.com,Liliana Vallory
809,Treasurer,Chadwick_Nayler5158@muall.tech,Chadwick Nayler
810,Cashier,Maxwell_Murphy2781@atink.com,Maxwell Murphy
811,Ambulatory Nurse,Julianna_Wright1676@iatim.tech,Julianna Wright
812,Production Painter,Camellia_Garcia3366@dionrab.com,Camellia Garcia
813,Machine Operator,Chuck_Potter8738@twace.org,Chuck Potter
814,Cook,Nancy_Paterson3436@iatim.tech,Nancy Paterson
815,Health Educator,Lily_Allington9776@guentu.biz,Lily Allington
816,Chef Manager,Javier_Lynn91@naiker.biz,Javier Lynn
817,Assistant Buyer,Tyson_Emmett3610@atink.com,Tyson Emmett
818,Clerk,Regina_Cattell2625@iatim.tech,Regina Cattell
819,CNC Operator,Sofie_Rehman4286@corti.com,Sofie Rehman
820,HR Coordinator,Davina_Lomax2841@fuliss.net,Davina Lomax
821,Baker,Gemma_Logan4646@deavo.com,Gemma Logan
822,Healthcare Specialist,Harry_Watson3422@supunk.biz,Harry Watson
823,Banker,Ryan_Clarkson3833@ubusive.com,Ryan Clarkson
824,CNC Operator,Denis_Saunders6128@jiman.org,Denis Saunders
825,Service Supervisor,Felicity_Adams793@iatim.tech,Felicity Adams
826,Treasurer,Rachael_Saunders5616@yahoo.com,Rachael Saunders
827,Design Engineer,Boris_John6790@extex.org,Boris John
828,Electrician,Tony_Lowe6929@typill.biz,Tony Lowe
829,Lecturer,Lily_Mackenzie9521@eirey.tech,Lily Mackenzie
830,CNC Operator,Anabelle_Anderson5059@irrepsy.com,Anabelle Anderson
831,Operator,Charlize_Fulton5103@womeona.net,Charlize Fulton
832,Laboratory Technician,Ethan_Evans4915@twace.org,Ethan Evans
833,Design Engineer,Dalia_Holmes696@twace.org,Dalia Holmes
834,Webmaster,Anne_Mcleod4502@grannar.com,Anne Mcleod
835,Banker,Margaret_Butler4934@elnee.tech,Margaret Butler
836,Webmaster,Kate_Cassidy4043@grannar.com,Kate Cassidy
837,Bookkeeper,Doug_Graham7280@atink.com,Doug Graham
838,Physician,Davina_Plant4813@womeona.net,Davina Plant
839,Software Engineer,Nancy_Paterson6803@infotech44.tech,Nancy Paterson
840,Call Center Representative,Josh_Kaur6837@gmail.com,Josh Kaur
841,Webmaster,Javier_Emmett1162@infotech44.tech,Javier Emmett
842,Staffing Consultant,Eryn_Appleton790@sveldo.biz,Eryn Appleton
843,Retail Trainee,Benjamin_Cann7457@deons.tech,Benjamin Cann
844,Restaurant Manager,Bryce_Knight4187@womeona.net,Bryce Knight
845,Baker,Sage_Janes8974@twipet.com,Sage Janes
846,Auditor,Cherish_Barclay9575@iatim.tech,Cherish Barclay
847,Food Technologist,Cynthia_Pope8089@ovock.tech,Cynthia Pope
848,Food Technologist,Bob_Fisher7687@supunk.biz,Bob Fisher
849,Audiologist,Aiden_Bennett4734@famism.biz,Aiden Bennett
850,Ambulatory Nurse,Elly_Clayton1364@atink.com,Elly Clayton
851,Insurance Broker,Anthony_Larkin8951@nimogy.biz,Anthony Larkin
852,Front Desk Coordinator,Fred_Hammond8134@deavo.com,Fred Hammond
853,Bookkeeper,Ada_Hood5573@eirey.tech,Ada Hood
854,Auditor,Tyson_Gilmore4564@gembat.biz,Tyson Gilmore
855,Health Educator,Valerie_Maxwell8644@eirey.tech,Valerie Maxwell
856,Retail Trainee,Carmella_Whinter7090@grannar.com,Carmella Whinter
857,Loan Officer,Eden_Butler1493@gompie.com,Eden Butler
858,Systems Administrator,Fiona_Larkin3376@gembat.biz,Fiona Larkin
859,Restaurant Manager,Fred_Pickard1855@mafthy.com,Fred Pickard
860,Web Developer,Maxwell_Rehman6241@ubusive.com,Maxwell Rehman
861,Business Broker,Percy_Emmett874@mafthy.com,Percy Emmett
862,Budget Analyst,Moira_Wigley7078@infotech44.tech,Moira Wigley
863,Retail Trainee,Anne_Lewin7298@twace.org,Anne Lewin
864,Healthcare Specialist,Mark_Hudson6355@jiman.org,Mark Hudson
865,Front Desk Coordinator,Chester_Mcgregor793@brety.org,Chester Mcgregor
866,Design Engineer,Sharon_Mann4534@yahoo.com,Sharon Mann
867,Assistant Buyer,Rufus_Simpson1373@dionrab.com,Rufus Simpson
868,Bookkeeper,Julia_Stone 9536@kideod.biz,Julia Stone 
869,Investment  Advisor,Ellen_Cann3180@vetan.org,Ellen Cann
870,Food Technologist,Oliver_Ross8074@fuliss.net,Oliver Ross
871,Treasurer,Benny_Notman3456@jiman.org,Benny Notman
872,Health Educator,Sonya_Richards3389@twace.org,Sonya Richards
873,Webmaster,Mason_Redwood4455@vetan.org,Mason Redwood
874,Paramedic,Kurt_Clarkson224@typill.biz,Kurt Clarkson
875,Staffing Consultant,Percy_Healy5694@ubusive.com,Percy Healy
876,Mobile Developer,Bart_Vince5373@cispeto.com,Bart Vince
877,Software Engineer,Ramon_Garner3258@twace.org,Ramon Garner
878,Retail Trainee,Marvin_Gilbert7180@extex.org,Marvin Gilbert
879,Machine Operator,Tom_Pope5952@twipet.com,Tom Pope
880,Health Educator,Rocco_Harris3854@gembat.biz,Rocco Harris
881,Dentist,Leroy_Nurton7125@acrit.org,Leroy Nurton
882,Fabricator,Ryan_Wood5641@atink.com,Ryan Wood
883,Systems Administrator,Gina_Healy584@typill.biz,Gina Healy
884,Ambulatory Nurse,Peyton_Duvall709@liret.org,Peyton Duvall
885,HR Specialist,Chuck_Matthews7786@supunk.biz,Chuck Matthews
886,Dentist,Logan_Norman4982@cispeto.com,Logan Norman
887,Lecturer,Ellen_Duvall1224@corti.com,Ellen Duvall
888,Chef Manager,Madison_Redfern4875@gembat.biz,Madison Redfern
889,Dentist,Rocco_Parker5088@zorer.org,Rocco Parker
890,Executive Director,Dasha_Mason9180@gembat.biz,Dasha Mason
891,Investment  Advisor,Christine_Skinner9157@acrit.org,Christine Skinner
892,Health Educator,Cassandra_Murphy2752@tonsy.org,Cassandra Murphy
893,Operator,Daron_Vaughn1541@qater.org,Daron Vaughn
894,Baker,Rick_Knight7262@elnee.tech,Rick Knight
895,Call Center Representative,Percy_Bryson9216@bretoux.com,Percy Bryson
896,Insurance Broker,Katelyn_Morris9168@jiman.org,Katelyn Morris
897,CNC Operator,Erick_Richardson5717@famism.biz,Erick Richardson
898,Lecturer,Tom_Burnley7019@tonsy.org,Tom Burnley
899,Service Supervisor,Luke_Redwood2706@muall.tech,Luke Redwood
900,Bellman,Victoria_Isaac7064@qater.org,Victoria Isaac
901,Accountant,Russel_Cann7357@dionrab.com,Russel Cann
902,Design Engineer,Tyson_Nobbs7727@cispeto.com,Tyson Nobbs
903,Retail Trainee,Eduardo_Wright9864@zorer.org,Eduardo Wright
904,Fabricator,Maxwell_Abbot4155@qater.org,Maxwell Abbot
905,Inspector,Bryon_Ross1596@joiniaa.com,Bryon Ross
906,Pharmacist,Bart_Butler669@deavo.com,Bart Butler
907,Production Painter,Taylor_Harrington2587@qater.org,Taylor Harrington
908,Lecturer,Caleb_Cann9997@qater.org,Caleb Cann
909,HR Coordinator,Ramon_Camden2776@fuliss.net,Ramon Camden
910,Food Technologist,Daniel_Yoman291@zorer.org,Daniel Yoman
911,Bellman,Rocco_Vass1465@bulaffy.com,Rocco Vass
912,HR Specialist,Wade_Baker9957@extex.org,Wade Baker
913,Stockbroker,Alan_Cavanagh8019@womeona.net,Alan Cavanagh
914,Software Engineer,Sofie_Martin9850@eirey.tech,Sofie Martin
915,Front Desk Coordinator,Alexander_Hastings5390@deons.tech,Alexander Hastings
916,Health Educator,Jacob_Pearce3157@brety.org,Jacob Pearce
917,Service Supervisor,Russel_Jackson3016@bauros.biz,Russel Jackson
918,Loan Officer,Tyler_Downing3768@tonsy.org,Tyler Downing
919,Doctor,Benjamin_Becker208@bretoux.com,Benjamin Becker
920,Assistant Buyer,Destiny_Mccormick8345@supunk.biz,Destiny Mccormick
921,Cash Manager,Doug_Vinton6373@typill.biz,Doug Vinton
922,HR Specialist,Rihanna_Radcliffe8337@corti.com,Rihanna Radcliffe
923,Budget Analyst,Roger_Sherry3634@mafthy.com,Roger Sherry
924,HR Coordinator,Jasmine_Purvis3896@brety.org,Jasmine Purvis
925,Audiologist,Maxwell_Payne7161@hourpy.biz,Maxwell Payne
926,Bellman,Emerald_Ring9584@deavo.com,Emerald Ring
927,Bookkeeper,Kaylee_Weasley5653@muall.tech,Kaylee Weasley
928,Steward,William_Harrington6488@tonsy.org,William Harrington
929,Investment  Advisor,Louise_Warden5467@twace.org,Louise Warden
930,Physician,Sydney_Osmond7029@extex.org,Sydney Osmond
931,Design Engineer,Aleksandra_Glynn2166@iatim.tech,Aleksandra Glynn
932,CNC Operator,Blake_Isaac853@liret.org,Blake Isaac
933,Cook,Bridget_Jefferson8663@supunk.biz,Bridget Jefferson
934,Cashier,Nick_Wright2906@deons.tech,Nick Wright
935,Staffing Consultant,Luke_Tate7417@brety.org,Luke Tate
936,Doctor,Mary_Fleming6157@nanoff.biz,Mary Fleming
937,Associate Professor,Margaret_Dixon8271@gompie.com,Margaret Dixon
938,Design Engineer,Ema_Leigh14@hourpy.biz,Ema Leigh
939,Health Educator,Paula_Robertson8633@womeona.net,Paula Robertson
940,HR Specialist,Danny_Wren2603@muall.tech,Danny Wren
941,Accountant,Tony_Webster3431@eirey.tech,Tony Webster
942,Mobile Developer,Ron_Raven492@ubusive.com,Ron Raven
943,Physician,Cameron_Bentley8466@muall.tech,Cameron Bentley
944,Operator,Tara_Isaac771@corti.com,Tara Isaac
945,Retail Trainee,Jazmin_Myatt5758@jiman.org,Jazmin Myatt
946,Electrician,Owen_Graves781@tonsy.org,Owen Graves
947,Web Developer,Chuck_Robertson4543@cispeto.com,Chuck Robertson
948,Designer,Manuel_Tennant5538@mafthy.com,Manuel Tennant
949,Restaurant Manager,Chadwick_Edmonds9807@dionrab.com,Chadwick Edmonds
950,Health Educator,Callie_Jeffery6206@hourpy.biz,Callie Jeffery
951,Executive Director,Kamila_Weatcroft4593@irrepsy.com,Kamila Weatcroft
952,Ambulatory Nurse,David_Vass4210@sheye.org,David Vass
953,Dentist,Aiden_Roscoe7240@eirey.tech,Aiden Roscoe
954,Restaurant Manager,Erica_Corbett1558@sveldo.biz,Erica Corbett
955,Doctor,Keira_Payne8150@bretoux.com,Keira Payne
956,Bellman,Johnathan_Rees7779@gembat.biz,Johnathan Rees
957,Treasurer,Phillip_Dale756@kideod.biz,Phillip Dale
958,Electrician,Rae_Norris6511@nickia.com,Rae Norris
959,Mobile Developer,Samantha_Uttley8519@joiniaa.com,Samantha Uttley
960,Staffing Consultant,Estrella_Sawyer3718@fuliss.net,Estrella Sawyer
961,Global Logistics Supervisor,Sienna_Ebden4843@bauros.biz,Sienna Ebden
962,Mobile Developer,Sarah_Antcliff8808@bretoux.com,Sarah Antcliff
963,Assistant Buyer,Sage_Bryant7316@twace.org,Sage Bryant
964,Business Broker,Chelsea_Hamilton228@dionrab.com,Chelsea Hamilton
965,Budget Analyst,Mason_Cattell3619@irrepsy.com,Mason Cattell
966,Biologist,Ron_Anderson214@bungar.biz,Ron Anderson
967,Biologist,Brad_Newton8360@mafthy.com,Brad Newton
968,Health Educator,Liam_Bright7392@gmail.com,Liam Bright
969,Paramedic,Norah_Lunt9173@elnee.tech,Norah Lunt
970,Business Broker,Jamie_Simpson4133@bulaffy.com,Jamie Simpson
971,Ambulatory Nurse,Mason_Dixon6591@cispeto.com,Mason Dixon
972,HR Coordinator,Josh_Swift6558@twipet.com,Josh Swift
973,Healthcare Specialist,Rick_Vollans9106@twace.org,Rick Vollans
974,Laboratory Technician,Cedrick_Warden6334@qater.org,Cedrick Warden
975,Budget Analyst,Boris_Morris4284@brety.org,Boris Morris
976,Systems Administrator,Matt_Brown3501@deavo.com,Matt Brown
977,Project Manager,Marjorie_Robertson7925@zorer.org,Marjorie Robertson
978,Chef Manager,Lucy_Richardson5232@tonsy.org,Lucy Richardson
979,Restaurant Manager,Barney_Campbell1972@nimogy.biz,Barney Campbell
980,Mobile Developer,Hayden_Oswald1323@sheye.org,Hayden Oswald
981,Auditor,Lily_Norton6528@irrepsy.com,Lily Norton
982,Bellman,Hank_Freeburn6757@gembat.biz,Hank Freeburn
983,Banker,Jessica_Janes6108@qater.org,Jessica Janes
984,Associate Professor,Mike_Redwood8468@infotech44.tech,Mike Redwood
985,Machine Operator,Blake_Gordon7112@twace.org,Blake Gordon
986,Fabricator,Remy_Smith5186@bungar.biz,Remy Smith
987,Food Technologist,Vivian_Cobb4653@grannar.com,Vivian Cobb
988,Inspector,Diane_Higgs3890@famism.biz,Diane Higgs
989,Software Engineer,Joseph_Rixon211@tonsy.org,Joseph Rixon
990,Cash Manager,Brad_Ellis1123@deons.tech,Brad Ellis
991,Call Center Representative,Peter_Roman1273@vetan.org,Peter Roman
992,Software Engineer,Celina_Andrews3300@joiniaa.com,Celina Andrews
993,Cashier,Ramon_Vallins477@bauros.biz,Ramon Vallins
994,Physician,Daria_Taylor3686@deons.tech,Daria Taylor
995,Global Logistics Supervisor,Anthony_Jennson8409@sveldo.biz,Anthony Jennson
996,Food Technologist,Liv_Lakey9222@deavo.com,Liv Lakey
997,Production Painter,Fred_Butler2271@twipet.com,Fred Butler
998,Budget Analyst,Chanelle_Amstead8508@bulaffy.com,Chanelle Amstead
999,Webmaster,Jayden_Scott8693@supunk.biz,Jayden Scott
1000,Systems Administrator,Brooklyn_Walker3604@hourpy.biz,Brooklyn Walker

