ID,Job Title,Email Address,FirstName LastName
1,Front Desk Coordinator,Doug_Stanley7174@joiniaa.com,Doug Stanley
2,Service Supervisor,Lynn_Jones1278@muall.tech,Lynn Jones
3,Systems Administrator,Michael_Quinn6586@womeona.net,Michael Quinn
4,Paramedic,Stephanie_Richardson4959@elnee.tech,Stephanie Richardson
5,Assistant Buyer,Doug_Matthews5126@jiman.org,Doug Matthews
6,Web Developer,Makenzie_Gibson8772@nimogy.biz,Makenzie Gibson
7,Inspector,Mike_Martin482@elnee.tech,Mike Martin
8,Auditor,Meredith_Wood1098@mafthy.com,Meredith Wood
9,Loan Officer,Julian_Summers575@nickia.com,Julian Summers
10,Stockbroker,Carrie_Saunders5979@twipet.com,Carrie Saunders
11,Paramedic,Aisha_Penn2510@womeona.net,Aisha Penn
12,Machine Operator,Tyler_Raven2593@extex.org,Tyler Raven
13,Staffing Consultant,Daron_Patel7145@tonsy.org,Daron Patel
14,Chef Manager,Eryn_Cooper3911@extex.org,Eryn Cooper
15,Front Desk Coordinator,Rachael_Watson1377@guentu.biz,Rachael Watson
16,Staffing Consultant,Phillip_Price6708@qater.org,Phillip Price
17,Web Developer,Bob_Wilkinson2485@twace.org,Bob Wilkinson
18,CNC Operator,Mike_Stewart3947@nanoff.biz,Mike Stewart
19,Front Desk Coordinator,Ethan_Willis9053@bauros.biz,Ethan Willis
20,Production Painter,Denny_Shepherd1347@twace.org,Denny Shepherd
21,Design Engineer,Eduardo_Ashley6171@deons.tech,Eduardo Ashley
22,Accountant,Nicholas_Curtis2952@infotech44.tech,Nicholas Curtis
23,Bellman,Leilani_Jacobs4462@jiman.org,Leilani Jacobs
24,Production Painter,Makena_Holmes4282@famism.biz,Makena Holmes
25,Electrician,Hank_Curtis2882@deavo.com,Hank Curtis
26,Insurance Broker,Livia_Kent5104@infotech44.tech,Livia Kent
27,Project Manager,Renee_Hastings2562@acrit.org,Renee Hastings
28,Food Technologist,Javier_Hunt6950@gembat.biz,Javier Hunt
29,Global Logistics Supervisor,Melinda_Sloan8595@atink.com,Melinda Sloan
30,Service Supervisor,Mike_Mann1188@jiman.org,Mike Mann
31,Design Engineer,Javier_Farrell6298@deons.tech,Javier Farrell
32,Banker,Maya_Collis1516@twipet.com,Maya Collis
33,Associate Professor,Rocco_Payne6396@atink.com,Rocco Payne
34,Doctor,Clint_Maxwell6951@tonsy.org,Clint Maxwell
35,Retail Trainee,Alan_Ballard3693@gembat.biz,Alan Ballard
36,Treasurer,Sharon_Richardson3873@deons.tech,Sharon Richardson
37,Baker,Peter_Todd1546@cispeto.com,Peter Todd
38,Baker,Evie_Scott4598@iatim.tech,Evie Scott
39,Healthcare Specialist,Owen_Roscoe5211@yahoo.com,Owen Roscoe
40,Steward,Marigold_Oliver3072@twace.org,Marigold Oliver
41,Food Technologist,Tyson_Waterson7848@cispeto.com,Tyson Waterson
42,Auditor,Harry_Kirby9857@vetan.org,Harry Kirby
43,Physician,Chadwick_Baxter4157@gompie.com,Chadwick Baxter
44,Accountant,Mike_Phillips859@qater.org,Mike Phillips
45,HR Coordinator,Bristol_Ellery671@sheye.org,Bristol Ellery
46,Cashier,Kate_Cork301@mafthy.com,Kate Cork
47,Mobile Developer,Naomi_Gilbert5361@vetan.org,Naomi Gilbert
48,Physician,Henry_Freeburn6655@bauros.biz,Henry Freeburn
49,Designer,Roger_Varndell6873@brety.org,Roger Varndell
50,Executive Director,Phoebe_Graves3739@tonsy.org,Phoebe Graves
51,Audiologist,Alexander_Price4233@liret.org,Alexander Price
52,Staffing Consultant,Nina_Clifford1055@nimogy.biz,Nina Clifford
53,Cash Manager,Candice_Pearce9469@bulaffy.com,Candice Pearce
54,Operator,Regina_Campbell7017@hourpy.biz,Regina Campbell
55,Banker,Brooklyn_Samuel5810@ubusive.com,Brooklyn Samuel
56,Associate Professor,Chloe_Farmer2468@iatim.tech,Chloe Farmer
57,Staffing Consultant,Mona_Morgan8134@hourpy.biz,Mona Morgan
58,Call Center Representative,Mackenzie_Vinton5890@acrit.org,Mackenzie Vinton
59,Design Engineer,Gil_Rycroft9886@bauros.biz,Gil Rycroft
60,Electrician,Kate_Hilton2670@mafthy.com,Kate Hilton
61,Ambulatory Nurse,Lexi_Blythe6092@bauros.biz,Lexi Blythe
62,Biologist,Barry_Hopkins5605@gembat.biz,Barry Hopkins
63,Bellman,Rosa_Morris8593@sveldo.biz,Rosa Morris
64,Front Desk Coordinator,Tess_Tindall2063@hourpy.biz,Tess Tindall
65,Food Technologist,William_Mcguire4808@famism.biz,William Mcguire
66,HR Coordinator,Mason_Vinton869@deavo.com,Mason Vinton
67,Software Engineer,Adalie_Kaur629@sheye.org,Adalie Kaur
68,Laboratory Technician,Nicholas_Walsh8864@ovock.tech,Nicholas Walsh
69,Ambulatory Nurse,Angela_Davies8014@gompie.com,Angela Davies
70,Budget Analyst,Lana_Potts507@qater.org,Lana Potts
71,Physician,Nicholas_Durrant6672@vetan.org,Nicholas Durrant
72,Associate Professor,Gabriel_Gregory3597@twipet.com,Gabriel Gregory
73,Pharmacist,Daniel_Hood7653@acrit.org,Daniel Hood
74,Healthcare Specialist,Mason_Tyler3976@zorer.org,Mason Tyler
75,Insurance Broker,Kimberly_Olson9091@naiker.biz,Kimberly Olson
76,Fabricator,Angelina_Richardson6668@deavo.com,Angelina Richardson
77,Design Engineer,Victoria_Ingham6032@fuliss.net,Victoria Ingham
78,Food Technologist,Amelia_Gordon8380@fuliss.net,Amelia Gordon
79,Doctor,Erick_Martin1418@acrit.org,Erick Martin
80,Treasurer,Payton_Tindall6139@muall.tech,Payton Tindall
81,Physician,Sara_Cadman2455@acrit.org,Sara Cadman
82,Staffing Consultant,Leroy_Norburn7507@elnee.tech,Leroy Norburn
83,Paramedic,Leroy_Tanner2005@bauros.biz,Leroy Tanner
84,Steward,William_Edler3386@gompie.com,William Edler
85,Physician,Cedrick_Durrant3021@eirey.tech,Cedrick Durrant
86,Retail Trainee,Henry_Evans2980@qater.org,Henry Evans
87,Healthcare Specialist,Tom_Adams767@jiman.org,Tom Adams
88,Business Broker,Nate_Roman833@guentu.biz,Nate Roman
89,Clerk,Boris_Lynn5192@bauros.biz,Boris Lynn
90,Inspector,Jacqueline_Brown5330@infotech44.tech,Jacqueline Brown
91,Lecturer,Chester_Lane4463@qater.org,Chester Lane
92,HR Specialist,Bridget_Whatson3335@kideod.biz,Bridget Whatson
93,Electrician,George_Walker7185@gmail.com,George Walker
94,Staffing Consultant,Nicholas_Booth7715@kideod.biz,Nicholas Booth
95,Business Broker,Makenzie_Little2643@qater.org,Makenzie Little
96,Machine Operator,Julian_Becker5540@deavo.com,Julian Becker
97,Audiologist,Eve_Carpenter8164@iatim.tech,Eve Carpenter
98,Business Broker,Clint_Whitehouse1571@nickia.com,Clint Whitehouse
99,Mobile Developer,Megan_Khan8949@hourpy.biz,Megan Khan
100,CNC Operator,Drew_Quinnell8536@typill.biz,Drew Quinnell
101,Dentist,Shannon_Funnell6774@nickia.com,Shannon Funnell
102,Banker,Jack_Warner6899@guentu.biz,Jack Warner
103,Restaurant Manager,Johnathan_Morrow3664@infotech44.tech,Johnathan Morrow
104,CNC Operator,Rose_Wood5657@mafthy.com,Rose Wood
105,Health Educator,Jayden_Hill6750@nickia.com,Jayden Hill
106,CNC Operator,Matthew_Addison7542@qater.org,Matthew Addison
107,Paramedic,Aiden_Farrow9227@gompie.com,Aiden Farrow
108,CNC Operator,Zara_Mann4923@liret.org,Zara Mann
109,Service Supervisor,Alan_Morrow2831@extex.org,Alan Morrow
110,Laboratory Technician,Logan_Richards7314@sveldo.biz,Logan Richards
111,Dentist,Adelaide_Thomson9000@kideod.biz,Adelaide Thomson
112,Executive Director,Emma_Drew9962@gmail.com,Emma Drew
113,Cashier,Eryn_Farrant6713@kideod.biz,Eryn Farrant
114,Global Logistics Supervisor,Sara_Riley4286@gembat.biz,Sara Riley
115,Physician,Makenzie_Henderson5211@supunk.biz,Makenzie Henderson
116,HR Coordinator,Aiden_Wilson4414@irrepsy.com,Aiden Wilson
117,Business Broker,Leroy_Palmer4796@jiman.org,Leroy Palmer
118,Web Developer,Kurt_Umney7579@guentu.biz,Kurt Umney
119,Assistant Buyer,Vivian_Phillips9407@jiman.org,Vivian Phillips
120,Assistant Buyer,Harvey_Patel453@iatim.tech,Harvey Patel
121,Project Manager,Vicky_Taylor6555@sveldo.biz,Vicky Taylor
122,Call Center Representative,Mason_Russell2922@joiniaa.com,Mason Russell
123,Dentist,Carter_Malone7154@typill.biz,Carter Malone
124,Ambulatory Nurse,Logan_Murray6767@elnee.tech,Logan Murray
125,Service Supervisor,Sonya_Carter9723@yahoo.com,Sonya Carter
126,Machine Operator,Hank_Roscoe7782@nickia.com,Hank Roscoe
127,Health Educator,Trisha_Holmes2265@ubusive.com,Trisha Holmes
128,Call Center Representative,Camellia_Patel3482@bulaffy.com,Camellia Patel
129,Production Painter,Evie_Niles4220@gmail.com,Evie Niles
130,Associate Professor,Leanne_Allen7929@bretoux.com,Leanne Allen
131,Doctor,Javier_Ellison7124@supunk.biz,Javier Ellison
132,Cook,Diane_Hooper1001@acrit.org,Diane Hooper
133,Accountant,Nicole_Brown2438@acrit.org,Nicole Brown
134,Cash Manager,Cadence_Forester7230@mafthy.com,Cadence Forester
135,Stockbroker,Marilyn_Stone 6325@elnee.tech,Marilyn Stone 
136,Ambulatory Nurse,Peter_Bryson5146@zorer.org,Peter Bryson
137,Dentist,Anthony_Connor4779@bauros.biz,Anthony Connor
138,Steward,Hope_Mcnally4502@extex.org,Hope Mcnally
139,Webmaster,Enoch_Clarke6203@bungar.biz,Enoch Clarke
140,Call Center Representative,Alessandra_Zaoui9868@ovock.tech,Alessandra Zaoui
141,Health Educator,Henry_Evans3910@sveldo.biz,Henry Evans
142,Baker,Michael_Turner8282@bretoux.com,Michael Turner
143,Pharmacist,Gabriel_Snow7807@sheye.org,Gabriel Snow
144,Fabricator,Joseph_Potter9575@womeona.net,Joseph Potter
145,Health Educator,Manuel_Gordon3236@tonsy.org,Manuel Gordon
146,Lecturer,Tyler_Thompson9279@deavo.com,Tyler Thompson
147,Associate Professor,Penny_Flynn2083@bungar.biz,Penny Flynn
148,Designer,Mason_Tait9699@elnee.tech,Mason Tait
149,Steward,Christy_Amstead5307@jiman.org,Christy Amstead
150,Bookkeeper,Gina_Wilton1824@irrepsy.com,Gina Wilton
151,Clerk,Fred_Varley6769@joiniaa.com,Fred Varley
152,Lecturer,Peter_Osmond6984@cispeto.com,Peter Osmond
153,Treasurer,Leilani_Murray5879@corti.com,Leilani Murray
154,Steward,Cadence_Vangness1491@bulaffy.com,Cadence Vangness
155,Production Painter,Cecilia_Morgan271@elnee.tech,Cecilia Morgan
156,Baker,Daphne_Saunders883@deavo.com,Daphne Saunders
157,Doctor,Melinda_Redden7948@famism.biz,Melinda Redden
158,Fabricator,Priscilla_Dann5173@sveldo.biz,Priscilla Dann
159,Health Educator,Teagan_Pierce3082@irrepsy.com,Teagan Pierce
160,Budget Analyst,Barney_Bolton8078@iatim.tech,Barney Bolton
161,Audiologist,Blake_Ebbs9621@mafthy.com,Blake Ebbs
162,Clerk,Elijah_Noach472@sveldo.biz,Elijah Noach
163,Designer,Kieth_Villiger4399@womeona.net,Kieth Villiger
164,Designer,Kieth_Griffiths6164@elnee.tech,Kieth Griffiths
165,Fabricator,Javier_Mcnally9376@infotech44.tech,Javier Mcnally
166,HR Specialist,Megan_Uttley9750@jiman.org,Megan Uttley
167,Call Center Representative,Marvin_Yoman3877@deons.tech,Marvin Yoman
168,Chef Manager,Sebastian_Long1387@ubusive.com,Sebastian Long
169,Investment  Advisor,Jaylene_Windsor3258@womeona.net,Jaylene Windsor
170,Inspector,Mark_Hale807@zorer.org,Mark Hale
171,Cook,Bryon_Riley8587@deavo.com,Bryon Riley
172,CNC Operator,Manuel_Grant624@bulaffy.com,Manuel Grant
173,Baker,Michaela_Maxwell5631@brety.org,Michaela Maxwell
174,Inspector,Erick_Robinson3074@liret.org,Erick Robinson
175,Cook,Chester_Kelly399@dionrab.com,Chester Kelly
176,Front Desk Coordinator,Shelby_Lynn7736@muall.tech,Shelby Lynn
177,Electrician,Tiffany_Thomson1341@bulaffy.com,Tiffany Thomson
178,IT Support Staff,Charlotte_Kirby9495@eirey.tech,Charlotte Kirby
179,Budget Analyst,Hank_Faulkner4960@elnee.tech,Hank Faulkner
180,Cash Manager,Noah_Giles6263@ovock.tech,Noah Giles
181,Executive Director,Isabella_Whitmore568@typill.biz,Isabella Whitmore
182,Dentist,Hank_Collins2274@twace.org,Hank Collins
183,Designer,Deborah_Holt7783@acrit.org,Deborah Holt
184,Fabricator,Catherine_Chappell1738@liret.org,Catherine Chappell
185,Lecturer,Javier_Evans1933@muall.tech,Javier Evans
186,Audiologist,Tiffany_Plumb619@sheye.org,Tiffany Plumb
187,Baker,Logan_Haines9149@deavo.com,Logan Haines
188,Cash Manager,Nathan_Andrews6857@qater.org,Nathan Andrews
189,Stockbroker,Cynthia_Shaw4332@qater.org,Cynthia Shaw
190,Stockbroker,Michaela_Eastwood8541@ubusive.com,Michaela Eastwood
191,Machine Operator,Julius_Evans3061@gmail.com,Julius Evans
192,Software Engineer,Chris_Allcott8741@bungar.biz,Chris Allcott
193,Retail Trainee,Monica_Reading5348@hourpy.biz,Monica Reading
194,Accountant,Irene_Villiger4706@hourpy.biz,Irene Villiger
195,Cook,Davina_Lynch4367@twace.org,Davina Lynch
196,Software Engineer,Charlotte_Morley1713@deons.tech,Charlotte Morley
197,HR Coordinator,Domenic_Vallins9383@zorer.org,Domenic Vallins
198,Machine Operator,Jane_Blackwall1574@bretoux.com,Jane Blackwall
199,Chef Manager,Jenna_Leigh9977@sheye.org,Jenna Leigh
200,Machine Operator,Aisha_Stevens8387@kideod.biz,Aisha Stevens
201,Restaurant Manager,Drew_Alcroft3005@gompie.com,Drew Alcroft
202,Service Supervisor,Claire_Wallace4773@sheye.org,Claire Wallace
203,Auditor,Rosalee_Jenkins5497@yahoo.com,Rosalee Jenkins
204,Production Painter,Julian_Mitchell8579@zorer.org,Julian Mitchell
205,Call Center Representative,Shay_Gilmore8611@joiniaa.com,Shay Gilmore
206,Designer,Josh_Logan4464@bulaffy.com,Josh Logan
207,Staffing Consultant,Julia_Radcliffe6651@twipet.com,Julia Radcliffe
208,Assistant Buyer,Sebastian_Gray6699@mafthy.com,Sebastian Gray
209,Steward,Clarissa_Johnson2413@bungar.biz,Clarissa Johnson
210,Systems Administrator,Chester_Kelly2987@fuliss.net,Chester Kelly
211,Service Supervisor,Rick_Farrow722@guentu.biz,Rick Farrow
212,Staffing Consultant,Bernadette_Cavanagh9712@iatim.tech,Bernadette Cavanagh
213,Insurance Broker,Russel_Clark6959@qater.org,Russel Clark
214,Executive Director,Payton_Milner2826@infotech44.tech,Payton Milner
215,HR Specialist,Aurelia_London2135@hourpy.biz,Aurelia London
216,Budget Analyst,William_Bennett1687@typill.biz,William Bennett
217,Pharmacist,Kamila_Lowe901@nimogy.biz,Kamila Lowe
218,Investment  Advisor,Ronald_Rigg9287@joiniaa.com,Ronald Rigg
219,Budget Analyst,Joseph_Jarrett7615@corti.com,Joseph Jarrett
220,Bookkeeper,Ethan_Hogg219@gmail.com,Ethan Hogg
221,Doctor,Chris_Stevenson9254@grannar.com,Chris Stevenson
222,Design Engineer,Marie_Mccormick365@gembat.biz,Marie Mccormick
223,Healthcare Specialist,Clint_Morgan419@bulaffy.com,Clint Morgan
224,Executive Director,Marjorie_Veale1069@muall.tech,Marjorie Veale
225,Software Engineer,Jazmin_Norburn1658@ovock.tech,Jazmin Norburn
226,Food Technologist,Michael_Blythe1367@tonsy.org,Michael Blythe
227,CNC Operator,Boris_Johnson6907@jiman.org,Boris Johnson
228,Investment  Advisor,Matt_Boden7840@typill.biz,Matt Boden
229,Insurance Broker,Vanessa_Wren3032@qater.org,Vanessa Wren
230,Associate Professor,Aiden_Skinner5974@muall.tech,Aiden Skinner
231,Chef Manager,Aisha_Slater7207@liret.org,Aisha Slater
232,Design Engineer,Rosalie_Dillon2762@gembat.biz,Rosalie Dillon
233,Webmaster,Maxwell_Little1970@kideod.biz,Maxwell Little
234,Executive Director,Bryon_Stewart8089@bungar.biz,Bryon Stewart
235,Front Desk Coordinator,Tom_Spencer8375@bungar.biz,Tom Spencer
236,Audiologist,Mike_Giles127@liret.org,Mike Giles
237,Lecturer,Carter_Reynolds4127@qater.org,Carter Reynolds
238,Health Educator,Erick_Briggs2210@gmail.com,Erick Briggs
239,Food Technologist,Sadie_Vallins2654@acrit.org,Sadie Vallins
240,Executive Director,Rufus_Pierce3736@zorer.org,Rufus Pierce
241,Bellman,Meredith_Vincent2360@bulaffy.com,Meredith Vincent
242,Staffing Consultant,Bart_Bennett9787@hourpy.biz,Bart Bennett
243,Assistant Buyer,Maxwell_Page 3905@bungar.biz,Maxwell Page 
244,Staffing Consultant,Rocco_Brett8497@bungar.biz,Rocco Brett
245,Retail Trainee,Tania_Morgan5153@nanoff.biz,Tania Morgan
246,Web Developer,Molly_Jackson8592@irrepsy.com,Molly Jackson
247,Bookkeeper,Logan_Gunn2901@twipet.com,Logan Gunn
248,Loan Officer,Cameron_Eyres4815@deons.tech,Cameron Eyres
249,Lecturer,Mark_Coll2180@bulaffy.com,Mark Coll
250,Designer,Chad_Gonzales6116@ovock.tech,Chad Gonzales
251,Laboratory Technician,Leslie_Mcnally7203@guentu.biz,Leslie Mcnally
252,Business Broker,Phoebe_Murray406@corti.com,Phoebe Murray
253,Treasurer,Makenzie_Verdon4354@bulaffy.com,Makenzie Verdon
254,Global Logistics Supervisor,Anais_Boden8578@iatim.tech,Anais Boden
255,IT Support Staff,Enoch_Gates6277@gmail.com,Enoch Gates
256,Pharmacist,Mya_Summers3262@supunk.biz,Mya Summers
257,Insurance Broker,Cameron_Richards251@qater.org,Cameron Richards
258,Front Desk Coordinator,Erick_Lee2097@qater.org,Erick Lee
259,Banker,Chad_Mann4491@liret.org,Chad Mann
260,Software Engineer,Caleb_Flanders1410@zorer.org,Caleb Flanders
261,Electrician,Mark_Reynolds1455@tonsy.org,Mark Reynolds
262,Food Technologist,Chadwick_Burge6026@gembat.biz,Chadwick Burge
263,Service Supervisor,Dorothy_Locke805@extex.org,Dorothy Locke
264,IT Support Staff,Javier_Scott8926@elnee.tech,Javier Scott
265,Mobile Developer,Julius_Robinson9294@sveldo.biz,Julius Robinson
266,Loan Officer,Michael_Dubois3019@yahoo.com,Michael Dubois
267,Staffing Consultant,Maxwell_Logan3611@sheye.org,Maxwell Logan
268,Stockbroker,Leroy_Ulyatt9785@ubusive.com,Leroy Ulyatt
269,Associate Professor,Livia_Alexander2018@sveldo.biz,Livia Alexander
270,IT Support Staff,Melinda_Terry7932@gmail.com,Melinda Terry
271,Cash Manager,Matthew_Young1711@jiman.org,Matthew Young
272,Staffing Consultant,Matthew_Edmonds6191@infotech44.tech,Matthew Edmonds
273,Associate Professor,Maggie_Verdon8288@womeona.net,Maggie Verdon
274,Banker,Kurt_Driscoll4043@muall.tech,Kurt Driscoll
275,Restaurant Manager,Ethan_Pierce1639@ubusive.com,Ethan Pierce
276,Banker,Joy_Seymour3558@qater.org,Joy Seymour
277,Software Engineer,William_Latham4636@ubusive.com,William Latham
278,Chef Manager,Henry_Nurton5818@zorer.org,Henry Nurton
279,Insurance Broker,Eduardo_Gilmore7526@ovock.tech,Eduardo Gilmore
280,Loan Officer,Brad_Spencer377@qater.org,Brad Spencer
281,Retail Trainee,Luke_Weldon8838@bauros.biz,Luke Weldon
282,Cook,Mark_Myatt2997@zorer.org,Mark Myatt
283,Loan Officer,Cynthia_Ellery1487@grannar.com,Cynthia Ellery
284,Healthcare Specialist,Madison_Griffiths1930@joiniaa.com,Madison Griffiths
285,Retail Trainee,Martin_Umney8380@irrepsy.com,Martin Umney
286,HR Specialist,Chuck_Umney9204@bulaffy.com,Chuck Umney
287,Clerk,Ivy_Bradley8463@nanoff.biz,Ivy Bradley
288,Restaurant Manager,Carl_Rodgers5157@jiman.org,Carl Rodgers
289,Audiologist,Anthony_Wheeler7508@twace.org,Anthony Wheeler
290,Service Supervisor,Bob_Harper8541@deavo.com,Bob Harper
291,Audiologist,Lucas_Vinton995@yahoo.com,Lucas Vinton
292,Biologist,Maggie_Anderson3753@yahoo.com,Maggie Anderson
293,Baker,Lauren_Santos6237@irrepsy.com,Lauren Santos
294,Cash Manager,Harriet_Rycroft8036@typill.biz,Harriet Rycroft
295,Fabricator,William_Greenwood5287@guentu.biz,William Greenwood
296,Machine Operator,Clarissa_Bingham9690@gmail.com,Clarissa Bingham
297,Service Supervisor,Denny_Gunn2275@deavo.com,Denny Gunn
298,Project Manager,Luke_Smith8337@qater.org,Luke Smith
299,Project Manager,Sabrina_Irwin8536@corti.com,Sabrina Irwin
300,Global Logistics Supervisor,Roger_Lakey407@supunk.biz,Roger Lakey
301,Software Engineer,Barry_Trent4843@womeona.net,Barry Trent
302,Insurance Broker,Bryon_Miller686@atink.com,Bryon Miller
303,Dentist,Elijah_Yard3260@joiniaa.com,Elijah Yard
304,Fabricator,Brooklyn_Wheeler1739@fuliss.net,Brooklyn Wheeler
305,Front Desk Coordinator,Nathan_Eyres6816@hourpy.biz,Nathan Eyres
306,Healthcare Specialist,Phillip_Harrison4358@typill.biz,Phillip Harrison
307,Front Desk Coordinator,Cecilia_Bell1206@hourpy.biz,Cecilia Bell
308,Call Center Representative,Phillip_Burge1074@yahoo.com,Phillip Burge
309,Steward,Gloria_Underhill2046@liret.org,Gloria Underhill
310,Web Developer,Bob_Mcnally5527@muall.tech,Bob Mcnally
311,Front Desk Coordinator,Barney_Nicholls8405@famism.biz,Barney Nicholls
312,HR Specialist,Ramon_Richardson9600@sveldo.biz,Ramon Richardson
313,Dentist,Harry_Gunn8089@cispeto.com,Harry Gunn
314,Cook,Brad_Larsen413@iatim.tech,Brad Larsen
315,Investment  Advisor,Darlene_Keys2321@ubusive.com,Darlene Keys
316,Front Desk Coordinator,Cristal_Jenkin2400@vetan.org,Cristal Jenkin
317,Chef Manager,Nathan_Thompson1081@irrepsy.com,Nathan Thompson
318,Inspector,Kurt_Warden6590@zorer.org,Kurt Warden
319,Production Painter,Jack_Nicholls9259@ovock.tech,Jack Nicholls
320,Laboratory Technician,Chuck_Lee805@gmail.com,Chuck Lee
321,Inspector,Jocelyn_Crawley6527@deons.tech,Jocelyn Crawley
322,Operator,Ilona_Woodley8359@qater.org,Ilona Woodley
323,Cashier,Scarlett_Kelly1144@nickia.com,Scarlett Kelly
324,Banker,William_Verdon6911@atink.com,William Verdon
325,Mobile Developer,Tess_Jenkin5144@supunk.biz,Tess Jenkin
326,Dentist,Kirsten_Holmes3463@elnee.tech,Kirsten Holmes
327,Web Developer,Carter_Davies523@cispeto.com,Carter Davies
328,Cashier,Marina_Gregory6746@grannar.com,Marina Gregory
329,Web Developer,Mackenzie_Durrant2914@muall.tech,Mackenzie Durrant
330,Machine Operator,Bart_Ripley1891@twace.org,Bart Ripley
331,Banker,Carter_Styles7313@twipet.com,Carter Styles
332,Pharmacist,Gina_Denton3347@irrepsy.com,Gina Denton
333,HR Specialist,Jackeline_Andrews8625@grannar.com,Jackeline Andrews
334,Laboratory Technician,Liliana_Vass6185@liret.org,Liliana Vass
335,Cash Manager,Matt_Lloyd4239@zorer.org,Matt Lloyd
336,Global Logistics Supervisor,Daron_Gilmore8837@corti.com,Daron Gilmore
337,Software Engineer,Tess_Larkin4643@kideod.biz,Tess Larkin
338,Cashier,Hank_Rose7936@joiniaa.com,Hank Rose
339,HR Coordinator,Tyson_Shields5852@nimogy.biz,Tyson Shields
340,Biologist,Sebastian_Bryson1018@jiman.org,Sebastian Bryson
341,Inspector,Liam_Jones5407@bulaffy.com,Liam Jones
342,Restaurant Manager,Rosie_Bennett9833@nanoff.biz,Rosie Bennett
343,Doctor,Leslie_Zaoui339@ubusive.com,Leslie Zaoui
344,Designer,Faith_Edley54@cispeto.com,Faith Edley
345,Associate Professor,Javier_Campbell3710@deavo.com,Javier Campbell
346,Chef Manager,Enoch_Crawley7397@twace.org,Enoch Crawley
347,Investment  Advisor,Kirsten_Leigh6975@twipet.com,Kirsten Leigh
348,Food Technologist,Mya_Talbot3176@zorer.org,Mya Talbot
349,Pharmacist,Denis_Owen4125@infotech44.tech,Denis Owen
350,Production Painter,Henry_Vince6626@eirey.tech,Henry Vince
351,Associate Professor,Hazel_Newton8842@sveldo.biz,Hazel Newton
352,Bellman,Lara_Doherty468@famism.biz,Lara Doherty
353,Global Logistics Supervisor,Maddison_Allington9880@bauros.biz,Maddison Allington
354,Health Educator,Elly_Rowan2160@jiman.org,Elly Rowan
355,Health Educator,Angelique_Clayton1938@nimogy.biz,Angelique Clayton
356,Front Desk Coordinator,Javier_Casey5434@ovock.tech,Javier Casey
357,Baker,Gwen_Savage1041@famism.biz,Gwen Savage
358,Service Supervisor,Janelle_Brock8097@brety.org,Janelle Brock
359,Stockbroker,Russel_Vinton7987@deavo.com,Russel Vinton
360,Insurance Broker,Ally_Varley1567@hourpy.biz,Ally Varley
361,Pharmacist,Janelle_Kaur742@bretoux.com,Janelle Kaur
362,Design Engineer,Jayden_Gordon2799@jiman.org,Jayden Gordon
363,Production Painter,Ada_Durrant7438@supunk.biz,Ada Durrant
364,Global Logistics Supervisor,Domenic_Hunter8195@zorer.org,Domenic Hunter
365,Biologist,Miley_Denton5239@jiman.org,Miley Denton
366,Cashier,Robyn_Wilkinson807@deavo.com,Robyn Wilkinson
367,Design Engineer,Russel_Antcliff1331@bungar.biz,Russel Antcliff
368,Ambulatory Nurse,Mandy_Carpenter7448@womeona.net,Mandy Carpenter
369,Project Manager,Winnie_Drummond5220@elnee.tech,Winnie Drummond
370,Executive Director,Oliver_Hunter2986@atink.com,Oliver Hunter
371,Software Engineer,Oliver_Morris806@bauros.biz,Oliver Morris
372,Baker,Mabel_Everett6952@bretoux.com,Mabel Everett
373,Cook,Tony_Slater3127@nickia.com,Tony Slater
374,CNC Operator,Lynn_Dallas2540@sheye.org,Lynn Dallas
375,Restaurant Manager,Phoebe_Harper2602@sheye.org,Phoebe Harper
376,Cash Manager,Hadley_Jackson856@kideod.biz,Hadley Jackson
377,Laboratory Technician,Freya_Locke8664@infotech44.tech,Freya Locke
378,Bellman,Mary_Underhill8510@bauros.biz,Mary Underhill
379,Assistant Buyer,Rufus_Archer5261@qater.org,Rufus Archer
380,Steward,Daron_Fowler2950@sveldo.biz,Daron Fowler
381,Dentist,Matthew_Dann3710@ovock.tech,Matthew Dann
382,Electrician,Sabrina_Goldsmith2604@irrepsy.com,Sabrina Goldsmith
383,Budget Analyst,Carmella_Little6230@atink.com,Carmella Little
384,Business Broker,Lillian_Wood4516@bretoux.com,Lillian Wood
385,Software Engineer,Sasha_Nielson4083@vetan.org,Sasha Nielson
386,Machine Operator,Russel_Rogan1977@brety.org,Russel Rogan
387,Associate Professor,Oliver_Bullock4400@grannar.com,Oliver Bullock
388,Audiologist,Chad_King5257@bulaffy.com,Chad King
389,Fabricator,Martin_Cunningham5829@gompie.com,Martin Cunningham
390,Restaurant Manager,Nick_Malone5651@hourpy.biz,Nick Malone
391,Global Logistics Supervisor,Wade_Blackwall6781@acrit.org,Wade Blackwall
392,Software Engineer,Daniel_Connell6612@famism.biz,Daniel Connell
393,Doctor,Martin_Mould8369@iatim.tech,Martin Mould
394,Stockbroker,Tyson_Baldwin3150@famism.biz,Tyson Baldwin
395,CNC Operator,Kurt_Simpson4532@atink.com,Kurt Simpson
396,Ambulatory Nurse,Rose_Vane3885@typill.biz,Rose Vane
397,Design Engineer,Payton_Vallory1927@irrepsy.com,Payton Vallory
398,Doctor,Nate_Greenwood7371@elnee.tech,Nate Greenwood
399,Laboratory Technician,Meredith_Dale1338@bauros.biz,Meredith Dale
400,Audiologist,Sofia_Blackwall3304@gembat.biz,Sofia Blackwall
401,Project Manager,Nicholas_Porter7385@liret.org,Nicholas Porter
402,Cook,Cynthia_Faulkner7567@deons.tech,Cynthia Faulkner
403,Dentist,Barney_Grey4099@sveldo.biz,Barney Grey
404,Cashier,Phillip_Randall2435@liret.org,Phillip Randall
405,Budget Analyst,Carina_Collingwood9583@twipet.com,Carina Collingwood
406,Loan Officer,Megan_Rogan2953@deons.tech,Megan Rogan
407,Investment  Advisor,Carrie_Moore4137@cispeto.com,Carrie Moore
408,Banker,Makena_Pond7957@hourpy.biz,Makena Pond
409,HR Coordinator,Rihanna_Myatt2290@eirey.tech,Rihanna Myatt
410,Mobile Developer,Audrey_Payne8480@liret.org,Audrey Payne
411,Production Painter,Penelope_Lane831@bungar.biz,Penelope Lane
412,Auditor,Isabella_Ogilvy6756@nanoff.biz,Isabella Ogilvy
413,Global Logistics Supervisor,Rosa_Murphy6888@fuliss.net,Rosa Murphy
414,CNC Operator,Alice_Savage6535@yahoo.com,Alice Savage
415,Steward,Deborah_Kennedy4389@twace.org,Deborah Kennedy
416,IT Support Staff,Faith_Simmons1221@supunk.biz,Faith Simmons
417,Service Supervisor,Ruby_Russell1475@bauros.biz,Ruby Russell
418,Biologist,Susan_Bradshaw1766@sveldo.biz,Susan Bradshaw
419,Mobile Developer,Percy_Lindsay3851@kideod.biz,Percy Lindsay
420,Mobile Developer,Tony_Nelson7317@ubusive.com,Tony Nelson
421,Machine Operator,Roger_Bright3069@gompie.com,Roger Bright
422,Mobile Developer,Danielle_Stone7653@liret.org,Danielle Stone
423,Cash Manager,Denis_Tait932@ubusive.com,Denis Tait
424,Retail Trainee,Payton_Kelly4485@zorer.org,Payton Kelly
425,Audiologist,Felicity_Snell6517@guentu.biz,Felicity Snell
426,Baker,Ronald_Andersson4984@typill.biz,Ronald Andersson
427,Executive Director,Rick_Craig22@bretoux.com,Rick Craig
428,Treasurer,Tess_Partridge4053@cispeto.com,Tess Partridge
429,Designer,Caleb_Evans136@bulaffy.com,Caleb Evans
430,Design Engineer,Percy_Jones4242@extex.org,Percy Jones
431,Business Broker,Denis_Redwood3695@jiman.org,Denis Redwood
432,Cash Manager,Mavis_Ebden9299@nanoff.biz,Mavis Ebden
433,Electrician,Barney_Armstrong2024@kideod.biz,Barney Armstrong
434,Steward,Willow_Wright2787@supunk.biz,Willow Wright
435,Biologist,Oliver_Riley6074@bretoux.com,Oliver Riley
436,Dentist,Logan_Ebbs61@grannar.com,Logan Ebbs
437,Systems Administrator,Dorothy_Taylor1843@fuliss.net,Dorothy Taylor
438,HR Coordinator,Gemma_Bell9896@nimogy.biz,Gemma Bell
439,Webmaster,Joseph_Stanley8664@zorer.org,Joseph Stanley
440,HR Coordinator,Noah_Ingram9753@acrit.org,Noah Ingram
441,Stockbroker,Mandy_Owen2593@liret.org,Mandy Owen
442,Associate Professor,Emma_Hopkinson2793@ubusive.com,Emma Hopkinson
443,Cash Manager,Valerie_Matthews7076@bungar.biz,Valerie Matthews
444,Design Engineer,Vicky_Fisher5006@gmail.com,Vicky Fisher
445,Stockbroker,Marvin_Allen1887@nickia.com,Marvin Allen
446,Operator,Willow_Parsons3109@eirey.tech,Willow Parsons
447,Food Technologist,Kieth_Downing2665@vetan.org,Kieth Downing
448,HR Specialist,Sabina_Uttridge4566@tonsy.org,Sabina Uttridge
449,HR Specialist,Mark_Thomas5185@deavo.com,Mark Thomas
450,Banker,Rocco_Fox7369@muall.tech,Rocco Fox
451,Accountant,Liam_Thorpe9960@deons.tech,Liam Thorpe
452,Clerk,Ramon_Warden2471@extex.org,Ramon Warden
453,Webmaster,Cassidy_Wright8685@qater.org,Cassidy Wright
454,Software Engineer,Davina_Booth1384@deons.tech,Davina Booth
455,Baker,Marigold_Hobson1982@ubusive.com,Marigold Hobson
456,Project Manager,Elise_Underhill856@joiniaa.com,Elise Underhill
457,Pharmacist,Tyler_Eaton4780@gmail.com,Tyler Eaton
458,Mobile Developer,Marilyn_Brown2571@tonsy.org,Marilyn Brown
459,Global Logistics Supervisor,Allison_Walker6989@ubusive.com,Allison Walker
460,IT Support Staff,Monica_Vince8300@iatim.tech,Monica Vince
461,Service Supervisor,Luke_Oswald4860@famism.biz,Luke Oswald
462,Ambulatory Nurse,Bart_Cooper4084@womeona.net,Bart Cooper
463,Ambulatory Nurse,Nathan_Uttridge66@cispeto.com,Nathan Uttridge
464,Health Educator,Cassandra_Quinn3643@atink.com,Cassandra Quinn
465,Machine Operator,Marie_Underhill4829@grannar.com,Marie Underhill
466,Baker,Ron_Carter5226@infotech44.tech,Ron Carter
467,Webmaster,Ryan_Hooper844@sveldo.biz,Ryan Hooper
468,Paramedic,Boris_Norton4521@atink.com,Boris Norton
469,Staffing Consultant,Kurt_Coll8201@qater.org,Kurt Coll
470,Electrician,Adela_Bryant4552@gmail.com,Adela Bryant
471,Webmaster,Mason_Stuart1294@eirey.tech,Mason Stuart
472,Staffing Consultant,Willow_Amstead7964@atink.com,Willow Amstead
473,Associate Professor,Kendra_Chappell8620@extex.org,Kendra Chappell
474,Chef Manager,Tyler_Oswald7622@liret.org,Tyler Oswald
475,Banker,Mike_Herbert6385@gmail.com,Mike Herbert
476,Retail Trainee,Nathan_Mason9799@deons.tech,Nathan Mason
477,Operator,Rocco_Gilbert8149@liret.org,Rocco Gilbert
478,Inspector,Danny_Wilde1996@kideod.biz,Danny Wilde
479,Food Technologist,Darlene_Campbell5939@acrit.org,Darlene Campbell
480,Banker,Ron_Gaynor6518@bulaffy.com,Ron Gaynor
481,Electrician,Courtney_Wooldridge3456@acrit.org,Courtney Wooldridge
482,Accountant,Tom_Utterson7957@cispeto.com,Tom Utterson
483,Chef Manager,Madison_Bailey8868@qater.org,Madison Bailey
484,Associate Professor,Marilyn_Cavanagh7824@twipet.com,Marilyn Cavanagh
485,Design Engineer,Sasha_Wheeler3912@irrepsy.com,Sasha Wheeler
486,Accountant,Charlotte_Ebden3075@ovock.tech,Charlotte Ebden
487,HR Specialist,Erick_Cavanagh8807@bulaffy.com,Erick Cavanagh
488,Service Supervisor,Sara_Morris7098@sveldo.biz,Sara Morris
489,Cash Manager,Holly_Richards1645@nimogy.biz,Holly Richards
490,HR Specialist,Candace_Santos502@elnee.tech,Candace Santos
491,Business Broker,Oliver_Jacobs3100@nickia.com,Oliver Jacobs
492,Pharmacist,Benny_Flett4158@tonsy.org,Benny Flett
493,Retail Trainee,Jacob_Victor8044@acrit.org,Jacob Victor
494,Cashier,Boris_Edler524@deavo.com,Boris Edler
495,Electrician,Emerald_Lucas8327@sveldo.biz,Emerald Lucas
496,Treasurer,Goldie_Rosenbloom507@womeona.net,Goldie Rosenbloom
497,Machine Operator,Carl_Rixon8801@extex.org,Carl Rixon
498,Banker,Bob_Glass5976@famism.biz,Bob Glass
499,Steward,Sylvia_Bolton8713@cispeto.com,Sylvia Bolton
500,Clerk,Elle_Owens1310@bretoux.com,Elle Owens
501,Banker,Marjorie_Gordon7169@gmail.com,Marjorie Gordon
502,Service Supervisor,Susan_Glass3677@twipet.com,Susan Glass
503,Health Educator,Aisha_Evans1201@brety.org,Aisha Evans
504,Call Center Representative,Javier_Ainsworth634@irrepsy.com,Javier Ainsworth
505,Laboratory Technician,Maggie_Mcneill1973@sheye.org,Maggie Mcneill
506,Cook,Lucas_Walsh3514@atink.com,Lucas Walsh
507,Paramedic,Stephanie_Hale65@twace.org,Stephanie Hale
508,Clerk,Carl_Shaw1046@sveldo.biz,Carl Shaw
509,Food Technologist,Abbey_Yang7819@extex.org,Abbey Yang
510,Healthcare Specialist,Doris_Edler4901@mafthy.com,Doris Edler
511,Loan Officer,Lauren_Utterson9656@eirey.tech,Lauren Utterson
512,Operator,Megan_Jones8156@twace.org,Megan Jones
513,Cash Manager,Peter_Mann7767@irrepsy.com,Peter Mann
514,Executive Director,Molly_Morgan5963@ovock.tech,Molly Morgan
515,Service Supervisor,Jayden_Buckley7109@liret.org,Jayden Buckley
516,Fabricator,Phoebe_Ulyatt4926@womeona.net,Phoebe Ulyatt
517,Global Logistics Supervisor,Ethan_Poulton2165@nanoff.biz,Ethan Poulton
518,Banker,Fred_Chapman7424@gompie.com,Fred Chapman
519,Machine Operator,Kimberly_Swan7589@infotech44.tech,Kimberly Swan
520,Web Developer,Joseph_Nash8038@typill.biz,Joseph Nash
521,Cook,Carl_Varley1300@eirey.tech,Carl Varley
522,Laboratory Technician,Hazel_Varndell1499@typill.biz,Hazel Varndell
523,Accountant,Iris_Walton1427@naiker.biz,Iris Walton
524,Insurance Broker,Lauren_Sylvester4042@kideod.biz,Lauren Sylvester
525,Fabricator,Julian_Taylor7177@nickia.com,Julian Taylor
526,Healthcare Specialist,Morgan_Pratt394@elnee.tech,Morgan Pratt
527,Dentist,Dorothy_Yarlett2310@twipet.com,Dorothy Yarlett
528,Budget Analyst,Janelle_Kelly5851@deons.tech,Janelle Kelly
529,Machine Operator,Domenic_Woods5154@supunk.biz,Domenic Woods
530,Front Desk Coordinator,Johnny_Coleman3713@qater.org,Johnny Coleman
531,Service Supervisor,Britney_Gallacher5854@dionrab.com,Britney Gallacher
532,Bookkeeper,Iris_Rogers3240@sheye.org,Iris Rogers
533,Restaurant Manager,Jack_Stanley3073@gompie.com,Jack Stanley
534,Banker,Lynn_Foxley6515@muall.tech,Lynn Foxley
535,Investment  Advisor,Bryon_Stevenson92@jiman.org,Bryon Stevenson
536,Staffing Consultant,Selena_Rosenbloom7270@nickia.com,Selena Rosenbloom
537,Treasurer,Michael_Kirby9745@bungar.biz,Michael Kirby
538,Software Engineer,Lara_Wright4132@liret.org,Lara Wright
539,Software Engineer,Danny_Stone3647@deavo.com,Danny Stone
540,Executive Director,Janice_Pickard8252@muall.tech,Janice Pickard
541,Doctor,Tania_Sloan1005@deons.tech,Tania Sloan
542,Food Technologist,Alice_Burnley2810@vetan.org,Alice Burnley
543,Healthcare Specialist,Martin_Windsor951@fuliss.net,Martin Windsor
544,Budget Analyst,Isabella_Robertson1879@bungar.biz,Isabella Robertson
545,Systems Administrator,William_Howard2834@twace.org,William Howard
546,Pharmacist,Ethan_James9939@infotech44.tech,Ethan James
547,Global Logistics Supervisor,Bryce_Doherty9197@corti.com,Bryce Doherty
548,Stockbroker,Danielle_Roscoe4728@eirey.tech,Danielle Roscoe
549,IT Support Staff,Cassidy_Riley397@qater.org,Cassidy Riley
550,Bellman,Leanne_Mccormick9090@vetan.org,Leanne Mccormick
551,Design Engineer,Tara_Maxwell2017@yahoo.com,Tara Maxwell
552,Lecturer,Joseph_Thomas9500@eirey.tech,Joseph Thomas
553,Service Supervisor,David_Shepherd5934@gompie.com,David Shepherd
554,Systems Administrator,Tyson_Plumb7701@eirey.tech,Tyson Plumb
555,Project Manager,Adalind_Smith6018@bauros.biz,Adalind Smith
556,Retail Trainee,Martin_Gordon2901@acrit.org,Martin Gordon
557,Accountant,Domenic_Richardson9622@liret.org,Domenic Richardson
558,Project Manager,Marilyn_Booth1580@twipet.com,Marilyn Booth
559,Ambulatory Nurse,Domenic_Upton2147@gompie.com,Domenic Upton
560,Software Engineer,Tom_Verdon7614@infotech44.tech,Tom Verdon
561,Staffing Consultant,Tyson_Butler7191@nickia.com,Tyson Butler
562,HR Specialist,Sadie_Rivers1553@yahoo.com,Sadie Rivers
563,Cash Manager,Felicity_Gray5493@naiker.biz,Felicity Gray
564,Steward,Rick_Stewart5759@ovock.tech,Rick Stewart
565,Budget Analyst,Dakota_Nash2609@jiman.org,Dakota Nash
566,Investment  Advisor,Chris_Taylor7629@nanoff.biz,Chris Taylor
567,Budget Analyst,Tyson_Wilton6442@gembat.biz,Tyson Wilton
568,Machine Operator,Ilona_Coll7677@ovock.tech,Ilona Coll
569,Treasurer,Ethan_Dixon2886@mafthy.com,Ethan Dixon
570,Stockbroker,Henry_Rust8914@cispeto.com,Henry Rust
571,Doctor,Chadwick_Parker3122@gembat.biz,Chadwick Parker
572,Assistant Buyer,Carl_Preston844@ovock.tech,Carl Preston
573,Bellman,Gabriel_Walker8725@dionrab.com,Gabriel Walker
574,Clerk,Laila_Carter2426@famism.biz,Laila Carter
575,Laboratory Technician,Carl_Mcneill9351@typill.biz,Carl Mcneill
576,Design Engineer,Caleb_Booth5231@gompie.com,Caleb Booth
577,Loan Officer,Michael_Norburn5946@deavo.com,Michael Norburn
578,Biologist,Julius_Neal9893@corti.com,Julius Neal
579,Healthcare Specialist,Adalind_Graves5063@ubusive.com,Adalind Graves
580,Associate Professor,Angel_Whatson286@mafthy.com,Angel Whatson
581,Software Engineer,Kate_Addison9290@vetan.org,Kate Addison
582,Auditor,Boris_Neville788@grannar.com,Boris Neville
583,Mobile Developer,Jackeline_Janes905@muall.tech,Jackeline Janes
584,Accountant,Penelope_Cadman6331@ubusive.com,Penelope Cadman
585,Dentist,Oliver_Kennedy7575@infotech44.tech,Oliver Kennedy
586,Auditor,Andie_Larsen4398@ovock.tech,Andie Larsen
587,Call Center Representative,Evie_Pierce9747@muall.tech,Evie Pierce
588,Mobile Developer,Ivy_Robinson4780@womeona.net,Ivy Robinson
589,Restaurant Manager,Maxwell_Woodcock3951@dionrab.com,Maxwell Woodcock
590,Lecturer,Marvin_Sawyer5416@jiman.org,Marvin Sawyer
591,Systems Administrator,Megan_Varndell3118@grannar.com,Megan Varndell
592,Service Supervisor,Bryon_Robinson9564@fuliss.net,Bryon Robinson
593,Doctor,Shay_Mcnally680@gmail.com,Shay Mcnally
594,Electrician,Alexander_Hobbs4277@gembat.biz,Alexander Hobbs
595,Executive Director,Benny_Noon2380@elnee.tech,Benny Noon
596,Electrician,Allison_Stone 90@vetan.org,Allison Stone 
597,Design Engineer,Olivia_Victor1332@jiman.org,Olivia Victor
598,Dentist,Logan_Rosenbloom2462@infotech44.tech,Logan Rosenbloom
599,Bellman,Carl_Rigg9304@bungar.biz,Carl Rigg
600,Associate Professor,Bernadette_Walsh369@famism.biz,Bernadette Walsh
601,Assistant Buyer,Monica_Stone1587@extex.org,Monica Stone
602,Auditor,Barney_Knott2358@twace.org,Barney Knott
603,Staffing Consultant,Logan_Abbot3963@supunk.biz,Logan Abbot
604,Physician,Chelsea_Baxter4753@eirey.tech,Chelsea Baxter
605,Business Broker,Madelyn_Kirby1133@zorer.org,Madelyn Kirby
606,Chef Manager,Abdul_Chapman8423@bauros.biz,Abdul Chapman
607,Paramedic,Caitlyn_Veale893@extex.org,Caitlyn Veale
608,Inspector,Alessia_Quinnell6832@dionrab.com,Alessia Quinnell
609,Loan Officer,Chris_Goldsmith1578@twipet.com,Chris Goldsmith
610,Accountant,Makenzie_Emerson6847@nanoff.biz,Makenzie Emerson
611,Food Technologist,Alice_Power6965@nanoff.biz,Alice Power
612,Dentist,Janelle_Franks6732@sveldo.biz,Janelle Franks
613,Executive Director,Tyson_Sawyer1079@bretoux.com,Tyson Sawyer
614,Staffing Consultant,Selena_Addison3918@bungar.biz,Selena Addison
615,Cook,Francesca_Penn2078@brety.org,Francesca Penn
616,Budget Analyst,Chad_Vane6866@sheye.org,Chad Vane
617,HR Specialist,Nicholas_Walker6454@bauros.biz,Nicholas Walker
618,Systems Administrator,Caleb_Uttley9967@elnee.tech,Caleb Uttley
619,Doctor,Kirsten_Tobin7929@bulaffy.com,Kirsten Tobin
620,Staffing Consultant,Ron_Donnelly4137@ovock.tech,Ron Donnelly
621,Bellman,George_Mann3818@eirey.tech,George Mann
622,Front Desk Coordinator,Gladys_Price1463@tonsy.org,Gladys Price
623,Investment  Advisor,Norah_Herbert1040@kideod.biz,Norah Herbert
624,Project Manager,Chuck_Robertson9@infotech44.tech,Chuck Robertson
625,Treasurer,Emerald_Fields5689@corti.com,Emerald Fields
626,CNC Operator,Maxwell_Logan8314@gembat.biz,Maxwell Logan
627,Inspector,Belinda_Moore1010@yahoo.com,Belinda Moore
628,Cashier,Juliette_Freeburn7717@bretoux.com,Juliette Freeburn
629,Banker,Mark_Knight6886@gembat.biz,Mark Knight
630,Retail Trainee,Celina_Oswald8078@acrit.org,Celina Oswald
631,Executive Director,Leslie_Whittle3088@qater.org,Leslie Whittle
632,Audiologist,Maggie_Anderson4391@guentu.biz,Maggie Anderson
633,Budget Analyst,Denis_Kaur6946@muall.tech,Denis Kaur
634,Project Manager,Carter_Griffiths578@brety.org,Carter Griffiths
635,Banker,Ronald_Boyle7455@bungar.biz,Ronald Boyle
636,Health Educator,Carissa_Wilton3230@kideod.biz,Carissa Wilton
637,Call Center Representative,Eryn_Windsor4580@famism.biz,Eryn Windsor
638,Clerk,Iris_Woods7462@bauros.biz,Iris Woods
639,Budget Analyst,Roger_Veale2161@gmail.com,Roger Veale
640,Auditor,Janice_Oatway8283@jiman.org,Janice Oatway
641,Steward,Rufus_Lloyd5728@nimogy.biz,Rufus Lloyd
642,Auditor,Peter_Mccall2153@ubusive.com,Peter Mccall
643,Staffing Consultant,Lauren_Upton6486@naiker.biz,Lauren Upton
644,Assistant Buyer,Jack_Farrell3017@famism.biz,Jack Farrell
645,Operator,Helen_Milner1803@extex.org,Helen Milner
646,Fabricator,Noah_Janes3412@nickia.com,Noah Janes
647,Systems Administrator,Elena_Connell1205@nimogy.biz,Elena Connell
648,Call Center Representative,Benjamin_Wade6140@liret.org,Benjamin Wade
649,Clerk,Marie_Ward5563@nanoff.biz,Marie Ward
650,Budget Analyst,Anthony_Upton4253@guentu.biz,Anthony Upton
651,Systems Administrator,John_Dillon4403@extex.org,John Dillon
652,Front Desk Coordinator,Claire_Hall4714@corti.com,Claire Hall
653,Stockbroker,Joseph_Andrews368@joiniaa.com,Joseph Andrews
654,Machine Operator,Renee_Griffiths6228@tonsy.org,Renee Griffiths
655,Fabricator,Esmeralda_Herbert8799@qater.org,Esmeralda Herbert
656,Stockbroker,William_Roscoe4396@deavo.com,William Roscoe
657,Cook,Leilani_Bryson3997@elnee.tech,Leilani Bryson
658,Assistant Buyer,Candice_Lane789@deavo.com,Candice Lane
659,Systems Administrator,Cassidy_Brooks5891@brety.org,Cassidy Brooks
660,Loan Officer,Samantha_Rodwell564@fuliss.net,Samantha Rodwell
661,Bookkeeper,Isabel_Hancock6991@sheye.org,Isabel Hancock
662,Ambulatory Nurse,Nicholas_Thomson8195@bretoux.com,Nicholas Thomson
663,Executive Director,Kieth_Ellwood4210@vetan.org,Kieth Ellwood
664,Global Logistics Supervisor,Carina_Hamilton4288@sveldo.biz,Carina Hamilton
665,Dentist,Rufus_Lomax9127@twace.org,Rufus Lomax
666,Baker,Caleb_Chapman7303@naiker.biz,Caleb Chapman
667,CNC Operator,Ronald_Ballard4507@infotech44.tech,Ronald Ballard
668,Lecturer,Monica_Chester3132@irrepsy.com,Monica Chester
669,Audiologist,Domenic_Gregory3929@jiman.org,Domenic Gregory
670,Cashier,Emerald_Purvis1536@brety.org,Emerald Purvis
671,Retail Trainee,Britney_Flett2112@acrit.org,Britney Flett
672,Designer,Sloane_Camden445@atink.com,Sloane Camden
673,Biologist,Ellen_Allen8970@nimogy.biz,Ellen Allen
674,Operator,Davina_Gilbert3027@grannar.com,Davina Gilbert
675,Loan Officer,Roger_Neal5912@gompie.com,Roger Neal
676,HR Coordinator,Kieth_Ballard9734@bauros.biz,Kieth Ballard
677,Treasurer,Vivian_Price6990@bauros.biz,Vivian Price
678,Executive Director,Karla_Whinter4919@hourpy.biz,Karla Whinter
679,Biologist,Daron_Clayton5965@joiniaa.com,Daron Clayton
680,Cashier,Keira_Vaughn6154@kideod.biz,Keira Vaughn
681,HR Specialist,Logan_Allen4243@liret.org,Logan Allen
682,Physician,Ciara_Niles5374@corti.com,Ciara Niles
683,Executive Director,Brad_Camden5783@qater.org,Brad Camden
684,Chef Manager,Percy_Stark1840@gmail.com,Percy Stark
685,Doctor,Ruth_Tutton3333@irrepsy.com,Ruth Tutton
686,Healthcare Specialist,George_Heaton5030@qater.org,George Heaton
687,Production Painter,Ruth_Dubois6038@twace.org,Ruth Dubois
688,Design Engineer,Bart_Villiger5605@sveldo.biz,Bart Villiger
689,Physician,Raquel_Tanner5397@sheye.org,Raquel Tanner
690,Assistant Buyer,Jack_Pickard9062@bretoux.com,Jack Pickard
691,Investment  Advisor,Havana_Dixon5222@joiniaa.com,Havana Dixon
692,Physician,Tom_Fulton3765@typill.biz,Tom Fulton
693,Mobile Developer,Ramon_Niles6641@guentu.biz,Ramon Niles
694,Assistant Buyer,Gladys_Edley3921@bulaffy.com,Gladys Edley
695,Design Engineer,Penny_Tailor3444@nimogy.biz,Penny Tailor
696,CNC Operator,Benjamin_Knight1186@brety.org,Benjamin Knight
697,Fabricator,Maya_Ashwell9967@muall.tech,Maya Ashwell
698,Investment  Advisor,Tony_Cowan5078@qater.org,Tony Cowan
699,Inspector,Miley_Stubbs9146@tonsy.org,Miley Stubbs
700,Associate Professor,Boris_Rust9275@zorer.org,Boris Rust
701,Call Center Representative,Penny_Henderson9041@womeona.net,Penny Henderson
702,Banker,Russel_Bell1670@irrepsy.com,Russel Bell
703,Insurance Broker,Elle_Larkin7235@cispeto.com,Elle Larkin
704,Loan Officer,Kieth_Cooper2350@hourpy.biz,Kieth Cooper
705,HR Specialist,Caleb_Robinson3250@muall.tech,Caleb Robinson
706,Baker,Chester_Oakley6717@corti.com,Chester Oakley
707,Production Painter,Brad_Rodwell3754@nimogy.biz,Brad Rodwell
708,Treasurer,Chad_Flanders6152@jiman.org,Chad Flanders
709,Systems Administrator,Aurelia_Williams3580@kideod.biz,Aurelia Williams
710,Investment  Advisor,Lara_Ianson9566@gembat.biz,Lara Ianson
711,Web Developer,Camila_Lunt4342@guentu.biz,Camila Lunt
712,Loan Officer,Caydence_Owen4151@jiman.org,Caydence Owen
713,Bookkeeper,Michael_Evans518@fuliss.net,Michael Evans
714,Staffing Consultant,Clint_Andrews1407@elnee.tech,Clint Andrews
715,Dentist,Fred_Reynolds3421@supunk.biz,Fred Reynolds
716,Stockbroker,Rhea_Ogilvy709@acrit.org,Rhea Ogilvy
717,Electrician,Mark_Rose3639@tonsy.org,Mark Rose
718,Steward,Miley_Brooks6335@infotech44.tech,Miley Brooks
719,Audiologist,Macy_Grey1474@mafthy.com,Macy Grey
720,Executive Director,Emmanuelle_Scott5887@eirey.tech,Emmanuelle Scott
721,Retail Trainee,Ema_Baldwin3691@kideod.biz,Ema Baldwin
722,Systems Administrator,Oliver_Collins6301@kideod.biz,Oliver Collins
723,Bookkeeper,Harry_Hilton9791@guentu.biz,Harry Hilton
724,Fabricator,Fiona_Cobb7855@guentu.biz,Fiona Cobb
725,Audiologist,Wade_Hogg8523@vetan.org,Wade Hogg
726,Audiologist,Henry_Woodley8960@irrepsy.com,Henry Woodley
727,Systems Administrator,Hayden_Wright1426@bauros.biz,Hayden Wright
728,Bookkeeper,Analise_Wallace520@womeona.net,Analise Wallace
729,Mobile Developer,Blake_Roberts7255@sveldo.biz,Blake Roberts
730,Designer,Bryon_Kennedy5978@iatim.tech,Bryon Kennedy
731,Cash Manager,Ruth_Norris5841@sveldo.biz,Ruth Norris
732,Staffing Consultant,Ethan_Corbett1633@zorer.org,Ethan Corbett
733,Cashier,Erick_Giles3727@atink.com,Erick Giles
734,Project Manager,Kimberly_Becker8557@bauros.biz,Kimberly Becker
735,Operator,Monica_Cassidy2440@yahoo.com,Monica Cassidy
736,Health Educator,Ramon_Shepherd7345@extex.org,Ramon Shepherd
737,Lecturer,Marina_Norris8859@bretoux.com,Marina Norris
738,Chef Manager,Rosemary_Welsch2468@nimogy.biz,Rosemary Welsch
739,Fabricator,Ethan_Morrison51@vetan.org,Ethan Morrison
740,Doctor,Nina_Vane9725@twipet.com,Nina Vane
741,Insurance Broker,Barry_Amstead8562@irrepsy.com,Barry Amstead
742,Retail Trainee,Sage_Walton4894@bauros.biz,Sage Walton
743,Service Supervisor,Phillip_Burge3918@gompie.com,Phillip Burge
744,Electrician,Benjamin_Benfield1205@sheye.org,Benjamin Benfield
745,Loan Officer,Katelyn_Burge8802@infotech44.tech,Katelyn Burge
746,Treasurer,Greta_Gunn4675@bretoux.com,Greta Gunn
747,Health Educator,Kurt_Butler5073@irrepsy.com,Kurt Butler
748,Dentist,Hayden_Rodgers861@yahoo.com,Hayden Rodgers
749,Fabricator,Alessandra_Scott2474@muall.tech,Alessandra Scott
750,Lecturer,Anthony_Wright376@supunk.biz,Anthony Wright
751,Treasurer,Nate_Dowson7522@irrepsy.com,Nate Dowson
752,Pharmacist,Logan_Upton9010@brety.org,Logan Upton
753,Fabricator,Sara_Tait6932@brety.org,Sara Tait
754,Design Engineer,Ryan_Poulton3966@joiniaa.com,Ryan Poulton
755,Assistant Buyer,Peyton_Preston8597@brety.org,Peyton Preston
756,Chef Manager,Julius_Cavanagh8426@sheye.org,Julius Cavanagh
757,Retail Trainee,Aiden_Groves6342@nickia.com,Aiden Groves
758,Laboratory Technician,Bethany_Jenkin7629@cispeto.com,Bethany Jenkin
759,Cashier,Marina_Uttley8395@jiman.org,Marina Uttley
760,Machine Operator,Nicholas_Jackson4611@deons.tech,Nicholas Jackson
761,Systems Administrator,Kenzie_Graves2655@supunk.biz,Kenzie Graves
762,Mobile Developer,Sonya_Scott1043@elnee.tech,Sonya Scott
763,Laboratory Technician,Ember_Umney7205@bretoux.com,Ember Umney
764,Investment  Advisor,Benny_Nielson6542@irrepsy.com,Benny Nielson
765,Loan Officer,Alexia_Rowlands7510@joiniaa.com,Alexia Rowlands
766,Webmaster,Doris_Bradley9589@ubusive.com,Doris Bradley
767,Assistant Buyer,Renee_Dallas6952@twipet.com,Renee Dallas
768,Healthcare Specialist,Carissa_Lambert3505@elnee.tech,Carissa Lambert
769,Investment  Advisor,George_Harris7086@twace.org,George Harris
770,Bookkeeper,Alan_Willson5410@infotech44.tech,Alan Willson
771,Investment  Advisor,Havana_Villiger2710@nickia.com,Havana Villiger
772,Assistant Buyer,Benny_Holt1951@mafthy.com,Benny Holt
773,Restaurant Manager,Gabriel_Edwards4517@nimogy.biz,Gabriel Edwards
774,Banker,Melinda_Rigg7953@dionrab.com,Melinda Rigg
775,Steward,Jolene_Addis3976@gmail.com,Jolene Addis
776,Lecturer,Cadence_Graves4666@fuliss.net,Cadence Graves
777,Baker,Bryce_Phillips485@jiman.org,Bryce Phillips
778,Baker,Bryon_Stevens3238@ubusive.com,Bryon Stevens
779,Insurance Broker,Roger_Walsh7679@womeona.net,Roger Walsh
780,Assistant Buyer,Elise_Corbett3397@extex.org,Elise Corbett
781,Clerk,Eryn_Chapman9823@zorer.org,Eryn Chapman
782,Retail Trainee,Gil_Wade5584@bungar.biz,Gil Wade
783,Executive Director,Nick_Villiger4577@typill.biz,Nick Villiger
784,Paramedic,Danny_Hamilton8835@womeona.net,Danny Hamilton
785,Restaurant Manager,Amelia_Aldridge6770@grannar.com,Amelia Aldridge
786,Retail Trainee,Noah_Gibson8640@eirey.tech,Noah Gibson
787,Steward,Ivy_Morrow8042@naiker.biz,Ivy Morrow
788,Biologist,Sonya_Woods3230@liret.org,Sonya Woods
789,Paramedic,Gladys_Lloyd2397@deons.tech,Gladys Lloyd
790,Production Painter,Marina_Campbell764@tonsy.org,Marina Campbell
791,Designer,Chuck_Wood7002@ubusive.com,Chuck Wood
792,Global Logistics Supervisor,Josh_Wilton1489@gmail.com,Josh Wilton
793,Global Logistics Supervisor,Stella_Baker9745@nimogy.biz,Stella Baker
794,Health Educator,Ethan_Sheldon9655@acrit.org,Ethan Sheldon
795,Electrician,Jaylene_Mccormick2485@cispeto.com,Jaylene Mccormick
796,Designer,Lucy_Mcguire3051@sveldo.biz,Lucy Mcguire
797,Front Desk Coordinator,Russel_Watt4570@infotech44.tech,Russel Watt
798,Audiologist,Jazmin_Redfern8256@brety.org,Jazmin Redfern
799,Auditor,Chris_Dempsey7953@infotech44.tech,Chris Dempsey
800,Insurance Broker,Anne_Kelly1826@brety.org,Anne Kelly
801,Baker,Macy_Mason5700@joiniaa.com,Macy Mason
802,Stockbroker,Leroy_King8114@fuliss.net,Leroy King
803,Electrician,Julius_Cameron7030@eirey.tech,Julius Cameron
804,Front Desk Coordinator,Aiden_Parker9356@hourpy.biz,Aiden Parker
805,Executive Director,Celia_Dann2540@twipet.com,Celia Dann
806,Executive Director,Carla_Vincent6444@gembat.biz,Carla Vincent
807,Laboratory Technician,Greta_Harper3616@extex.org,Greta Harper
808,HR Coordinator,Aleksandra_Ogilvy5886@cispeto.com,Aleksandra Ogilvy
809,Fabricator,Barney_Samuel9813@infotech44.tech,Barney Samuel
810,Assistant Buyer,Makena_Jones2286@mafthy.com,Makena Jones
811,HR Coordinator,Paula_Gonzales5351@bretoux.com,Paula Gonzales
812,Machine Operator,Ryan_Boyle5697@brety.org,Ryan Boyle
813,Systems Administrator,Greta_Ross4999@acrit.org,Greta Ross
814,Operator,Alexander_Tailor4696@ovock.tech,Alexander Tailor
815,Cook,Kendra_Whinter3324@bulaffy.com,Kendra Whinter
816,Electrician,Ethan_Allwood3226@fuliss.net,Ethan Allwood
817,Web Developer,Tyler_Thatcher127@muall.tech,Tyler Thatcher
818,Designer,Kate_Thorpe4823@dionrab.com,Kate Thorpe
819,Clerk,Bob_Fenton380@liret.org,Bob Fenton
820,Retail Trainee,Rocco_Robe7631@guentu.biz,Rocco Robe
821,Laboratory Technician,Mayleen_Wilson3915@corti.com,Mayleen Wilson
822,Chef Manager,Brad_Stone 936@jiman.org,Brad Stone 
823,Associate Professor,Marie_Walton3759@gompie.com,Marie Walton
824,Paramedic,Rocco_Yarwood3959@hourpy.biz,Rocco Yarwood
825,Treasurer,Luke_Ingram7239@famism.biz,Luke Ingram
826,Cash Manager,Natalie_Booth4699@elnee.tech,Natalie Booth
827,Call Center Representative,Freya_Morris9126@muall.tech,Freya Morris
828,Banker,Chester_Vallory8759@extex.org,Chester Vallory
829,Global Logistics Supervisor,Gabriel_Neal5296@ubusive.com,Gabriel Neal
830,Restaurant Manager,Emerald_Simpson3518@bauros.biz,Emerald Simpson
831,Project Manager,Rosemary_Nash4725@deons.tech,Rosemary Nash
832,Clerk,Jocelyn_Antcliff3091@famism.biz,Jocelyn Antcliff
833,Food Technologist,David_Attwood5039@muall.tech,David Attwood
834,HR Coordinator,Bob_Wild3569@iatim.tech,Bob Wild
835,Laboratory Technician,Roger_Fowler9104@elnee.tech,Roger Fowler
836,Webmaster,Kaylee_Gregory6567@eirey.tech,Kaylee Gregory
837,Investment  Advisor,Luke_Cattell3475@eirey.tech,Luke Cattell
838,Ambulatory Nurse,Mason_Collis6970@sveldo.biz,Mason Collis
839,HR Coordinator,Tiffany_Button8898@deons.tech,Tiffany Button
840,Steward,Miriam_Asher2080@liret.org,Miriam Asher
841,Front Desk Coordinator,Piper_Howard7017@gembat.biz,Piper Howard
842,Cash Manager,Jacob_Overson3854@joiniaa.com,Jacob Overson
843,Ambulatory Nurse,Sasha_Robinson6542@twace.org,Sasha Robinson
844,Loan Officer,Alexa_Huggins790@deavo.com,Alexa Huggins
845,Inspector,Lucy_Rogan6973@eirey.tech,Lucy Rogan
846,Bookkeeper,Kieth_Tanner6379@gembat.biz,Kieth Tanner
847,Systems Administrator,Doris_Cameron1658@extex.org,Doris Cameron
848,Laboratory Technician,Lily_Young9837@muall.tech,Lily Young
849,Systems Administrator,Barney_Rehman3355@extex.org,Barney Rehman
850,Production Painter,Hank_Murray8058@deavo.com,Hank Murray
851,Operator,Jacqueline_Boyle4394@bauros.biz,Jacqueline Boyle
852,Healthcare Specialist,Mark_Roberts2253@muall.tech,Mark Roberts
853,Biologist,Boris_Addis3044@gmail.com,Boris Addis
854,Production Painter,Faith_Lee6758@ovock.tech,Faith Lee
855,Auditor,Chris_King6274@infotech44.tech,Chris King
856,Ambulatory Nurse,Bart_Mills2466@naiker.biz,Bart Mills
857,Project Manager,Tess_Payne8251@yahoo.com,Tess Payne
858,HR Specialist,Nicholas_Walker1442@acrit.org,Nicholas Walker
859,Stockbroker,Gemma_Doherty1092@fuliss.net,Gemma Doherty
860,Webmaster,Marvin_Hastings497@joiniaa.com,Marvin Hastings
861,Staffing Consultant,Davina_Notman3461@zorer.org,Davina Notman
862,Business Broker,Gil_Tanner7570@twipet.com,Gil Tanner
863,Call Center Representative,Nick_Ashwell2044@jiman.org,Nick Ashwell
864,Associate Professor,Melania_Forester1620@bauros.biz,Melania Forester
865,Designer,Jaylene_Larsen5490@ovock.tech,Jaylene Larsen
866,Web Developer,Ruth_Holt3023@gompie.com,Ruth Holt
867,Software Engineer,Gil_Cameron4230@supunk.biz,Gil Cameron
868,Mobile Developer,Aiden_Avery3341@nanoff.biz,Aiden Avery
869,Executive Director,Helen_Booth7247@corti.com,Helen Booth
870,Web Developer,Jack_Andrews2888@infotech44.tech,Jack Andrews
871,Health Educator,Rick_Vallory5183@mafthy.com,Rick Vallory
872,Systems Administrator,Fred_Jeffery6699@deavo.com,Fred Jeffery
873,Loan Officer,Harvey_Butler4793@gembat.biz,Harvey Butler
874,Biologist,Eden_James6769@ovock.tech,Eden James
875,Cook,Peter_Emmett6365@mafthy.com,Peter Emmett
876,CNC Operator,Denis_Walsh713@liret.org,Denis Walsh
877,Executive Director,Ellen_Needham6869@supunk.biz,Ellen Needham
878,Designer,Analise_Windsor2004@twace.org,Analise Windsor
879,Cook,Nate_Holmes3378@dionrab.com,Nate Holmes
880,Operator,Jack_Eddison179@twace.org,Jack Eddison
881,Audiologist,Eden_Maxwell4292@womeona.net,Eden Maxwell
882,Associate Professor,Logan_Cartwright1974@joiniaa.com,Logan Cartwright
883,Baker,Celina_Walton5959@grannar.com,Celina Walton
884,Auditor,Davina_Bowen5159@sveldo.biz,Davina Bowen
885,Clerk,Lara_Wilson3290@muall.tech,Lara Wilson
886,Treasurer,Rufus_Vass2901@atink.com,Rufus Vass
887,Auditor,Elijah_Connell4736@deons.tech,Elijah Connell
888,Laboratory Technician,Marvin_Hill5786@nickia.com,Marvin Hill
889,CNC Operator,Bryon_Lewis4341@zorer.org,Bryon Lewis
890,Service Supervisor,Sonya_Glynn2496@ubusive.com,Sonya Glynn
891,Auditor,Barney_Crawford3267@cispeto.com,Barney Crawford
892,Chef Manager,Zoe_Douglas4047@brety.org,Zoe Douglas
893,Cashier,Ivy_Vollans4986@tonsy.org,Ivy Vollans
894,Call Center Representative,Audrey_Pitt6088@typill.biz,Audrey Pitt
895,Baker,Enoch_Hunter7317@gompie.com,Enoch Hunter
896,HR Coordinator,Maia_Pratt9778@twipet.com,Maia Pratt
897,Banker,Catherine_Walker7990@sheye.org,Catherine Walker
898,HR Coordinator,Crystal_Garcia5641@zorer.org,Crystal Garcia
899,Project Manager,Chloe_Simpson1097@ovock.tech,Chloe Simpson
900,HR Specialist,Rosemary_Redwood3821@grannar.com,Rosemary Redwood
901,Investment  Advisor,Alan_Bolton3315@womeona.net,Alan Bolton
902,Clerk,Cadence_Rehman7633@grannar.com,Cadence Rehman
903,Fabricator,Jacob_Flett8234@famism.biz,Jacob Flett
904,Associate Professor,Marvin_Connell2804@tonsy.org,Marvin Connell
905,Inspector,Rihanna_Rixon5698@elnee.tech,Rihanna Rixon
906,Systems Administrator,George_Hill1109@bauros.biz,George Hill
907,Loan Officer,Matthew_Thompson4463@gmail.com,Matthew Thompson
908,Baker,Clarissa_Burge3292@nickia.com,Clarissa Burge
909,Production Painter,Alessia_Strong483@iatim.tech,Alessia Strong
910,Chef Manager,Marjorie_Flanders8551@infotech44.tech,Marjorie Flanders
911,Bellman,Matthew_Marshall4430@deons.tech,Matthew Marshall
912,Designer,Adelaide_Long2671@tonsy.org,Adelaide Long
913,Project Manager,Sara_Wood6213@bretoux.com,Sara Wood
914,Restaurant Manager,Sharon_Appleton278@irrepsy.com,Sharon Appleton
915,Accountant,Barney_Harrington620@bungar.biz,Barney Harrington
916,Investment  Advisor,Elijah_Corbett1052@twace.org,Elijah Corbett
917,Mobile Developer,Marilyn_Ralph1220@qater.org,Marilyn Ralph
918,Laboratory Technician,Rufus_Denton8755@twace.org,Rufus Denton
919,Food Technologist,Barry_Sanchez3986@brety.org,Barry Sanchez
920,Cashier,Jane_Olson4186@mafthy.com,Jane Olson
921,Inspector,Ron_Jones5655@twace.org,Ron Jones
922,Treasurer,Rocco_Dyson2411@guentu.biz,Rocco Dyson
923,Pharmacist,Mark_Jeffery2461@elnee.tech,Mark Jeffery
924,Baker,Esmeralda_Collingwood5522@bungar.biz,Esmeralda Collingwood
925,Fabricator,Lana_Vincent8623@gembat.biz,Lana Vincent
926,Inspector,Sebastian_Eaton9176@nimogy.biz,Sebastian Eaton
927,Banker,Allison_Rehman7816@ovock.tech,Allison Rehman
928,Mobile Developer,Angelica_Richardson5555@tonsy.org,Angelica Richardson
929,Food Technologist,Tyler_Hill6657@brety.org,Tyler Hill
930,Stockbroker,Camila_Simpson5789@vetan.org,Camila Simpson
931,Inspector,Brad_Lomax7480@famism.biz,Brad Lomax
932,Baker,Rosalee_Exton9641@cispeto.com,Rosalee Exton
933,HR Coordinator,Hannah_Kennedy1572@ovock.tech,Hannah Kennedy
934,IT Support Staff,Maria_Ward1544@typill.biz,Maria Ward
935,Ambulatory Nurse,Davina_Wright5651@joiniaa.com,Davina Wright
936,Associate Professor,Gina_Vernon6151@qater.org,Gina Vernon
937,Investment  Advisor,Carol_Fleming1576@bauros.biz,Carol Fleming
938,Clerk,Estrella_Fox7639@jiman.org,Estrella Fox
939,Doctor,Joseph_Healy2843@brety.org,Joseph Healy
940,Designer,Josephine_Wood3575@fuliss.net,Josephine Wood
941,Baker,Noemi_Jenkins2043@deavo.com,Noemi Jenkins
942,Insurance Broker,Elena_Steer4712@joiniaa.com,Elena Steer
943,Accountant,Ethan_Willson5655@atink.com,Ethan Willson
944,Auditor,Moira_Bowen697@zorer.org,Moira Bowen
945,Inspector,Barney_Roth2422@tonsy.org,Barney Roth
946,Fabricator,Aurelia_Hogg598@fuliss.net,Aurelia Hogg
947,HR Specialist,Vera_Cann7151@bulaffy.com,Vera Cann
948,Dentist,Carissa_Veale5414@deons.tech,Carissa Veale
949,Bellman,Roger_Lambert5789@acrit.org,Roger Lambert
950,Laboratory Technician,Jane_Bell4966@bretoux.com,Jane Bell
951,Chef Manager,Martin_Devonport5582@supunk.biz,Martin Devonport
952,Bookkeeper,Fiona_Middleton6551@gembat.biz,Fiona Middleton
953,Mobile Developer,Bart_Benson2517@sheye.org,Bart Benson
954,Physician,Mara_Dale4044@qater.org,Mara Dale
955,Cash Manager,Irene_Kennedy7849@qater.org,Irene Kennedy
956,Cook,Anthony_Ingham348@ovock.tech,Anthony Ingham
957,Paramedic,Joseph_Fields3893@nimogy.biz,Joseph Fields
958,Ambulatory Nurse,Livia_Pratt592@brety.org,Livia Pratt
959,Ambulatory Nurse,Ethan_Jones140@grannar.com,Ethan Jones
960,Physician,Ron_Marshall9565@zorer.org,Ron Marshall
961,Design Engineer,Caitlyn_Rowan2689@bungar.biz,Caitlyn Rowan
962,Stockbroker,Chadwick_Stevens9960@deavo.com,Chadwick Stevens
963,Project Manager,Erick_Quinton7966@womeona.net,Erick Quinton
964,Laboratory Technician,Martin_Walsh4863@zorer.org,Martin Walsh
965,Inspector,Abbey_Vinton5018@ubusive.com,Abbey Vinton
966,Design Engineer,Gil_Connor5696@zorer.org,Gil Connor
967,Webmaster,Shelby_Rogan8468@tonsy.org,Shelby Rogan
968,Production Painter,Peyton_Cartwright8590@nimogy.biz,Peyton Cartwright
969,Clerk,Lucas_Horton7018@deons.tech,Lucas Horton
970,Associate Professor,Ryan_Oswald540@dionrab.com,Ryan Oswald
971,Project Manager,Harry_Zaoui8288@bretoux.com,Harry Zaoui
972,Investment  Advisor,Martin_Dempsey3415@deavo.com,Martin Dempsey
973,Paramedic,Michael_Coleman9469@joiniaa.com,Michael Coleman
974,Restaurant Manager,Sabina_Connor4400@tonsy.org,Sabina Connor
975,Operator,Danny_Boden3676@zorer.org,Danny Boden
976,Assistant Buyer,Stella_Burnley1675@elnee.tech,Stella Burnley
977,Baker,Alan_Malone4661@nickia.com,Alan Malone
978,Production Painter,Michaela_Nicholls5973@hourpy.biz,Michaela Nicholls
979,Lecturer,Monica_Oatway3722@iatim.tech,Monica Oatway
980,HR Specialist,Gladys_Duvall9927@atink.com,Gladys Duvall
981,Software Engineer,Molly_Parsons2455@cispeto.com,Molly Parsons
982,Biologist,Harry_Turner7192@ubusive.com,Harry Turner
983,IT Support Staff,Denny_Smith7154@twipet.com,Denny Smith
984,Health Educator,Hope_Dunbar9763@qater.org,Hope Dunbar
985,HR Specialist,Percy_Anderson9555@qater.org,Percy Anderson
986,Investment  Advisor,Lynn_Tait8061@tonsy.org,Lynn Tait
987,Retail Trainee,Rylee_Neal2115@brety.org,Rylee Neal
988,IT Support Staff,Chris_Wilkinson9425@womeona.net,Chris Wilkinson
989,Steward,Ramon_Norris2658@typill.biz,Ramon Norris
990,Staffing Consultant,Rufus_Fox2332@cispeto.com,Rufus Fox
991,Systems Administrator,Leah_Chapman7048@tonsy.org,Leah Chapman
992,Inspector,Ruby_Gordon294@bulaffy.com,Ruby Gordon
993,HR Specialist,Irene_Wilde303@irrepsy.com,Irene Wilde
994,Operator,Hayden_Osmond6131@sheye.org,Hayden Osmond
995,Health Educator,Enoch_Williams9141@guentu.biz,Enoch Williams
996,Designer,Daron_Knight5780@bauros.biz,Daron Knight
997,Baker,Maribel_Owen3437@nanoff.biz,Maribel Owen
998,Operator,Johnny_Zaoui9446@gmail.com,Johnny Zaoui
999,Treasurer,Shay_Baker2066@corti.com,Shay Baker
1000,Loan Officer,Crystal_Johnson2919@womeona.net,Crystal Johnson

